domain,problem,heuristic,algorithm,coverage,secs (mean),secs (95% CI),Q-values (mean),Q-values (95% CI),H-calls (mean),H-calls (95% CI),# states in part. SSP (mean),# states in part. SSP (95% CI),# actions in part. SSP (mean),# actions in part. SSP (95% CI),notes
(TriTW),intermediate-triangle-tireworld-tire6-start10,ROC,CG-iLAO*-tied,0,,,,,,,,,,,
(TriTW),intermediate-triangle-tireworld-tire6-start8,ROC,CG-iLAO*-tied,5,399.527175,10.295538759093604,32067618.0,2114898.12621068,907376.4,7324.266947408184,740561.2,3735.572088243513,778472.6,3943.1820803528713,
(TriTW),intermediate-triangle-tireworld-tire6-start9,ROC,CG-iLAO*-tied,5,949.9370868,40.60413772101234,80591791.4,5432330.192726877,1871055.8,13490.95448263554,1532452.4,8415.675844342864,1610219.6,8726.348235403855,
(BW),blocksworld-ippc04-p01,ROC,CG-iLAO*-tied,5,0.2114307999999999,0.0111207912734258,4367.0,392.4089366974202,393.0,9.003208317038988,137.8,3.1237259802998083,232.2,4.856688583798635,
(BW),blocksworld-ippc04-p02,ROC,CG-iLAO*-tied,5,0.1861126,0.0147078641421443,2918.6,233.9115274115408,279.8,11.007454928365592,99.2,5.990037061654961,181.2,12.8883972626545,
(BW),blocksworld-ippc04-p03,ROC,CG-iLAO*-tied,5,0.1501084,0.0178657425139739,487.0,151.6601848871351,109.8,32.91633126580178,32.6,9.14293257111743,46.6,13.054247431391822,
(BW),blocksworld-ippc04-p04,ROC,CG-iLAO*-tied,5,0.2443963999999999,0.0228133876695333,7401.0,148.87099972795238,514.4,10.043924332650064,198.0,4.880360642411583,394.2,6.912995298710971,
(BW),blocksworld-ippc04-p05,ROC,CG-iLAO*-tied,5,0.1572998,0.0109256974874277,2018.0,97.5166480145826,235.4,21.395444748824456,75.2,7.422165721674503,126.6,7.453156109997965,
(BW),blocksworld-ippc04-p06,ROC,CG-iLAO*-tied,5,67.4895028,1.3432740822750764,834367.4,8793.900758854172,72777.0,1371.3618716006365,15711.2,304.769222960587,44364.2,737.8017458802872,
(BW),blocksworld-ippc04-p07,ROC,CG-iLAO*-tied,0,,,,,,,,,,,
(BW),blocksworld-ippc04-p08,ROC,CG-iLAO*-tied,5,17.809034,1.2864140770618202,266252.6,7365.794469786406,18036.2,660.9759352230609,3409.4,133.9306881039592,10573.4,492.9349733342116,
(BW),blocksworld-ippc04-p09,ROC,CG-iLAO*-tied,5,14.3540856,1.22268827546958,173776.6,4398.9471502822125,14135.8,223.2012338317152,2500.6,55.90846318760693,7819.2,177.86975702462743,
(BW),blocksworld-ippc04-p10,ROC,CG-iLAO*-tied,5,170.8549274,9.890798727258518,2250460.0,21533.972068937022,177123.0,1195.6885180346928,38196.6,187.4446694254067,107484.8,618.5790430850369,
(BW),blocksworld-ippc08-p01-c0-C0-g1-n5,ROC,CG-iLAO*-tied,5,0.162532,0.0102067835278387,1787.4,120.50828525873231,168.4,11.18402861226669,86.8,7.158697088157872,154.0,12.03446384347886,
(BW),blocksworld-ippc08-p02-c1-C1-g20-n5,ROC,CG-iLAO*-tied,5,0.16323,0.0133989457726792,1787.4,120.50828525873231,168.4,11.18402861226669,86.8,7.158697088157872,154.0,12.03446384347886,
(BW),blocksworld-ippc08-p03-c1-C2-g40-n5,ROC,CG-iLAO*-tied,5,0.1522511999999999,0.0138541201761636,1787.4,120.50828525873231,168.4,11.18402861226669,86.8,7.158697088157872,154.0,12.03446384347886,
(BW),blocksworld-ippc08-p04-c2-C1-g0-n5,ROC,CG-iLAO*-tied,5,0.1543787999999999,0.0108519330354542,1787.4,120.50828525873231,168.4,11.18402861226669,86.8,7.158697088157872,154.0,12.03446384347886,
(BW),blocksworld-ippc08-p05-c0-C0-g1-n10,ROC,CG-iLAO*-tied,5,361.1252732,19.361307633032343,6615752.2,53700.46044310815,369390.8,3852.335120674731,116806.4,1400.7347579095765,350164.0,3498.5057320633327,
(BW),blocksworld-ippc08-p06-c1-C1-g20-n10,ROC,CG-iLAO*-tied,5,354.756321,18.049763308557324,6615752.2,53700.46044310815,369390.8,3852.335120674731,116806.4,1400.7347579095765,350164.0,3498.5057320633327,
(BW),blocksworld-ippc08-p07-c1-C2-g0-n10,ROC,CG-iLAO*-tied,5,359.8649534,24.28213087464136,6615752.2,53700.46044310815,369390.8,3852.335120674731,116806.4,1400.7347579095765,350164.0,3498.5057320633327,
(BW),blocksworld-ippc08-p08-c3-C2-g0-n10,ROC,CG-iLAO*-tied,5,358.57820580000003,9.034310778329168,6615752.2,53700.46044310815,369390.8,3852.335120674731,116806.4,1400.7347579095765,350164.0,3498.5057320633327,
(BW),blocksworld-ippc08-p09-c0-C0-g1-n14,ROC,CG-iLAO*-tied,5,320.9850524,36.52803024973655,708942.0,26833.536554015387,84536.0,4913.711869159606,12961.0,776.0429356163227,42333.4,2215.2388404178905,
(BW),blocksworld-ippc08-p10-c1-C1-g20-n14,ROC,CG-iLAO*-tied,5,338.0757536,30.507517186975463,708942.0,26833.536554015387,84536.0,4913.711869159606,12961.0,776.0429356163227,42333.4,2215.2388404178905,
(BW),blocksworld-ippc08-p11-c1-C2-g0-n14,ROC,CG-iLAO*-tied,5,352.6168966,17.842397117239962,708942.0,26833.536554015387,84536.0,4913.711869159606,12961.0,776.0429356163227,42333.4,2215.2388404178905,
(BW),blocksworld-ippc08-p12-c3-C2-g0-n14,ROC,CG-iLAO*-tied,5,297.5006066,40.86078706549808,708942.0,26833.536554015387,84536.0,4913.711869159606,12961.0,776.0429356163227,42333.4,2215.2388404178905,
(Elev),elevators-ippc04-p01,ROC,CG-iLAO*-tied,5,0.164573,0.0149401199599735,31045.8,1929.27583949626,769.8,18.660188209125867,644.6,26.83554240182225,1661.8,75.42155384238647,
(Elev),elevators-ippc04-p02,ROC,CG-iLAO*-tied,5,0.068401,0.013116730562612,1548.6,77.56896554679584,102.8,1.1428665713896788,62.0,0.8765386471799175,157.6,5.529840504029026,
(Elev),elevators-ippc04-p03,ROC,CG-iLAO*-tied,5,0.1646674,0.0130707245765525,34883.2,2192.742359271604,748.8,11.91254397683383,645.2,23.87180227800155,1682.8,64.50276322763234,
(Elev),elevators-ippc04-p04,ROC,CG-iLAO*-tied,5,0.1413374,0.0136417552868747,20669.2,145.34612558991722,580.0,17.17657940336201,444.8,8.663998153277735,1129.2,24.254950505000004,
(Elev),elevators-ippc04-p05,ROC,CG-iLAO*-tied,5,0.1173118,0.0142223113257523,12811.6,236.09873954767315,499.6,6.247451960599617,345.8,6.393326520677634,899.0,16.433638671943594,
(Elev),elevators-ippc04-p06,ROC,CG-iLAO*-tied,5,1.1236834,0.0190921092245926,323645.2,23716.88374429457,5917.6,66.29205635670083,4466.2,79.38943647614587,12008.6,164.85988649759526,
(Elev),elevators-ippc04-p07,ROC,CG-iLAO*-tied,5,1.1785144,0.0571710381691662,359673.2,7710.797819737202,6041.2,285.92524069063927,4773.0,264.10372719823545,12847.8,635.4389524604231,
(Elev),elevators-ippc04-p08,ROC,CG-iLAO*-tied,5,3.5398648,0.0685637736931209,1847702.0,22427.295173868824,14411.6,9.309484196237726,13963.0,8.338642575383597,42295.8,258.2752024953228,
(Elev),elevators-ippc04-p09,ROC,CG-iLAO*-tied,5,2.7606218,0.0796680531848368,1212947.0,21447.02092767944,12027.0,47.99399295745249,11145.6,39.45689820551027,32095.4,250.13439830619052,
(Elev),elevators-ippc04-p10,ROC,CG-iLAO*-tied,5,5.492654,0.2456487400983306,4482997.0,74305.33480464938,14609.8,20.001605535556383,14401.2,35.41801891692983,46390.2,261.7458001649692,
(Elev),elevators-ippc04-p11,ROC,CG-iLAO*-tied,5,324.4971502,30.90140063173637,181799590.8,2298601.0219547646,515098.2,332.5990062282207,498527.2,535.0277307803774,2033281.0,3982.881175872562,
(Elev),elevators-ippc04-p12,ROC,CG-iLAO*-tied,5,74.9571658,2.127477442221772,35569589.0,539233.5887514239,248984.0,1919.3300375287204,204073.8,1985.3769086760328,745731.8,8616.214381357046,
(Elev),elevators-ippc04-p13,ROC,CG-iLAO*-tied,5,1471.33272,112.9086217896218,1142941566.4,10195360.677145464,529792.0,243.28645568547373,526288.2,224.52602037180452,2473354.6,8190.714599375074,
(Elev),elevators-ippc04-p14,ROC,CG-iLAO*-tied,5,163.5152904,5.50956835773929,84851258.0,1605036.7809812473,461489.4,1819.3726367338825,434394.0,1970.4309994313428,1563834.4,12824.078016260506,
(Elev),elevators-ippc04-p15,ROC,CG-iLAO*-tied,5,407.7862526,23.72342102022345,233426578.0,1388637.191340405,524432.2,198.00695680707784,511935.0,242.82256402566875,2236293.2,8866.48669431946,
(ExBW),exploding-blocksworld-ippc04-fixed-p01,ROC,CG-iLAO*-tied,5,0.083447,0.0158386526495557,97.0,0.0,56.0,0.0,15.0,0.0,16.0,0.0,
(ExBW),exploding-blocksworld-ippc04-fixed-p02,ROC,CG-iLAO*-tied,5,0.0750755999999999,0.0146377969658038,75.6,10.08209978129556,37.0,2.400499947927514,9.2,0.960199979171006,12.4,1.9203999583420115,
(ExBW),exploding-blocksworld-ippc04-fixed-p03,ROC,CG-iLAO*-tied,5,0.085409,0.0065196938979556,156.2,10.562199770881064,86.8,6.241299864611537,18.2,0.960199979171006,22.2,0.960199979171006,
(ExBW),exploding-blocksworld-ippc04-fixed-p04,ROC,CG-iLAO*-tied,5,0.178017,0.0195695630078793,35783.0,3310.713506759532,662.2,25.968335795734003,238.6,5.700871512321602,299.4,4.704,
(ExBW),exploding-blocksworld-ippc04-fixed-p05,ROC,CG-iLAO*-tied,5,0.0733616,0.0156243527931065,0.0,0.0,0.0,0.0,,,,,trivial (s0 in G)
(ExBW),exploding-blocksworld-ippc04-fixed-p06,ROC,CG-iLAO*-tied,5,0.5600716,0.0185726585679211,62961.2,400.38746441915487,1606.0,101.2164950983781,390.8,24.459983319699955,553.4,42.92176249876047,
(ExBW),exploding-blocksworld-ippc04-fixed-p07,ROC,CG-iLAO*-tied,5,10.9684366,0.2858462187460393,453426.4,8530.463702524969,42015.0,836.5740596504291,8067.6,269.0692397432304,14881.8,814.0940634005384,
(ExBW),exploding-blocksworld-ippc04-fixed-p08,ROC,CG-iLAO*-tied,5,0.8964040000000001,0.0234030392483882,4701.0,141.62949692772335,2757.8,92.17919800041656,350.4,7.681599833368045,682.6,30.72639933347218,
(ExBW),exploding-blocksworld-ippc04-fixed-p09,ROC,CG-iLAO*-tied,5,41.1341594,0.9094127182396156,3535519.4,25469.36558439287,170916.8,1309.6873994904277,36936.4,76.47667837975182,72130.6,215.06086044652568,
(ExBW),exploding-blocksworld-ippc04-fixed-p10,ROC,CG-iLAO*-tied,5,239.8985126,6.110971118379507,27692105.8,291621.35458654806,740227.2,4308.281764702025,186133.0,1002.8898842046416,329151.0,1139.5304140916992,
(ExBW),exploding-blocksworld-ippc08-fixed-p01-n2-N5-s1,ROC,CG-iLAO*-tied,5,0.10597,0.0154430226528099,668.6,1.4667296956153848,183.8,1.900290504107201,52.0,0.0,64.2,0.3919999999999999,
(ExBW),exploding-blocksworld-ippc08-fixed-p02-n3-N5-s2,ROC,CG-iLAO*-tied,5,0.1693354,0.0185260386592475,17052.6,415.7827603160092,755.0,27.697789081441137,313.6,5.459928204656174,277.8,3.4731288487471925,
(ExBW),exploding-blocksworld-ippc08-fixed-p03-n3-N6-s3,ROC,CG-iLAO*-tied,5,0.1757873999999999,0.0221143280344941,19303.0,298.2685986824628,649.0,16.126881905687778,173.2,2.092707337398137,300.4,5.207849460189877,
(ExBW),exploding-blocksworld-ippc08-fixed-p04-n4-N6-s4,ROC,CG-iLAO*-tied,5,0.3169868,0.019891828997127,27307.8,167.92911237781254,1447.2,11.635204510450167,492.8,5.522889099013304,629.4,5.317346706770209,
(ExBW),exploding-blocksworld-ippc08-fixed-p05-n5-N7-s5,ROC,CG-iLAO*-tied,5,0.1020248,0.0082138028098307,213.0,13.72,78.2,1.5679999999999998,22.6,0.7839999999999999,29.6,0.7839999999999999,
(ExBW),exploding-blocksworld-ippc08-fixed-p06-n6-N8-s6,ROC,CG-iLAO*-tied,5,0.334665,0.0189238328561081,37765.4,684.9005669847265,1110.4,24.45370025170015,300.4,4.621611840040225,432.8,13.795392854137932,
(ExBW),exploding-blocksworld-ippc08-fixed-p07-n7-N9-s7,ROC,CG-iLAO*-tied,5,0.4227489999999999,0.0595351227136183,3146.0,531.8823943692817,1435.2,237.2987792298983,204.2,32.363155346782854,357.0,91.22110369865077,
(ExBW),exploding-blocksworld-ippc08-fixed-p08-n8-N10-s8,ROC,CG-iLAO*-tied,5,50.702302200000005,4.080980907965551,8422465.6,74951.19078355843,161026.0,4645.600459531576,35815.8,698.0279069951287,65278.6,746.117347617652,
(ExBW),exploding-blocksworld-ippc08-fixed-p09-n9-N11-s9,ROC,CG-iLAO*-tied,5,5.5589948,0.1682693410298616,457411.2,9374.213395287306,21911.8,486.5608315349685,4534.0,66.18011906909808,9018.2,125.5049082068108,
(ExBW),exploding-blocksworld-ippc08-fixed-p10-n10-N12-s10,ROC,CG-iLAO*-tied,5,165.46656439999998,13.658229410259734,79741184.2,2529560.714277644,215056.6,3459.9552295508097,54665.6,737.2637374074488,88929.4,1235.4874575227382,
(ExBW),exploding-blocksworld-ippc08-fixed-p11-n11-N13-s11,ROC,CG-iLAO*-tied,5,386.4933514,14.233557744174778,10930607.6,90184.96624578851,1440507.8,13834.113070466932,289615.4,2774.4169773586664,539781.8,2778.0916791034806,
(Rand),random-ippc04-p03-problem,ROC,CG-iLAO*-tied,5,0.2760906,0.0299091928836512,611.6,109.79779349331206,381.0,58.62988725897398,10.8,1.900290504107201,23.2,5.2004676712772655,
(Rand),random-ippc04-p04-problem,ROC,CG-iLAO*-tied,5,0.4929777999999999,0.0300097852077762,647.0,0.0,225.2,6.658232798573507,2.0,0.0,60.0,0.0,
(Rand),random-ippc04-p05-problem,ROC,CG-iLAO*-tied,5,13.2875008,4.105339272139416,9821.6,4867.046276510631,3924.4,1781.3935922013416,19.2,9.448745101864056,96.0,30.078178136316694,
(Rand),random-ippc04-p06-problem,ROC,CG-iLAO*-tied,5,1.4944714,0.0635528729719254,2435.6,48.21998357527717,608.6,52.31988623840842,16.0,0.0,120.8,3.635258450234316,
(Rand),random-ippc04-p07-problem,ROC,CG-iLAO*-tied,5,0.6418372,0.2786150385453257,1276.6,1226.9779404439184,718.6,590.0572105957184,7.8,4.973922395856212,40.4,30.888505564368117,
(Rand),random-ippc04-p08-problem,ROC,CG-iLAO*-tied,0,,,,,,,,,,,
(Rand),random-ippc04-p09-problem,ROC,CG-iLAO*-tied,5,5.751868,1.7862598545948392,5847.4,2111.161264578336,2408.8,590.3555790064154,3.6,0.7839999999999999,506.4,33.24844080554756,
(Rand),random-ippc04-p10-problem,ROC,CG-iLAO*-tied,1,1577.206642,,11125689.0,,1538546.0,,7495.0,,633889.0,,
(Rand),random-ippc04-p13-problem,ROC,CG-iLAO*-tied,5,61.118852,9.87912110981812,93693.8,21664.892244622493,20030.2,4043.4482389445766,25.2,5.126065157603831,7634.2,1620.667621464685,
(RectTW),rectangle-tireworld-ippc08-unit-cost-p01-x5-y5-h2-v2-u0-s1,ROC,CG-iLAO*-tied,5,0.1883986,0.0181170004823518,1318.8,41.76869909393876,48.0,0.0,24.0,0.0,41.2,0.9601999791710056,
(RectTW),rectangle-tireworld-ippc08-unit-cost-p02-x5-y5-h2-v3-u15-s2,ROC,CG-iLAO*-tied,5,0.1828906,0.0106229520245596,234.8,15.363199666736094,34.0,0.0,11.0,0.0,8.0,0.0,unsolveable
(RectTW),rectangle-tireworld-ippc08-unit-cost-p03-x7-y7-h4-v3-u0-s3,ROC,CG-iLAO*-tied,5,0.4947022,0.0060719794178886,3307.0,81.75573276535414,95.8,0.3919999999999999,47.8,0.3919999999999999,91.0,2.055665342413497,
(RectTW),rectangle-tireworld-ippc08-unit-cost-p04-x7-y7-h3-v4-u20-s4,ROC,CG-iLAO*-tied,5,0.4439108,0.0070606618825081,3.0,0.0,5.0,0.0,1.0,0.0,0.0,0.0,unsolveable
(RectTW),rectangle-tireworld-ippc08-unit-cost-p05-x9-y9-h3-v5-u30-s5,ROC,CG-iLAO*-tied,5,1.0971864,0.0202232549595503,3.0,0.0,5.0,0.0,1.0,0.0,0.0,0.0,unsolveable
(RectTW),rectangle-tireworld-ippc08-unit-cost-p06-x11-y11-h4-v3-u40-s6,ROC,CG-iLAO*-tied,5,4.6446426,0.4598687115949814,19526.8,570.9690260460719,240.0,0.0,115.0,0.0,205.2,3.184623054617296,
(RectTW),rectangle-tireworld-ippc08-unit-cost-p07-x11-y11-h3-v5-u80-s7,ROC,CG-iLAO*-tied,5,2.8975038,0.4456517954530865,3.0,0.0,5.0,0.0,1.0,0.0,0.0,0.0,unsolveable
(RectTW),rectangle-tireworld-ippc08-unit-cost-p08-x11-y11-h6-v7-u80-s8,ROC,CG-iLAO*-tied,5,2.6217396,0.0509646147226242,3.0,0.0,5.0,0.0,1.0,0.0,0.0,0.0,unsolveable
(RectTW),rectangle-tireworld-ippc08-unit-cost-p09-x15-y15-h4-v4-u60-s9,ROC,CG-iLAO*-tied,5,30.0525856,6.359799620728053,56818.2,893.5432131822165,449.0,0.0,223.8,0.3919999999999999,402.8,7.87422529522746,
(RectTW),rectangle-tireworld-ippc08-unit-cost-p10-x15-y15-h10-v10-u150-s10,ROC,CG-iLAO*-tied,5,14.083505,0.9463770980710504,285631.4,8.534444094374276,244.0,0.0,24.0,0.0,27.2,0.7333648478076924,unsolveable
(RectTW),rectangle-tireworld-ippc08-unit-cost-p11-x20-y20-h5-v5-u80-s11,ROC,CG-iLAO*-tied,5,184.1796296,20.180278710021184,143980.2,886.9660311330981,793.0,0.0,392.0,0.0,741.4,4.185414674796274,
(RectTW),rectangle-tireworld-ippc08-unit-cost-p12-x20-y20-h15-v15-u300-s12,ROC,CG-iLAO*-tied,5,225.4644048,39.3002353724377,41169335.8,444166.8793633118,774.0,0.0,436.2,0.7333648478076924,574.4,5.93203641256525,unsolveable
(RectTW),rectangle-tireworld-ippc08-unit-cost-p14-x30-y30-h25-v20-u700-s14,ROC,CG-iLAO*-tied,0,,,,,,,,,,,unsolveable
(Sched),schedule-ippc04-p01,ROC,CG-iLAO*-tied,5,0.0571214,0.0086507470585202,810.0,0.0,36.0,0.0,20.0,0.0,28.0,0.0,
(Sched),schedule-ippc04-p02,ROC,CG-iLAO*-tied,5,0.0555916,0.0064867907715245,1174.0,0.0,36.0,0.0,20.0,0.0,28.0,0.0,
(Sched),schedule-ippc04-p03,ROC,CG-iLAO*-tied,5,0.0861976,0.0058176294810116,2500.0,0.0,50.0,0.0,25.0,0.0,40.0,0.0,
(Sched),schedule-ippc04-p04,ROC,CG-iLAO*-tied,5,25.4694172,0.2652838926081736,17655926.0,235925.65328599804,69200.6,296.91030742633365,38186.0,178.0010233678447,79740.0,354.0190826495092,
(Sched),schedule-ippc04-p05,ROC,CG-iLAO*-tied,5,1086.1250552,17.515206599875388,431646393.6,320346.1478236636,1557174.2,3830.938776465111,727014.4,1089.264529091074,1890630.0,3374.254449990397,
(Sched),schedule-ippc08-p01,ROC,CG-iLAO*-tied,5,0.0760376,0.0070879819745888,1100.0,0.0,50.0,0.0,25.0,0.0,40.0,0.0,
(Sched),schedule-ippc08-p02,ROC,CG-iLAO*-tied,5,0.0762794,0.0121404205344665,1500.0,0.0,50.0,0.0,25.0,0.0,40.0,0.0,
(Sched),schedule-ippc08-p03,ROC,CG-iLAO*-tied,5,0.0920514,0.0184199398359,3027.0,0.0,66.0,0.0,30.0,0.0,54.0,0.0,
(Sched),schedule-ippc08-p04,ROC,CG-iLAO*-tied,5,924.0771854,49.79225066420816,389615432.4,2072142.1194254104,1515714.8,5292.068831848656,754921.2,694.1160614652279,1937458.4,4175.762893088639,
(S&R),search-and-rescue-ippc08-strips-p01-z4,ROC,CG-iLAO*-tied,5,0.3245228,0.0068644546248674,404474.0,1793.229161261884,1076.0,0.0,805.8,0.960199979171006,1945.4,8.601698436936742,
(S&R),search-and-rescue-ippc08-strips-p02-z5,ROC,CG-iLAO*-tied,5,1.1897856,0.0177381144549677,1787520.6,9068.865622227291,3906.0,0.0,2866.6,13.258643067825606,8494.2,14.314710755024006,
(S&R),search-and-rescue-ippc08-strips-p03-z6,ROC,CG-iLAO*-tied,5,4.985079600000001,0.3194354102789931,7423072.8,15047.962200353371,13724.0,0.0,9909.8,8.46211699280978,35309.4,32.39993234560838,
(S&R),search-and-rescue-ippc08-strips-p04-z8,ROC,CG-iLAO*-tied,5,89.1661344,3.475912676931826,114677431.8,113530.49072799248,159140.0,0.0,113810.2,16.75083472546965,527263.2,203.26003262815837,
(S&R),search-and-rescue-ippc08-strips-p05-z10,ROC,CG-iLAO*-tied,0,,,,,,,,,,,
(Sys),sysadmin-ippc08-unit-cost-p01,ROC,CG-iLAO*-tied,5,0.134212,0.0164940709748248,18902.0,212.79408675994733,442.0,0.0,428.6,0.4800999895855029,476.6,0.4800999895855029,
(Sys),sysadmin-ippc08-unit-cost-p02,ROC,CG-iLAO*-tied,5,0.4285596,0.0148063713440267,117358.0,2876.2638382735336,1564.0,0.0,1541.0,0.0,1725.0,0.0,
(Sys),sysadmin-ippc08-unit-cost-p03,ROC,CG-iLAO*-tied,5,1.3794618,0.0550038875434141,412520.4,7111.062885961282,4705.0,0.0,4676.0,0.0,5231.0,0.0,
(Sys),sysadmin-ippc08-unit-cost-p04,ROC,CG-iLAO*-tied,5,15.9399446,3.7740495992397154,5121238.4,54430.95829910416,33071.0,0.0,33016.0,0.6198064213930023,37041.0,0.6198064213930023,
(TriTW),triangle-tireworld-ippc08-p01,ROC,CG-iLAO*-tied,5,0.0460224,0.0056263747368492,213.0,0.0,35.0,0.0,24.0,0.0,24.0,0.0,
(TriTW),triangle-tireworld-ippc08-p02,ROC,CG-iLAO*-tied,5,0.092538,0.0071135364437219,2834.8,63.37622948708766,342.0,4.294144850840502,229.6,1.4667296956153848,241.2,0.3919999999999999,
(TriTW),triangle-tireworld-ippc08-p03,ROC,CG-iLAO*-tied,5,0.8212146,0.0484617934887029,67010.2,873.1628195840682,3916.4,22.895954577173672,2688.2,15.93999447929641,2908.8,17.3146892550805,
(TriTW),triangle-tireworld-ippc08-p04,ROC,CG-iLAO*-tied,5,12.151601,0.4587713250882613,1715665.2,131927.0006326186,43544.2,364.45007590066433,31607.6,208.50162727422537,34057.4,211.8057293276081,
(TriTW),triangle-tireworld-ippc08-p05,ROC,CG-iLAO*-tied,5,294.334203,5.232828987591856,37932035.0,731787.0957373829,590425.6,3590.683656366291,464508.2,3498.1505656423647,491763.4,3130.4044509449573,
(Zeno),zenotravel-ippc04-unit-cost_NO_FORALLS-p01-problem,ROC,CG-iLAO*-tied,5,0.1698756,0.0143761259661181,0.0,0.0,0.0,0.0,,,,,trivial (s0 in G)
(Zeno),zenotravel-ippc04-unit-cost_NO_FORALLS-p02-problem,ROC,CG-iLAO*-tied,5,135.1299996,5.076389508854737,38273403.2,59211.72454323876,362710.2,911.5111441907884,238447.0,424.5393480939075,575602.0,1609.223024344357,
(Zeno),zenotravel-ippc04-unit-cost_NO_FORALLS-p03-problem,ROC,CG-iLAO*-tied,5,1415.9748346,55.07747655276147,491318077.0,445133.20946630347,2071632.6,1883.4431917995291,1673544.4,1322.8482147003865,4996809.6,7366.286896977065,
(Zeno),zenotravel-ippc04-unit-cost_NO_FORALLS-p04-problem,ROC,CG-iLAO*-tied,5,158.591835,5.855670984528131,37429466.0,52038.80979482909,391380.0,1434.1559874992674,210282.8,693.9447468956012,604482.0,2532.085684205809,
(Zeno),zenotravel-ippc04-unit-cost_NO_FORALLS-p05-problem,ROC,CG-iLAO*-tied,5,523.5389182,14.499891537448391,147085182.8,230789.4494818674,930024.0,1029.1778779589074,603430.4,520.7235694454399,1684965.6,4430.323519141238,
(Zeno),zenotravel-ippc08-unit-cost_NO_FORALLS-p01-c4-p2-a2-s3846-problem,ROC,CG-iLAO*-tied,5,5.7600986,0.2154818722207725,1664872.2,4717.28451301212,25355.6,172.06254937086106,15014.8,82.86281037956654,34200.2,202.40585106167265,
(Zeno),zenotravel-ippc08-unit-cost_NO_FORALLS-p02-c5-p2-a2-s17462-problem,ROC,CG-iLAO*-tied,5,3.7561502,0.1190432405562277,881359.0,9147.801167974738,15469.2,118.52799190064766,8582.8,44.25608821393955,22359.0,202.99109773583663,
(Zeno),zenotravel-ippc08-unit-cost_NO_FORALLS-p04-c6-p2-a2-s12861-problem,ROC,CG-iLAO*-tied,5,62.1692652,1.1782269588255132,17367421.0,42404.73200423179,209995.2,515.7487405937119,116336.6,345.247532440132,290111.0,1272.4902069249883,
(Coresec),coresec-icaps16-bigger-p01-problem,ROC,CG-iLAO*-tied,5,0.7102350000000001,0.0076208528849099,100919.0,681.3214862896957,8686.4,24.959043571419155,4099.0,8.874277435374667,8094.2,26.927004735023907,
(Coresec),coresec-icaps16-bigger-p02-problem,ROC,CG-iLAO*-tied,5,2.0891664,0.0631590298837132,331104.8,3832.697504711792,25223.0,51.29061980518465,11269.6,43.64951243713954,23877.0,154.3554443484259,
(Coresec),coresec-icaps16-bigger-p03-problem,ROC,CG-iLAO*-tied,5,5.854964,0.0574238191209856,1161147.4,8618.995750546348,62254.8,64.12346016864655,35381.8,118.1432983456954,71492.0,295.77172819591794,
(Coresec),coresec-icaps16-bigger-p04-problem,ROC,CG-iLAO*-tied,5,16.1815108,0.3551826310368597,3024354.4,11992.027352454465,167993.2,83.90173719298069,82206.2,107.91468808276286,171150.2,313.30181573683865,
(Coresec),coresec-icaps16-bigger-p05-problem,ROC,CG-iLAO*-tied,5,397.3520056,14.341871913371197,67262532.4,60627.54990085032,2758691.2,635.0395160491983,1241282.6,693.753234122912,3002167.0,2460.3080638651736,
(Coresec),coresec-icaps16-bigger-p06-problem,ROC,CG-iLAO*-tied,0,,,,,,,,,,,
(Coresec),coresec-icaps16-bigger-p07-problem,ROC,CG-iLAO*-tied,0,,,,,,,,,,,
(PARC-N),no-repair-parc_NOREPAIR_s4_c1_fN.N_uN-facts,ROC,CG-iLAO*-tied,5,9.3021558,0.3481123686000645,1027458.6,9954.390077408862,32404.4,1318.0562963758416,8800.4,322.673746958131,23986.8,1117.4814824344965,
(PARC-N),no-repair-parc_NOREPAIR_s4_c2_fN.N_uN-facts,ROC,CG-iLAO*-tied,5,13.9547878,0.2554774782819008,1678674.6,36774.521185752725,43074.0,1817.829047671975,11466.8,375.75832667287625,31492.0,1053.6463061198476,
(PARC-N),no-repair-parc_NOREPAIR_s4_c3_fN.N_uN-facts,ROC,CG-iLAO*-tied,5,19.1763354,0.7829666257720652,2902424.8,82825.21062092377,56485.0,3103.9409907535287,14009.0,659.4932554014483,38532.0,1928.2118000261275,
(PARC-N),no-repair-parc_NOREPAIR_s5_c1_fN.N_uN-facts,ROC,CG-iLAO*-tied,5,104.8674972,3.850860568220342,12478850.4,325094.400639882,315244.8,13782.673360728824,66892.4,2766.7288492398384,217448.8,11037.364367256523,
(PARC-N),no-repair-parc_NOREPAIR_s5_c2_fN.N_uN-facts,ROC,CG-iLAO*-tied,5,161.0214734,8.653520305533851,20373467.2,406660.01395563706,419997.8,23626.561496300383,87993.2,5275.76842629621,289684.2,20377.97067033869,
(PARC-N),no-repair-parc_NOREPAIR_s5_c3_fN.N_uN-facts,ROC,CG-iLAO*-tied,5,218.7692886,12.86705063070836,36113289.6,1005796.870239673,536277.2,40775.9966301164,105490.4,8725.09333568507,353240.0,34215.10672681761,
(PARC-R),with-repair-parc_REPAIR_s4_c1_fN.N_uN-facts,ROC,CG-iLAO*-tied,5,33.6047508,2.0219127219652733,6146038.8,49923.92641636977,95116.2,1207.259991312559,24523.4,304.3152327702312,81872.0,895.4504058182116,
(PARC-R),with-repair-parc_REPAIR_s4_c2_fN.N_uN-facts,ROC,CG-iLAO*-tied,5,84.42061659999999,1.3763464690138332,14664077.2,69169.89423087635,208689.2,651.8791459035946,55876.8,191.53161719152277,182106.4,719.5268116866806,
(PARC-R),with-repair-parc_REPAIR_s4_c3_fN.N_uN-facts,ROC,CG-iLAO*-tied,5,119.3449368,4.327849806742917,21937075.8,56255.45600690819,281829.6,493.9816739272824,70354.6,155.53510811389174,220749.2,963.9164423869944,
(PARC-R),with-repair-parc_REPAIR_s5_c1_fN.N_uN-facts,ROC,CG-iLAO*-tied,5,498.760037,107.48878827871292,62262222.0,641697.7615572752,1052854.8,5016.387693077958,219892.4,821.4363507515357,822503.6,3135.6458692550086,
(PARC-R),with-repair-parc_REPAIR_s5_c2_fN.N_uN-facts,ROC,CG-iLAO*-tied,5,1227.0084514,23.221362168936377,159572730.0,498442.0931973263,2297980.6,3160.853272535124,493460.2,603.5028740146976,1768436.0,4682.411490076454,
(PARC-R),with-repair-parc_REPAIR_s5_c3_fN.N_uN-facts,ROC,CG-iLAO*-tied,0,,,,,,,,,,,
(TriTW),intermediate-triangle-tireworld-tire6-start10,LMCut,CG-iLAO*-tied,0,,,,,,,,,,,
(TriTW),intermediate-triangle-tireworld-tire6-start8,LMCut,CG-iLAO*-tied,5,1058.975937,20.54733898242819,91451917.4,2297345.0160954283,3210856.8,56636.57333221266,2284653.0,27858.846677936974,2779331.4,40731.32250979651,
(TriTW),intermediate-triangle-tireworld-tire6-start9,LMCut,CG-iLAO*-tied,0,,,,,,,,,,,
(BW),blocksworld-ippc04-p01,LMCut,CG-iLAO*-tied,5,1.856605,0.1739474224737937,44627.0,5123.925965476081,2476.4,263.49399070187536,993.4,99.32308460775874,1966.0,231.4850447005162,
(BW),blocksworld-ippc04-p02,LMCut,CG-iLAO*-tied,5,1.1663206,0.0143101539798933,30053.4,500.55099969533575,1559.4,20.655461650614345,629.6,7.349346637627048,1232.4,15.265367863238671,
(BW),blocksworld-ippc04-p03,LMCut,CG-iLAO*-tied,5,0.6087326,0.0263147818723898,10000.4,985.9962293315324,777.8,44.64929903145177,273.4,14.005430946600676,513.6,36.47706918051394,
(BW),blocksworld-ippc04-p04,LMCut,CG-iLAO*-tied,5,2.7661214000000003,0.1767713231187379,87013.0,11858.82305804754,3833.2,359.5675423394053,1670.4,165.7963061590939,3390.2,410.8790218835709,
(BW),blocksworld-ippc04-p05,LMCut,CG-iLAO*-tied,5,1.0235248,0.090276946575082,26831.8,3022.4918065304987,1426.2,146.87895282851116,568.4,60.81561325843882,1154.2,144.53774117509928,
(BW),blocksworld-ippc04-p06,LMCut,CG-iLAO*-tied,0,,,,,,,,,,,
(BW),blocksworld-ippc04-p07,LMCut,CG-iLAO*-tied,0,,,,,,,,,,,
(BW),blocksworld-ippc04-p08,LMCut,CG-iLAO*-tied,0,,,,,,,,,,,
(BW),blocksworld-ippc04-p09,LMCut,CG-iLAO*-tied,0,,,,,,,,,,,
(BW),blocksworld-ippc04-p10,LMCut,CG-iLAO*-tied,0,,,,,,,,,,,
(BW),blocksworld-ippc08-p01-c0-C0-g1-n5,LMCut,CG-iLAO*-tied,5,0.5854077999999999,0.0265072270674558,20517.2,2249.7405939138853,748.8,42.489075113492405,543.0,52.273607872424485,918.0,84.87501587628718,
(BW),blocksworld-ippc08-p02-c1-C1-g20-n5,LMCut,CG-iLAO*-tied,5,0.589456,0.0271731276762201,20517.2,2249.7405939138853,748.8,42.489075113492405,543.0,52.273607872424485,918.0,84.87501587628718,
(BW),blocksworld-ippc08-p03-c1-C2-g40-n5,LMCut,CG-iLAO*-tied,5,0.6009716,0.0152976354470073,20517.2,2249.7405939138853,748.8,42.489075113492405,543.0,52.273607872424485,918.0,84.87501587628718,
(BW),blocksworld-ippc08-p04-c2-C1-g0-n5,LMCut,CG-iLAO*-tied,5,0.5901224,0.0265862449157713,20517.2,2249.7405939138853,748.8,42.489075113492405,543.0,52.273607872424485,918.0,84.87501587628718,
(BW),blocksworld-ippc08-p05-c0-C0-g1-n10,LMCut,CG-iLAO*-tied,0,,,,,,,,,,,
(BW),blocksworld-ippc08-p06-c1-C1-g20-n10,LMCut,CG-iLAO*-tied,0,,,,,,,,,,,
(BW),blocksworld-ippc08-p07-c1-C2-g0-n10,LMCut,CG-iLAO*-tied,0,,,,,,,,,,,
(BW),blocksworld-ippc08-p08-c3-C2-g0-n10,LMCut,CG-iLAO*-tied,0,,,,,,,,,,,
(BW),blocksworld-ippc08-p09-c0-C0-g1-n14,LMCut,CG-iLAO*-tied,0,,,,,,,,,,,
(BW),blocksworld-ippc08-p10-c1-C1-g20-n14,LMCut,CG-iLAO*-tied,0,,,,,,,,,,,
(BW),blocksworld-ippc08-p11-c1-C2-g0-n14,LMCut,CG-iLAO*-tied,0,,,,,,,,,,,
(BW),blocksworld-ippc08-p12-c3-C2-g0-n14,LMCut,CG-iLAO*-tied,0,,,,,,,,,,,
(Elev),elevators-ippc04-p01,LMCut,CG-iLAO*-tied,5,0.0260318,0.0087392472307346,918.4,206.20615920966085,124.2,31.32568122164305,43.8,7.87422529522746,86.0,15.606326922117198,
(Elev),elevators-ippc04-p02,LMCut,CG-iLAO*-tied,5,0.0118348,0.0037852275087746,77.0,0.0,34.0,0.0,8.0,0.0,9.0,0.0,
(Elev),elevators-ippc04-p03,LMCut,CG-iLAO*-tied,5,0.0296372,0.0119672866406877,1947.8,64.5920371562935,134.4,4.744657627268801,81.6,1.8176292251171575,148.6,3.800581008214402,
(Elev),elevators-ippc04-p04,LMCut,CG-iLAO*-tied,5,0.0207188,0.0052044733474717,2073.6,149.0716265960763,156.8,7.499401576125924,94.8,4.312,192.8,8.882931047801732,
(Elev),elevators-ippc04-p05,LMCut,CG-iLAO*-tied,5,0.012623,0.0051618201801612,435.2,32.96298141855497,73.0,3.1604050373330312,26.0,1.753077294359835,40.6,2.744,
(Elev),elevators-ippc04-p06,LMCut,CG-iLAO*-tied,5,0.2927088,0.0117345982327774,16946.0,504.01810634142896,706.8,19.740615593238218,365.4,8.142850606513665,853.8,29.69513199162448,
(Elev),elevators-ippc04-p07,LMCut,CG-iLAO*-tied,5,0.1772574,0.0346103358944985,5194.2,699.2543862601077,366.6,29.9219534121688,173.2,21.06794873735932,382.2,40.626407963294014,
(Elev),elevators-ippc04-p08,LMCut,CG-iLAO*-tied,5,3.8641802,0.140186366925111,587511.6,7926.934998906955,7382.2,24.26286842069585,5555.0,17.45390729894026,14458.4,89.80479595210937,
(Elev),elevators-ippc04-p09,LMCut,CG-iLAO*-tied,5,1.6475376000000002,0.0720694382608735,142109.6,3466.999152064505,3172.4,81.14636711523195,2218.0,47.579984026899375,5687.8,87.77955789362349,
(Elev),elevators-ippc04-p10,LMCut,CG-iLAO*-tied,5,7.7505158,0.2120802341781963,2700638.2,34166.259660001175,11977.0,26.95979821882945,10991.2,23.5314305557482,32665.2,184.656966464848,
(Elev),elevators-ippc04-p11,LMCut,CG-iLAO*-tied,5,627.7146326,19.269914695688318,109462027.0,1124108.6636823695,327596.0,1201.2300979912216,279638.2,1155.692755252883,1001749.8,4816.07391178167,
(Elev),elevators-ippc04-p12,LMCut,CG-iLAO*-tied,5,114.5325258,3.140477730010046,8066183.6,104691.1049907921,84641.4,381.9338498955022,61953.8,258.9050943956105,205580.4,1018.0943749260182,
(Elev),elevators-ippc04-p13,LMCut,CG-iLAO*-tied,0,,,,,,,,,,,
(Elev),elevators-ippc04-p14,LMCut,CG-iLAO*-tied,5,65.793636,1.425386232286388,2016666.4,25706.39664852497,38850.0,376.7153652295059,23336.6,305.31905897929136,62971.8,685.6870005942943,
(Elev),elevators-ippc04-p15,LMCut,CG-iLAO*-tied,5,907.3752492,16.79674806665179,121601687.2,487968.6935146087,480886.4,608.0264980541555,441271.8,717.4749667437881,1652518.0,6622.351693155536,
(ExBW),exploding-blocksworld-ippc04-fixed-p01,LMCut,CG-iLAO*-tied,5,0.0139352,0.0067960792356934,95.0,0.0,56.0,0.0,15.0,0.0,16.0,0.0,
(ExBW),exploding-blocksworld-ippc04-fixed-p02,LMCut,CG-iLAO*-tied,5,0.0055442,0.0051325328620228,34.0,0.0,22.0,0.0,6.0,0.0,6.0,0.0,
(ExBW),exploding-blocksworld-ippc04-fixed-p03,LMCut,CG-iLAO*-tied,5,0.0174872,0.0018174235043445,106.0,0.0,71.0,0.0,15.0,0.0,16.0,0.0,
(ExBW),exploding-blocksworld-ippc04-fixed-p04,LMCut,CG-iLAO*-tied,5,0.0743286,0.0048330279808103,28518.4,6923.0200310974105,566.2,21.09528250581157,209.6,3.997631298656744,255.8,5.990037061654961,
(ExBW),exploding-blocksworld-ippc04-fixed-p05,LMCut,CG-iLAO*-tied,5,0.0066846,0.0040276475176976,0.0,0.0,0.0,0.0,,,,,trivial (s0 in G)
(ExBW),exploding-blocksworld-ippc04-fixed-p06,LMCut,CG-iLAO*-tied,5,0.6351014,0.026407488774599,63653.8,48.179335653369066,1497.6,83.59945703172957,368.4,15.687348278150772,464.2,23.044799500104137,
(ExBW),exploding-blocksworld-ippc04-fixed-p07,LMCut,CG-iLAO*-tied,5,5.280301,0.1283893232064118,278105.4,363.010625872026,15543.0,678.4964021127894,2986.8,130.9632048477739,3670.6,179.1943867870866,
(ExBW),exploding-blocksworld-ippc04-fixed-p08,LMCut,CG-iLAO*-tied,5,0.4350412,0.0384243715048528,1995.0,146.737124954798,1211.4,95.94315116776184,163.2,7.995262597313487,253.0,30.965518887950196,
(ExBW),exploding-blocksworld-ippc04-fixed-p09,LMCut,CG-iLAO*-tied,5,64.2093412,1.142647301404583,3307187.6,26795.486289052787,154889.4,859.8322746768697,33189.6,184.08626351794965,60074.6,188.8016227048909,
(ExBW),exploding-blocksworld-ippc04-fixed-p10,LMCut,CG-iLAO*-tied,5,244.3085274,6.994813919886603,22305708.0,210093.89043857928,524563.8,4476.227874724877,138187.6,1221.3138248034368,225208.0,1940.028059302236,
(ExBW),exploding-blocksworld-ippc08-fixed-p01-n2-N5-s1,LMCut,CG-iLAO*-tied,5,0.0141904,0.0068125895465451,321.0,0.0,125.0,0.0,39.0,0.0,39.0,0.0,
(ExBW),exploding-blocksworld-ippc08-fixed-p02-n3-N5-s2,LMCut,CG-iLAO*-tied,5,0.0649706,0.0057801699872803,14938.8,27.603314003938003,725.8,22.230236705892267,301.6,3.428599714169036,260.6,3.428599714169036,
(ExBW),exploding-blocksworld-ippc08-fixed-p03-n3-N6-s3,LMCut,CG-iLAO*-tied,5,0.0940744,0.0041983920399048,21192.4,1545.6482951874918,624.4,25.917989428194463,163.4,6.123235745910816,271.8,7.473744978255546,
(ExBW),exploding-blocksworld-ippc08-fixed-p04-n4-N6-s4,LMCut,CG-iLAO*-tied,5,0.123997,0.0057037027138517,25137.8,57.57664721047936,1037.6,6.0601729348262,368.8,4.400189086846155,448.6,2.448039215372172,
(ExBW),exploding-blocksworld-ippc08-fixed-p05-n5-N7-s5,LMCut,CG-iLAO*-tied,5,0.0199384,0.0079400780200559,151.6,7.16406141793885,69.4,1.176,18.8,0.3919999999999999,21.8,0.3919999999999999,
(ExBW),exploding-blocksworld-ippc08-fixed-p06-n6-N8-s6,LMCut,CG-iLAO*-tied,5,0.162936,0.0069671311144487,5462.8,219.50022410922497,841.6,8.800378173692309,231.4,3.136,281.0,4.294144850840502,
(ExBW),exploding-blocksworld-ippc08-fixed-p07-n7-N9-s7,LMCut,CG-iLAO*-tied,5,0.2821308,0.0283793569024822,1831.0,199.312823069666,929.0,100.07522770396278,138.6,12.543999999999995,201.4,19.84929459703795,
(ExBW),exploding-blocksworld-ippc08-fixed-p08-n8-N10-s8,LMCut,CG-iLAO*-tied,5,85.2058594,2.9221133760222373,8943956.8,71546.12236561967,132748.2,5268.810207360291,29834.4,767.0551087998828,49682.0,797.942696188141,
(ExBW),exploding-blocksworld-ippc08-fixed-p09-n9-N11-s9,LMCut,CG-iLAO*-tied,5,16.5385442,0.7586691520988228,946633.4,29187.291091104973,22462.4,960.2089009876966,4699.2,214.5814230169984,8855.8,257.30134687560417,
(ExBW),exploding-blocksworld-ippc08-fixed-p10-n10-N12-s10,LMCut,CG-iLAO*-tied,5,339.6937782,14.80636970471425,70581340.8,1891803.6906979608,208210.6,2626.5373865559195,52814.8,600.9650221302401,77376.2,779.9995767588595,
(ExBW),exploding-blocksworld-ippc08-fixed-p11-n11-N13-s11,LMCut,CG-iLAO*-tied,1,1792.560693,,10366825.0,,1261943.0,,265228.0,,451371.0,,
(Rand),random-ippc04-p03-problem,LMCut,CG-iLAO*-tied,5,1.8202828,0.0665344795613371,28639.8,307.17421152173563,1385.0,0.0,60.0,0.0,121.6,3.011009133164494,
(Rand),random-ippc04-p04-problem,LMCut,CG-iLAO*-tied,0,,,,,,,,,,,
(Rand),random-ippc04-p05-problem,LMCut,CG-iLAO*-tied,0,,,,,,,,,,,
(Rand),random-ippc04-p06-problem,LMCut,CG-iLAO*-tied,5,5.4929702,0.7755096817212818,2435.6,48.21998357527717,608.6,52.31988623840842,16.0,0.0,120.8,3.635258450234316,
(Rand),random-ippc04-p07-problem,LMCut,CG-iLAO*-tied,5,0.1902518,0.0443310415609999,335.2,104.66546815449686,270.4,52.26846330245418,3.4,0.4800999895855028,53.8,48.97019893772129,
(Rand),random-ippc04-p08-problem,LMCut,CG-iLAO*-tied,0,,,,,,,,,,,
(Rand),random-ippc04-p09-problem,LMCut,CG-iLAO*-tied,0,,,,,,,,,,,
(Rand),random-ippc04-p10-problem,LMCut,CG-iLAO*-tied,0,,,,,,,,,,,
(Rand),random-ippc04-p13-problem,LMCut,CG-iLAO*-tied,5,23.3712488,1.1603153644631752,21203.4,131.47144699895864,5401.8,26.8841705098,7.0,0.0,844.8,3.0616178729554084,
(RectTW),rectangle-tireworld-ippc08-unit-cost-p01-x5-y5-h2-v2-u0-s1,LMCut,CG-iLAO*-tied,5,0.0253017999999999,0.006302668854895,1189.6,37.90763638107762,48.0,0.0,24.0,0.0,40.6,0.7839999999999999,
(RectTW),rectangle-tireworld-ippc08-unit-cost-p02-x5-y5-h2-v3-u15-s2,LMCut,CG-iLAO*-tied,5,0.0209528,0.0064608939295475,234.8,15.363199666736094,34.0,0.0,11.0,0.0,8.0,0.0,unsolveable
(RectTW),rectangle-tireworld-ippc08-unit-cost-p03-x7-y7-h4-v3-u0-s3,LMCut,CG-iLAO*-tied,5,0.1591159999999999,0.0158917521340247,3068.8,50.96904535107559,96.0,0.0,48.0,0.0,87.2,1.1428665713896788,
(RectTW),rectangle-tireworld-ippc08-unit-cost-p04-x7-y7-h3-v4-u20-s4,LMCut,CG-iLAO*-tied,5,0.0276468,0.0021724780403732,3.0,0.0,5.0,0.0,1.0,0.0,0.0,0.0,unsolveable
(RectTW),rectangle-tireworld-ippc08-unit-cost-p05-x9-y9-h3-v5-u30-s5,LMCut,CG-iLAO*-tied,5,0.0929743999999999,0.0175362682491554,3.0,0.0,5.0,0.0,1.0,0.0,0.0,0.0,unsolveable
(RectTW),rectangle-tireworld-ippc08-unit-cost-p06-x11-y11-h4-v3-u40-s6,LMCut,CG-iLAO*-tied,5,4.2905964,0.8337549127149612,17842.0,380.1859446113178,239.0,0.0,113.0,0.0,197.8,3.4731288487471925,
(RectTW),rectangle-tireworld-ippc08-unit-cost-p07-x11-y11-h3-v5-u80-s7,LMCut,CG-iLAO*-tied,5,0.1838078,0.0346674668221014,3.0,0.0,5.0,0.0,1.0,0.0,0.0,0.0,unsolveable
(RectTW),rectangle-tireworld-ippc08-unit-cost-p08-x11-y11-h6-v7-u80-s8,LMCut,CG-iLAO*-tied,5,0.1767558,0.0054294704803382,3.0,0.0,5.0,0.0,1.0,0.0,0.0,0.0,unsolveable
(RectTW),rectangle-tireworld-ippc08-unit-cost-p09-x15-y15-h4-v4-u60-s9,LMCut,CG-iLAO*-tied,5,33.1913702,1.268460543401961,53519.2,510.8364661063263,449.0,0.0,223.8,0.3919999999999999,401.4,8.095535559800846,
(RectTW),rectangle-tireworld-ippc08-unit-cost-p10-x15-y15-h10-v10-u150-s10,LMCut,CG-iLAO*-tied,5,7.846844200000001,1.1953871761484056,285625.8,16.842320030209613,244.0,0.0,24.0,0.0,27.2,0.7333648478076924,unsolveable
(RectTW),rectangle-tireworld-ippc08-unit-cost-p11-x20-y20-h5-v5-u80-s11,LMCut,CG-iLAO*-tied,5,444.0502492,214.6309033023928,138141.0,1042.9386349733145,793.0,0.0,392.0,0.0,737.6,4.139267568060803,
(RectTW),rectangle-tireworld-ippc08-unit-cost-p12-x20-y20-h15-v15-u300-s12,LMCut,CG-iLAO*-tied,5,331.88043580000004,86.58996335761573,40969908.6,542662.7878530014,774.0,0.0,436.6,0.7839999999999999,574.2,5.727762564911363,unsolveable
(RectTW),rectangle-tireworld-ippc08-unit-cost-p14-x30-y30-h25-v20-u700-s14,LMCut,CG-iLAO*-tied,5,15.7624542,3.324070199666465,3.0,0.0,5.0,0.0,1.0,0.0,0.0,0.0,unsolveable
(Sched),schedule-ippc04-p01,LMCut,CG-iLAO*-tied,5,0.0105056,0.005636087800673,1006.0,0.0,36.0,0.0,20.0,0.0,28.0,0.0,
(Sched),schedule-ippc04-p02,LMCut,CG-iLAO*-tied,5,0.0091796,0.0049258668995676,1538.0,0.0,36.0,0.0,20.0,0.0,28.0,0.0,
(Sched),schedule-ippc04-p03,LMCut,CG-iLAO*-tied,5,0.0090762,0.0014639674688953,3500.0,0.0,50.0,0.0,25.0,0.0,40.0,0.0,
(Sched),schedule-ippc04-p04,LMCut,CG-iLAO*-tied,5,18.659489200000003,2.519801189391256,9564962.0,163866.64259153025,62203.0,299.8492533257336,28567.2,156.722070634611,49956.2,274.44087695531067,
(Sched),schedule-ippc04-p05,LMCut,CG-iLAO*-tied,5,1590.0806811999998,101.62077071455492,440820647.6,717523.232506292,2228382.8,4977.404096922813,968634.4,2729.4090892381814,1950683.8,4153.638242917166,
(Sched),schedule-ippc08-p01,LMCut,CG-iLAO*-tied,5,0.0099652,0.0047991377229564,1300.0,0.0,50.0,0.0,25.0,0.0,40.0,0.0,
(Sched),schedule-ippc08-p02,LMCut,CG-iLAO*-tied,5,0.0106486,0.0063101053363708,1940.0,0.0,50.0,0.0,25.0,0.0,40.0,0.0,
(Sched),schedule-ippc08-p03,LMCut,CG-iLAO*-tied,5,0.0147915999999999,0.0051116008854307,4161.0,0.0,66.0,0.0,30.0,0.0,54.0,0.0,
(Sched),schedule-ippc08-p04,LMCut,CG-iLAO*-tied,5,757.3037449999999,16.62094515249043,211614305.0,1062085.3234842292,1406448.6,4762.12571226926,610313.4,1098.5711004099826,1221086.4,6983.9291572649845,
(S&R),search-and-rescue-ippc08-strips-p01-z4,LMCut,CG-iLAO*-tied,5,0.2430484,0.0068221469896401,401940.4,952.6621484324858,1076.0,0.0,810.6,3.372111504680709,1954.2,7.971202167803799,
(S&R),search-and-rescue-ippc08-strips-p02-z5,LMCut,CG-iLAO*-tied,5,1.0581282,0.0673784121877829,1773947.4,4428.534733323879,3906.0,0.0,2866.2,6.629321533912803,8464.2,16.910609214336425,
(S&R),search-and-rescue-ippc08-strips-p03-z6,LMCut,CG-iLAO*-tied,5,4.318416399999999,0.2779325358816521,7374569.0,10331.665902619963,13724.0,0.0,9914.2,7.701578020120293,35152.4,12.155160879231506,
(S&R),search-and-rescue-ippc08-strips-p04-z8,LMCut,CG-iLAO*-tied,5,83.6610712,2.176674321592712,113816267.6,30922.26710452285,159140.0,0.0,113816.6,21.80450448875186,525082.8,43.312895816373214,
(S&R),search-and-rescue-ippc08-strips-p05-z10,LMCut,CG-iLAO*-tied,4,1713.503389,33.743035020075126,1593746792.25,335411.5933163759,1749740.0,0.0,1251641.5,57.486836754164855,7078350.0,556.9947343856433,
(Sys),sysadmin-ippc08-unit-cost-p01,LMCut,CG-iLAO*-tied,5,0.0351044,0.0052953839324543,19158.8,391.9825556118537,442.0,0.0,430.0,0.0,478.0,0.0,
(Sys),sysadmin-ippc08-unit-cost-p02,LMCut,CG-iLAO*-tied,5,0.1517974,0.0065485312587003,110303.6,970.89062449691,1601.0,0.0,1580.0,0.0,1768.0,0.0,
(Sys),sysadmin-ippc08-unit-cost-p03,LMCut,CG-iLAO*-tied,5,0.6270246,0.0204669420362089,412109.2,3786.21101506823,4715.0,0.0,4692.0,0.0,5247.0,0.0,
(Sys),sysadmin-ippc08-unit-cost-p04,LMCut,CG-iLAO*-tied,5,8.9978306,0.5627062394213981,5085149.0,34717.859001713805,33076.2,5.200467671277266,33020.6,3.592739344845378,37045.6,3.592739344845378,
(TriTW),triangle-tireworld-ippc08-p01,LMCut,CG-iLAO*-tied,5,0.0105385999999999,0.0029564677682288,172.0,0.0,33.8,0.9601999791710056,21.4,0.4800999895855028,22.4,0.4800999895855028,
(TriTW),triangle-tireworld-ippc08-p02,LMCut,CG-iLAO*-tied,5,0.0190112,0.0058466366143881,2634.2,167.08514303791344,405.2,13.809309323785891,249.6,8.908841451052993,281.4,8.734653742421617,
(TriTW),triangle-tireworld-ippc08-p03,LMCut,CG-iLAO*-tied,5,0.5135254,0.0080686985222906,70793.2,1284.0018790889676,6071.8,48.30276745694805,4004.0,24.012999812601507,4740.8,25.172077864173232,
(TriTW),triangle-tireworld-ippc08-p04,LMCut,CG-iLAO*-tied,5,15.9415818,0.5979142110303134,2106284.2,30789.03791016121,101287.2,1340.0850389374548,70097.4,678.7365953416685,84872.8,1072.9820176237808,
(TriTW),triangle-tireworld-ippc08-p05,LMCut,CG-iLAO*-tied,5,554.4240636000001,14.558838369522787,58625959.0,514208.4466778307,1731951.8,29089.98223016412,1225638.8,13877.28801757692,1476345.2,7670.097788356026,
(Zeno),zenotravel-ippc04-unit-cost_NO_FORALLS-p01-problem,LMCut,CG-iLAO*-tied,5,0.0190584,0.0042849476159523,0.0,0.0,0.0,0.0,,,,,trivial (s0 in G)
(Zeno),zenotravel-ippc04-unit-cost_NO_FORALLS-p02-problem,LMCut,CG-iLAO*-tied,5,1201.3330472,83.88230850521879,47914911.4,290052.6988457278,417887.0,2106.7810155970174,281370.8,1619.880700911027,668500.4,6992.443011235486,
(Zeno),zenotravel-ippc04-unit-cost_NO_FORALLS-p03-problem,LMCut,CG-iLAO*-tied,0,,,,,,,,,,,
(Zeno),zenotravel-ippc04-unit-cost_NO_FORALLS-p04-problem,LMCut,CG-iLAO*-tied,0,,,,,,,,,,,
(Zeno),zenotravel-ippc04-unit-cost_NO_FORALLS-p05-problem,LMCut,CG-iLAO*-tied,0,,,,,,,,,,,
(Zeno),zenotravel-ippc08-unit-cost_NO_FORALLS-p01-c4-p2-a2-s3846-problem,LMCut,CG-iLAO*-tied,5,24.2937622,0.645948958823143,1940951.2,11939.573062848767,28310.6,104.87483633360291,17353.0,104.335717374253,35596.6,309.9754717005847,
(Zeno),zenotravel-ippc08-unit-cost_NO_FORALLS-p02-c5-p2-a2-s17462-problem,LMCut,CG-iLAO*-tied,5,22.4461902,0.4146004656174042,1086126.2,17710.82188885609,18744.4,169.56843460974684,10226.6,99.98228771137414,23219.2,276.0139336772692,
(Zeno),zenotravel-ippc08-unit-cost_NO_FORALLS-p04-c6-p2-a2-s12861-problem,LMCut,CG-iLAO*-tied,5,654.5454224,39.51899960280164,23235863.6,247303.7238797949,273151.2,1657.753748342618,150890.6,536.4397185294914,358759.4,2139.5061042249918,
(Coresec),coresec-icaps16-bigger-p01-problem,LMCut,CG-iLAO*-tied,5,0.4129034,0.0294956142553365,254373.6,1807.743244804416,9146.0,0.0,7638.4,22.28374331210984,13612.2,93.01103538828067,
(Coresec),coresec-icaps16-bigger-p02-problem,LMCut,CG-iLAO*-tied,5,1.4207012,0.0724944801142777,836656.2,4127.542933133948,26474.0,0.0,21826.2,12.97750916008153,42544.2,110.97720082971996,
(Coresec),coresec-icaps16-bigger-p03-problem,LMCut,CG-iLAO*-tied,5,4.422109799999999,0.093976283359217,2507517.6,10397.236047816552,64018.0,0.0,54671.4,45.091076899981,105823.6,215.8071259620497,
(Coresec),coresec-icaps16-bigger-p04-problem,LMCut,CG-iLAO*-tied,5,13.5643122,0.8273987709703212,7337365.6,8610.141701325012,173761.6,0.4800999895855028,145462.2,97.78887658624576,290079.4,444.45203054547966,
(Coresec),coresec-icaps16-bigger-p05-problem,LMCut,CG-iLAO*-tied,5,653.2401322,40.05226797717624,165985455.4,55980.81049773766,2872959.6,8.951858801388681,2386809.8,724.5813826368988,5601399.6,2507.745175749721,
(Coresec),coresec-icaps16-bigger-p06-problem,LMCut,CG-iLAO*-tied,0,,,,,,,,,,,
(Coresec),coresec-icaps16-bigger-p07-problem,LMCut,CG-iLAO*-tied,0,,,,,,,,,,,
(PARC-N),no-repair-parc_NOREPAIR_s4_c1_fN.N_uN-facts,LMCut,CG-iLAO*-tied,5,15.5242108,0.2820281276520844,1609670.2,33777.387246306425,47924.8,1157.675688223606,14034.6,279.5509735558079,36219.6,929.756446955868,
(PARC-N),no-repair-parc_NOREPAIR_s4_c2_fN.N_uN-facts,LMCut,CG-iLAO*-tied,5,26.397001,0.6961001805763517,3328062.8,53098.76890777548,78648.0,2139.2338269576794,22788.0,492.8949919810506,61490.4,1653.376887154287,
(PARC-N),no-repair-parc_NOREPAIR_s4_c3_fN.N_uN-facts,LMCut,CG-iLAO*-tied,5,44.8623978,0.608588338478944,5871222.6,77214.45908474871,139501.0,2798.779664868244,39055.0,613.0067247918248,105869.6,2175.7490784959555,
(PARC-N),no-repair-parc_NOREPAIR_s5_c1_fN.N_uN-facts,LMCut,CG-iLAO*-tied,5,208.1989974,5.414686235815638,19432129.4,709253.7234367725,493159.6,16923.91550240594,111633.6,3398.647098493163,335632.8,13291.160613222006,
(PARC-N),no-repair-parc_NOREPAIR_s5_c2_fN.N_uN-facts,LMCut,CG-iLAO*-tied,5,367.6125732,9.215728856900364,43475057.8,1268245.5085567734,846754.0,25261.938871280643,190735.0,5370.643098877452,608789.4,26721.443585422097,
(PARC-N),no-repair-parc_NOREPAIR_s5_c3_fN.N_uN-facts,LMCut,CG-iLAO*-tied,5,675.5166763999999,48.0740947331727,75615691.0,2301534.550459776,1509154.4,46965.00527264887,330131.4,11257.80084428997,1055278.4,53251.25074035741,
(PARC-R),with-repair-parc_REPAIR_s4_c1_fN.N_uN-facts,LMCut,CG-iLAO*-tied,5,82.0678126,2.3177096527967964,9153797.8,54550.17325571078,149259.6,847.5341428497144,44020.0,306.1642968081027,164046.4,1582.7861769727458,
(PARC-R),with-repair-parc_REPAIR_s4_c2_fN.N_uN-facts,LMCut,CG-iLAO*-tied,5,208.3627008,5.093961737554162,26611815.0,79435.14063730434,351657.2,845.9716025872262,110343.6,353.7295576227691,411191.6,2518.310986374797,
(PARC-R),with-repair-parc_REPAIR_s4_c3_fN.N_uN-facts,LMCut,CG-iLAO*-tied,5,327.1323324,7.772538438009199,38188757.2,155510.56412086912,517974.2,2173.5271866125804,151741.6,941.1589790125788,512604.4,2264.092589576672,
(PARC-R),with-repair-parc_REPAIR_s5_c1_fN.N_uN-facts,LMCut,CG-iLAO*-tied,5,1219.6536194,25.378436157165044,105687810.8,937579.1292728988,1670511.6,7895.679861368239,386706.8,1638.9092225941006,1665143.4,7817.497546305724,
(PARC-R),with-repair-parc_REPAIR_s5_c2_fN.N_uN-facts,LMCut,CG-iLAO*-tied,0,,,,,,,,,,,
(PARC-R),with-repair-parc_REPAIR_s5_c3_fN.N_uN-facts,LMCut,CG-iLAO*-tied,0,,,,,,,,,,,
(TriTW),intermediate-triangle-tireworld-tire6-start10,PDB,CG-iLAO*-tied,3,1555.214491,76.31081152263693,274945078.0,872217.2108463867,5573913.666666667,1463.2693408635034,4160274.6666666665,2118.416181374923,4338568.666666667,3238.110681767653,
(TriTW),intermediate-triangle-tireworld-tire6-start8,PDB,CG-iLAO*-tied,5,206.3118258,14.174105589140709,48453029.8,1606367.6311433604,1333547.6,5203.106999731603,992613.4,3716.154138602972,1035402.6,3945.790131278652,
(TriTW),intermediate-triangle-tireworld-tire6-start9,PDB,CG-iLAO*-tied,5,576.8858442,29.444728056275284,117320552.6,2268424.9438003013,2739079.8,6433.921609039388,2042129.0,3743.698973560775,2129782.4,4445.726188718329,
(BW),blocksworld-ippc04-p01,PDB,CG-iLAO*-tied,5,0.5026302,0.0152309649117862,4388.2,192.60468339061748,404.8,12.167796185012303,141.0,4.512258857822764,252.4,8.166405329151866,
(BW),blocksworld-ippc04-p02,PDB,CG-iLAO*-tied,5,0.4828141999999999,0.0153924944613374,2788.2,143.80764563819267,263.4,4.744657627268801,94.0,1.3859292911256331,182.2,4.816976645158246,
(BW),blocksworld-ippc04-p03,PDB,CG-iLAO*-tied,5,0.50591,0.0196470326871494,449.8,124.6387409435766,103.8,27.38674832834303,30.6,7.656553793972847,45.0,10.408319749123777,
(BW),blocksworld-ippc04-p04,PDB,CG-iLAO*-tied,5,0.496607,0.0099858379416211,7027.0,275.55745883572087,511.6,16.11019850901906,200.2,4.973922395856212,411.0,9.19321488925392,
(BW),blocksworld-ippc04-p05,PDB,CG-iLAO*-tied,5,0.4876234,0.0074400218693183,1557.4,153.1832479613877,201.2,18.6910434165672,65.8,6.116958721456276,112.6,7.401433374691688,
(BW),blocksworld-ippc04-p06,PDB,CG-iLAO*-tied,5,18.7093154,0.3229612787452351,830154.4,14005.964404567649,72948.4,1782.5423202426357,15727.6,397.1733863390144,45355.4,1018.1951176940496,
(BW),blocksworld-ippc04-p07,PDB,CG-iLAO*-tied,5,1223.5977978,53.90339802405119,84550738.8,750987.483607615,4732335.2,105553.28304757434,1344131.2,26717.740250904157,3957759.4,70198.02559265563,
(BW),blocksworld-ippc04-p08,PDB,CG-iLAO*-tied,5,9.3448624,0.1534697548815985,257793.4,5977.501869344417,17747.2,532.8804947302912,3361.0,114.66418795770542,10691.8,358.29711366964705,
(BW),blocksworld-ippc04-p09,PDB,CG-iLAO*-tied,5,8.483785399999999,0.1355315413973501,171246.2,3896.57678612189,14094.6,280.385244576101,2509.4,54.66116369050333,8031.2,178.74340330205192,
(BW),blocksworld-ippc04-p10,PDB,CG-iLAO*-tied,5,39.5669428,1.3342582778588377,2237254.8,11590.36376288786,178884.2,1663.9331546381304,38603.8,308.0240866945311,112017.6,782.3321278945407,
(BW),blocksworld-ippc08-p01-c0-C0-g1-n5,PDB,CG-iLAO*-tied,5,0.196774,0.0116478144948209,3240.4,300.38405219984634,261.4,6.369246109234592,139.6,3.645810746596702,222.0,6.259738013687154,
(BW),blocksworld-ippc08-p02-c1-C1-g20-n5,PDB,CG-iLAO*-tied,5,0.1953193999999999,0.0091948558277732,3240.4,300.38405219984634,261.4,6.369246109234592,139.6,3.645810746596702,222.0,6.259738013687154,
(BW),blocksworld-ippc08-p03-c1-C2-g40-n5,PDB,CG-iLAO*-tied,5,0.180393,0.0217783940821282,3240.4,300.38405219984634,261.4,6.369246109234592,139.6,3.645810746596702,222.0,6.259738013687154,
(BW),blocksworld-ippc08-p04-c2-C1-g0-n5,PDB,CG-iLAO*-tied,5,0.1822664,0.0154965104962199,3240.4,300.38405219984634,261.4,6.369246109234592,139.6,3.645810746596702,222.0,6.259738013687154,
(BW),blocksworld-ippc08-p05-c0-C0-g1-n10,PDB,CG-iLAO*-tied,5,91.9200464,1.8909288030945008,7358086.8,9831.39062299856,387222.4,1484.9763278167095,120846.6,505.8944150077169,326150.0,1057.0007602646272,
(BW),blocksworld-ippc08-p06-c1-C1-g20-n10,PDB,CG-iLAO*-tied,5,93.5956492,2.0290630636898674,7358086.8,9831.39062299856,387222.4,1484.9763278167095,120846.6,505.8944150077169,326150.0,1057.0007602646272,
(BW),blocksworld-ippc08-p07-c1-C2-g0-n10,PDB,CG-iLAO*-tied,5,91.2572788,0.8697233078754417,7358086.8,9831.39062299856,387222.4,1484.9763278167095,120846.6,505.8944150077169,326150.0,1057.0007602646272,
(BW),blocksworld-ippc08-p08-c3-C2-g0-n10,PDB,CG-iLAO*-tied,5,91.8622064,1.2456496847266256,7358086.8,9831.39062299856,387222.4,1484.9763278167095,120846.6,505.8944150077169,326150.0,1057.0007602646272,
(BW),blocksworld-ippc08-p09-c0-C0-g1-n14,PDB,CG-iLAO*-tied,0,,,,,,,,,,,
(BW),blocksworld-ippc08-p10-c1-C1-g20-n14,PDB,CG-iLAO*-tied,0,,,,,,,,,,,
(BW),blocksworld-ippc08-p11-c1-C2-g0-n14,PDB,CG-iLAO*-tied,0,,,,,,,,,,,
(BW),blocksworld-ippc08-p12-c3-C2-g0-n14,PDB,CG-iLAO*-tied,0,,,,,,,,,,,
(Elev),elevators-ippc04-p01,PDB,CG-iLAO*-tied,5,0.0740608,0.0074857003061399,17169.6,1791.696947437261,613.6,38.03915162040289,457.4,42.59382603148019,1102.4,91.6781488469308,
(Elev),elevators-ippc04-p02,PDB,CG-iLAO*-tied,5,0.059931,0.0101602984498921,919.2,49.185457037624445,76.0,1.5182094717133072,45.4,1.592311527308648,105.2,2.9334593912307696,
(Elev),elevators-ippc04-p03,PDB,CG-iLAO*-tied,5,0.0765844,0.0156345575493653,17960.8,2370.649160796257,598.2,27.53364022427837,421.8,43.23299739782103,1046.4,120.92834678436648,
(Elev),elevators-ippc04-p04,PDB,CG-iLAO*-tied,5,0.0789298,0.0151700570898195,11060.0,143.11087338144506,397.8,4.776934581925945,283.0,6.381297673671084,691.0,14.106554504910118,
(Elev),elevators-ippc04-p05,PDB,CG-iLAO*-tied,5,0.0711448,0.0161041404432594,5434.0,88.70597093769956,302.6,2.673083612609228,172.8,1.6860557523403548,441.4,3.428599714169036,
(Elev),elevators-ippc04-p06,PDB,CG-iLAO*-tied,5,0.233817,0.0151716578044457,139868.0,15416.93125338243,3245.0,122.784262183718,2333.8,104.39166817327904,5964.4,265.974672057322,
(Elev),elevators-ippc04-p07,PDB,CG-iLAO*-tied,5,0.2292084,0.0246271042246305,144549.4,8982.522672591258,3126.4,257.30746824762,2347.4,185.73169319208824,5930.6,444.8762216347374,
(Elev),elevators-ippc04-p08,PDB,CG-iLAO*-tied,5,1.4160404,0.07487850501283,1348207.4,18463.0375044654,13593.2,10.078288743631033,12551.4,26.373473339702524,35786.8,252.13737411181236,
(Elev),elevators-ippc04-p09,PDB,CG-iLAO*-tied,5,0.8239514,0.0262111755053071,751053.2,9114.23868272408,9893.0,58.050422220686734,8518.4,58.24399793970191,23192.8,210.7336363848923,
(Elev),elevators-ippc04-p10,PDB,CG-iLAO*-tied,5,3.192022,0.1894032412426452,3875325.6,90319.90978888371,14266.4,11.899637641541863,13903.0,29.74425120926731,43663.0,150.15825944649197,
(Elev),elevators-ippc04-p11,PDB,CG-iLAO*-tied,5,286.3224892,13.24579598107708,158909804.0,1767345.8197667438,503722.2,515.3448689799869,482087.6,645.7664918652871,1896733.0,3582.821724909013,
(Elev),elevators-ippc04-p12,PDB,CG-iLAO*-tied,5,50.0128844,1.264963017535615,21660685.4,267242.101994871,159958.6,1622.7515296976303,125891.8,1193.0810599385106,451195.0,4710.797513627602,
(Elev),elevators-ippc04-p13,PDB,CG-iLAO*-tied,5,1406.7044834,76.75067322374372,1077845057.4,6034411.663388484,520257.8,338.9771127141182,516381.8,326.4240984731366,2390077.4,8542.48504622958,
(Elev),elevators-ippc04-p14,PDB,CG-iLAO*-tied,5,136.9980602,2.8981924907826047,44967059.4,1003539.3561756794,354875.2,1581.89697299919,312049.8,1747.3737362979907,1032763.6,9887.41831177866,
(Elev),elevators-ippc04-p15,PDB,CG-iLAO*-tied,5,457.3349572,82.42285888030005,198692844.8,837570.7134442382,519798.2,226.01392219064732,506140.8,398.9336256371478,2134977.0,8327.85232407972,
(ExBW),exploding-blocksworld-ippc04-fixed-p01,PDB,CG-iLAO*-tied,5,0.0777732,0.0139808592977707,169.2,0.9601999791710056,84.8,1.4402999687565086,23.0,0.0,29.0,0.0,
(ExBW),exploding-blocksworld-ippc04-fixed-p02,PDB,CG-iLAO*-tied,5,0.0830448,0.0145322012764172,34.0,0.0,22.0,0.0,6.0,0.0,6.0,0.0,
(ExBW),exploding-blocksworld-ippc04-fixed-p03,PDB,CG-iLAO*-tied,5,0.0776786,0.0126452884462259,191.2,10.562199770881064,95.8,6.241299864611537,23.2,0.960199979171006,29.2,0.960199979171006,
(ExBW),exploding-blocksworld-ippc04-fixed-p04,PDB,CG-iLAO*-tied,5,0.211765,0.0158624062140042,144240.6,88.73974406093359,1185.6,23.728145650260995,685.4,4.704,850.6,4.621611840040225,
(ExBW),exploding-blocksworld-ippc04-fixed-p05,PDB,CG-iLAO*-tied,5,0.073026,0.0100582186445592,0.0,0.0,0.0,0.0,,,,,trivial (s0 in G)
(ExBW),exploding-blocksworld-ippc04-fixed-p06,PDB,CG-iLAO*-tied,5,0.2900517999999999,0.0103344172177391,67499.8,78.6187248942642,2690.4,84.44529836527312,637.2,17.935874219005882,943.0,29.56937875573309,
(ExBW),exploding-blocksworld-ippc04-fixed-p07,PDB,CG-iLAO*-tied,5,1.1203748,0.0154746904564706,380523.2,6316.15522340482,46827.0,558.3310370022429,10512.2,126.1140825760549,17372.0,147.5386663895265,
(ExBW),exploding-blocksworld-ippc04-fixed-p08,PDB,CG-iLAO*-tied,5,0.2559256,0.0152004577496368,15027.4,245.52909908196216,6457.8,152.8377787852205,876.0,13.63574127064605,1885.6,53.6395818029932,
(ExBW),exploding-blocksworld-ippc04-fixed-p09,PDB,CG-iLAO*-tied,5,8.6030054,0.309776450148662,4221998.0,85904.51257620871,242001.0,1409.4464800055373,61270.6,338.40329468845306,115036.6,436.7100802317253,
(ExBW),exploding-blocksworld-ippc04-fixed-p10,PDB,CG-iLAO*-tied,0,,,,,,,,,,,
(ExBW),exploding-blocksworld-ippc08-fixed-p01-n2-N5-s1,PDB,CG-iLAO*-tied,5,0.4500304,0.0234911582344016,389337.2,3931.880001757937,339.0,0.0,216.0,0.0,268.8,0.7333648478076924,
(ExBW),exploding-blocksworld-ippc08-fixed-p02-n3-N5-s2,PDB,CG-iLAO*-tied,5,0.5192363999999999,0.015571505345211,498733.4,3978.409651196819,1222.4,27.191070887333584,755.0,4.958451371144019,851.4,3.997631298656744,
(ExBW),exploding-blocksworld-ippc08-fixed-p03-n3-N6-s3,PDB,CG-iLAO*-tied,5,0.8024988000000001,0.0270713322398064,839869.4,7405.6950204728255,3477.4,30.203084875555344,1829.8,7.317916643417031,2654.2,11.847871707610611,
(ExBW),exploding-blocksworld-ippc08-fixed-p04-n4-N6-s4,PDB,CG-iLAO*-tied,5,12.2872454,0.5399690105365532,12446868.0,25184.54297622095,29922.2,152.7409778153852,19022.0,40.33982845774136,27215.4,84.23805467839341,
(ExBW),exploding-blocksworld-ippc08-fixed-p05-n5-N7-s5,PDB,CG-iLAO*-tied,5,0.1081832,0.0198574050947626,694.8,62.4357684664808,222.6,12.965662960296322,60.4,8.712635422190003,122.0,11.242270233364788,
(ExBW),exploding-blocksworld-ippc08-fixed-p06-n6-N8-s6,PDB,CG-iLAO*-tied,5,20.6622434,0.3061742610071977,20945560.2,33636.557125083775,12014.8,51.31832483626097,7062.4,20.849831078452407,7892.0,12.504124119665478,
(ExBW),exploding-blocksworld-ippc08-fixed-p07-n7-N9-s7,PDB,CG-iLAO*-tied,5,0.1722736,0.0060337299293435,3410.4,542.9301183172655,1476.4,235.05344433979255,210.4,31.71083751653368,377.0,91.45663278297532,
(ExBW),exploding-blocksworld-ippc08-fixed-p08-n8-N10-s8,PDB,CG-iLAO*-tied,5,381.4881252,67.22531899676575,179804966.6,299100.3366596802,1561613.4,7865.213800828047,536813.6,1495.908749548581,880541.4,2222.0558639818214,
(ExBW),exploding-blocksworld-ippc08-fixed-p09-n9-N11-s9,PDB,CG-iLAO*-tied,5,20.7024136,0.3261449551791583,6031925.0,75142.36418312321,515272.4,3326.287098218673,141179.0,1145.0960119046786,259100.2,1851.286912713424,
(ExBW),exploding-blocksworld-ippc08-fixed-p10-n10-N12-s10,PDB,CG-iLAO*-tied,0,,,,,,,,,,,
(ExBW),exploding-blocksworld-ippc08-fixed-p11-n11-N13-s11,PDB,CG-iLAO*-tied,0,,,,,,,,,,,
(Rand),random-ippc04-p03-problem,PDB,CG-iLAO*-tied,5,1.5985196,0.0252674430824255,793134.6,21621.387796777894,33216.2,727.4157587954772,3230.4,55.04634788975559,102634.6,2099.6161491320263,
(Rand),random-ippc04-p04-problem,PDB,CG-iLAO*-tied,5,14.2784998,1.303271441078118,26692603.0,0.0,84993.0,0.0,1024.0,0.0,29748.0,0.0,
(Rand),random-ippc04-p05-problem,PDB,CG-iLAO*-tied,5,5.310012800000001,3.5747526153668034,1697978.0,1358102.6312694212,154586.8,123192.69712766088,616.2,490.662189356384,5971.8,4761.631696709017,
(Rand),random-ippc04-p06-problem,PDB,CG-iLAO*-tied,0,,,,,,,,,,,
(Rand),random-ippc04-p07-problem,PDB,CG-iLAO*-tied,5,0.2643774,0.0065894484846803,340.6,103.57000538766036,270.4,52.26846330245418,3.8,0.3919999999999999,16.4,2.1109846043967253,
(Rand),random-ippc04-p08-problem,PDB,CG-iLAO*-tied,0,,,,,,,,,,,
(Rand),random-ippc04-p09-problem,PDB,CG-iLAO*-tied,5,1.0303646,0.021022455124909,20407.4,5741.7077346253,6558.4,1558.2587495842913,10.0,2.400499947927514,467.8,49.55118791714281,
(Rand),random-ippc04-p10-problem,PDB,CG-iLAO*-tied,0,,,,,,,,,,,
(Rand),random-ippc04-p13-problem,PDB,CG-iLAO*-tied,5,4.665499,0.5055509885451358,525959.0,61314.4480675855,80888.8,7995.40566991219,127.6,11.996096698509897,37171.8,4837.80389837207,
(RectTW),rectangle-tireworld-ippc08-unit-cost-p01-x5-y5-h2-v2-u0-s1,PDB,CG-iLAO*-tied,5,0.3376456,0.0137212468897406,1150.6,57.20581592810297,47.0,0.0,23.0,0.0,38.8,0.3919999999999999,
(RectTW),rectangle-tireworld-ippc08-unit-cost-p02-x5-y5-h2-v3-u15-s2,PDB,CG-iLAO*-tied,5,0.3990026,0.02050833767267,232.8,15.363199666736094,34.0,0.0,11.0,0.0,8.0,0.0,unsolveable
(RectTW),rectangle-tireworld-ippc08-unit-cost-p03-x7-y7-h4-v3-u0-s3,PDB,CG-iLAO*-tied,5,0.8571642,0.0081095749154727,2257.6,104.49318645729969,89.4,0.999407824664186,41.4,0.9994078246641857,74.0,2.147072425420251,
(RectTW),rectangle-tireworld-ippc08-unit-cost-p04-x7-y7-h3-v4-u20-s4,PDB,CG-iLAO*-tied,5,0.9364742,0.0105555841107038,3.0,0.0,5.0,0.0,1.0,0.0,0.0,0.0,unsolveable
(RectTW),rectangle-tireworld-ippc08-unit-cost-p05-x9-y9-h3-v5-u30-s5,PDB,CG-iLAO*-tied,5,2.0921734,0.0099276045615251,3.0,0.0,5.0,0.0,1.0,0.0,0.0,0.0,unsolveable
(RectTW),rectangle-tireworld-ippc08-unit-cost-p06-x11-y11-h4-v3-u40-s6,PDB,CG-iLAO*-tied,5,4.6177544,0.0836931629205105,11693.8,106.31333417779727,209.0,0.0,82.0,0.0,158.6,3.136,
(RectTW),rectangle-tireworld-ippc08-unit-cost-p07-x11-y11-h3-v5-u80-s7,PDB,CG-iLAO*-tied,5,4.4048926,0.0458533353113941,3.0,0.0,5.0,0.0,1.0,0.0,0.0,0.0,unsolveable
(RectTW),rectangle-tireworld-ippc08-unit-cost-p08-x11-y11-h6-v7-u80-s8,PDB,CG-iLAO*-tied,5,4.5286228,0.1426887696457703,3.0,0.0,5.0,0.0,1.0,0.0,0.0,0.0,unsolveable
(RectTW),rectangle-tireworld-ippc08-unit-cost-p09-x15-y15-h4-v4-u60-s9,PDB,CG-iLAO*-tied,5,20.095945,1.8367726676563607,42528.0,7020.828696534334,442.4,1.176,200.8,0.7333648478076924,380.0,8.057483478109031,
(RectTW),rectangle-tireworld-ippc08-unit-cost-p10-x15-y15-h10-v10-u150-s10,PDB,CG-iLAO*-tied,5,14.761085200000002,0.8282023663636816,314256.4,33575.660824854895,244.0,0.0,24.0,0.0,27.2,0.960199979171006,unsolveable
(RectTW),rectangle-tireworld-ippc08-unit-cost-p11-x20-y20-h5-v5-u80-s11,PDB,CG-iLAO*-tied,5,98.4676136,4.043741588601575,89624.4,1304.2677995319823,785.0,2.23474383319431,380.0,1.639853652006788,745.8,15.512505406928952,
(RectTW),rectangle-tireworld-ippc08-unit-cost-p12-x20-y20-h15-v15-u300-s12,PDB,CG-iLAO*-tied,5,128.4326698,2.083391752838741,42652040.0,861637.0587771733,774.0,0.0,436.0,0.6198064213930023,669.2,3.2443772900203824,unsolveable
(RectTW),rectangle-tireworld-ippc08-unit-cost-p14-x30-y30-h25-v20-u700-s14,PDB,CG-iLAO*-tied,0,,,,,,,,,,,unsolveable
(Sched),schedule-ippc04-p01,PDB,CG-iLAO*-tied,5,0.0612506,0.005007297071732,1006.0,0.0,36.0,0.0,20.0,0.0,28.0,0.0,
(Sched),schedule-ippc04-p02,PDB,CG-iLAO*-tied,5,0.0555095999999999,0.005317020452977,1538.0,0.0,36.0,0.0,20.0,0.0,28.0,0.0,
(Sched),schedule-ippc04-p03,PDB,CG-iLAO*-tied,5,0.06985,0.0110194147979064,3500.0,0.0,50.0,0.0,25.0,0.0,40.0,0.0,
(Sched),schedule-ippc04-p04,PDB,CG-iLAO*-tied,0,,,,,,,,,,,
(Sched),schedule-ippc04-p05,PDB,CG-iLAO*-tied,0,,,,,,,,,,,
(Sched),schedule-ippc08-p01,PDB,CG-iLAO*-tied,5,0.0625817999999999,0.0101107782965261,1300.0,0.0,50.0,0.0,25.0,0.0,40.0,0.0,
(Sched),schedule-ippc08-p02,PDB,CG-iLAO*-tied,5,0.07304,0.0058246817203895,1940.0,0.0,50.0,0.0,25.0,0.0,40.0,0.0,
(Sched),schedule-ippc08-p03,PDB,CG-iLAO*-tied,5,0.0795072,0.0082863040654168,4161.0,0.0,66.0,0.0,30.0,0.0,54.0,0.0,
(Sched),schedule-ippc08-p04,PDB,CG-iLAO*-tied,0,,,,,,,,,,,
(S&R),search-and-rescue-ippc08-strips-p01-z4,PDB,CG-iLAO*-tied,5,0.293317,0.0159618134945475,446938.0,3012.9675022210245,1076.0,0.0,798.4,3.800581008214402,1964.6,5.020049402147353,
(S&R),search-and-rescue-ippc08-strips-p02-z5,PDB,CG-iLAO*-tied,5,0.9774222,0.017597948639104,1841360.8,7738.179970276214,3906.0,0.0,2848.0,2.4792256855720094,8507.8,12.52561152199764,
(S&R),search-and-rescue-ippc08-strips-p03-z6,PDB,CG-iLAO*-tied,5,3.9833718,0.3278718018522144,7452905.2,14280.361623272149,13724.0,0.0,9890.4,10.326800859898482,35315.8,33.86548780100473,
(S&R),search-and-rescue-ippc08-strips-p04-z8,PDB,CG-iLAO*-tied,5,75.048531,3.563709658248738,113676428.8,106257.36638046052,159140.0,0.0,113762.8,31.66719539207727,527145.6,310.99314503056166,
(S&R),search-and-rescue-ippc08-strips-p05-z10,PDB,CG-iLAO*-tied,4,1635.16444475,100.35179693020224,1587933730.0,1602717.843324059,1749740.0,0.0,1251443.5,65.01323249923819,7109673.0,537.5541942291338,
(Sys),sysadmin-ippc08-unit-cost-p01,PDB,CG-iLAO*-tied,5,0.0925804,0.0127251908991549,24685.6,197.78293863728487,496.0,0.0,489.0,0.0,546.0,0.0,
(Sys),sysadmin-ippc08-unit-cost-p02,PDB,CG-iLAO*-tied,5,0.2046684,0.0094580161109661,127070.8,826.7331114114155,1605.0,0.0,1592.0,0.0,1780.0,0.0,
(Sys),sysadmin-ippc08-unit-cost-p03,PDB,CG-iLAO*-tied,5,0.7276,0.0190538257149413,477653.6,3422.630468691588,4716.0,0.0,4699.2,0.9601999791710056,5254.2,0.9601999791710056,
(Sys),sysadmin-ippc08-unit-cost-p04,PDB,CG-iLAO*-tied,5,36.0501818,6.162538360071378,5621926.6,42035.52502562107,33117.0,3.6140614272588114,33073.8,4.176226047521853,37098.8,4.176226047521853,
(TriTW),triangle-tireworld-ippc08-p01,PDB,CG-iLAO*-tied,5,0.0408115999999999,0.0085493771686372,201.0,0.0,35.0,0.0,24.0,0.0,24.0,0.0,
(TriTW),triangle-tireworld-ippc08-p02,PDB,CG-iLAO*-tied,5,0.0497202,0.0030766554837979,2561.8,37.33992908402478,357.0,2.4792256855720094,232.8,1.998815649328372,245.2,2.092707337398137,
(TriTW),triangle-tireworld-ippc08-p03,PDB,CG-iLAO*-tied,5,0.1539877999999999,0.004368745621771,65165.0,5247.002916789736,4377.4,42.6929213804818,2918.4,28.14903934417656,3162.6,26.446203810755147,
(TriTW),triangle-tireworld-ippc08-p04,PDB,CG-iLAO*-tied,5,3.9152318,1.070776690393481,1582859.4,37096.91218464544,57016.8,690.9541828399333,39471.8,527.0721710581957,42368.6,533.6161103415076,
(TriTW),triangle-tireworld-ippc08-p05,PDB,CG-iLAO*-tied,5,165.08671239999998,19.150843436883083,37532002.2,1299582.4882378555,822320.6,4293.811934355765,600745.4,2910.1865624210413,633142.4,3113.7091759276423,
(Zeno),zenotravel-ippc04-unit-cost_NO_FORALLS-p01-problem,PDB,CG-iLAO*-tied,5,0.1672855999999999,0.0138636594889205,0.0,0.0,0.0,0.0,,,,,trivial (s0 in G)
(Zeno),zenotravel-ippc04-unit-cost_NO_FORALLS-p02-problem,PDB,CG-iLAO*-tied,5,26.792686000000003,1.436129367659773,17300594.4,33503.0625494986,162535.8,460.7039933666735,99923.4,297.8791208795943,303707.6,780.0525693669626,
(Zeno),zenotravel-ippc04-unit-cost_NO_FORALLS-p03-problem,PDB,CG-iLAO*-tied,5,507.5579992,44.42402490935479,310498837.2,268250.24294676294,1153481.0,1004.140921185866,804909.4,888.2504189787921,2892897.0,3717.422259254388,
(Zeno),zenotravel-ippc04-unit-cost_NO_FORALLS-p04-problem,PDB,CG-iLAO*-tied,5,31.153445800000004,0.8836074107300605,19347607.0,47626.92032216569,179137.2,421.8357152067615,83913.0,113.7543205333318,365011.0,1438.9170169262716,
(Zeno),zenotravel-ippc04-unit-cost_NO_FORALLS-p05-problem,PDB,CG-iLAO*-tied,5,102.0512576,4.148212549041476,61198780.6,159366.1719929479,386916.4,1738.4968643330938,229546.4,705.1538500611055,765714.2,3778.399342460244,
(Zeno),zenotravel-ippc08-unit-cost_NO_FORALLS-p01-c4-p2-a2-s3846-problem,PDB,CG-iLAO*-tied,5,1.9463454,0.1336440648833524,1397999.0,10833.566883526404,22485.8,176.8734668173833,13569.8,97.5587908084146,34312.0,195.43765328104,
(Zeno),zenotravel-ippc08-unit-cost_NO_FORALLS-p02-c5-p2-a2-s17462-problem,PDB,CG-iLAO*-tied,5,1.434072,0.044120475630671,773503.6,3346.4534326740604,13662.6,100.80308773048571,7839.2,24.63213965533648,25352.2,124.08889871378504,
(Zeno),zenotravel-ippc08-unit-cost_NO_FORALLS-p04-c6-p2-a2-s12861-problem,PDB,CG-iLAO*-tied,5,10.3196882,0.4729249261520108,7480150.8,19266.845614310198,85782.0,523.03032432164,42155.8,262.787982190967,133844.2,707.7449542200919,
(Coresec),coresec-icaps16-bigger-p01-problem,PDB,CG-iLAO*-tied,5,0.0783533999999999,0.0130088656399463,7197.0,153.02441896638587,1271.6,13.18600834217846,419.2,6.116958721456276,574.0,11.512393321981316,
(Coresec),coresec-icaps16-bigger-p02-problem,PDB,CG-iLAO*-tied,5,0.0824032,0.0122724809619597,7204.2,324.3959283098356,1752.2,37.08183253292641,413.0,8.54344192933972,567.6,12.589853692557352,
(Coresec),coresec-icaps16-bigger-p03-problem,PDB,CG-iLAO*-tied,5,0.330577,0.016508155530331,175311.8,1198.5186689843424,11457.0,37.06939870027567,5946.6,16.92423398561956,10370.6,23.792817739813835,
(Coresec),coresec-icaps16-bigger-p04-problem,PDB,CG-iLAO*-tied,5,0.3540417999999999,0.0141861951824407,180662.8,1087.7186657881714,18161.6,120.21944042458358,5993.6,38.24059957688948,10464.2,31.282729804158716,
(Coresec),coresec-icaps16-bigger-p05-problem,PDB,CG-iLAO*-tied,5,1.1174700000000002,0.0745890834631921,586723.2,4680.857391485452,79053.2,260.8850561914193,14996.4,47.96436777442188,28318.6,197.18866360924503,
(Coresec),coresec-icaps16-bigger-p06-problem,PDB,CG-iLAO*-tied,5,21.9803844,1.302146014712344,9916217.0,26330.03120243043,936920.8,777.3791919417447,191818.0,137.19859999285703,436026.2,972.8468243171684,
(Coresec),coresec-icaps16-bigger-p07-problem,PDB,CG-iLAO*-tied,0,,,,,,,,,,,
(PARC-N),no-repair-parc_NOREPAIR_s4_c1_fN.N_uN-facts,PDB,CG-iLAO*-tied,0,,,,,,,,,,,
(PARC-N),no-repair-parc_NOREPAIR_s4_c2_fN.N_uN-facts,PDB,CG-iLAO*-tied,0,,,,,,,,,,,
(PARC-N),no-repair-parc_NOREPAIR_s4_c3_fN.N_uN-facts,PDB,CG-iLAO*-tied,0,,,,,,,,,,,
(PARC-N),no-repair-parc_NOREPAIR_s5_c1_fN.N_uN-facts,PDB,CG-iLAO*-tied,0,,,,,,,,,,,
(PARC-N),no-repair-parc_NOREPAIR_s5_c2_fN.N_uN-facts,PDB,CG-iLAO*-tied,0,,,,,,,,,,,
(PARC-N),no-repair-parc_NOREPAIR_s5_c3_fN.N_uN-facts,PDB,CG-iLAO*-tied,0,,,,,,,,,,,
(PARC-R),with-repair-parc_REPAIR_s4_c1_fN.N_uN-facts,PDB,CG-iLAO*-tied,0,,,,,,,,,,,
(PARC-R),with-repair-parc_REPAIR_s4_c2_fN.N_uN-facts,PDB,CG-iLAO*-tied,0,,,,,,,,,,,
(PARC-R),with-repair-parc_REPAIR_s4_c3_fN.N_uN-facts,PDB,CG-iLAO*-tied,0,,,,,,,,,,,
(PARC-R),with-repair-parc_REPAIR_s5_c1_fN.N_uN-facts,PDB,CG-iLAO*-tied,0,,,,,,,,,,,
(PARC-R),with-repair-parc_REPAIR_s5_c2_fN.N_uN-facts,PDB,CG-iLAO*-tied,0,,,,,,,,,,,
(PARC-R),with-repair-parc_REPAIR_s5_c3_fN.N_uN-facts,PDB,CG-iLAO*-tied,0,,,,,,,,,,,
(TriTW),intermediate-triangle-tireworld-tire6-start10,ROC,CG-iLAO*-tied-elim,0,,,,,,,,,,,
(TriTW),intermediate-triangle-tireworld-tire6-start8,ROC,CG-iLAO*-tied-elim,5,439.04565600000006,24.629796448367568,61753290.2,4242637.91226235,907376.4,7324.266947408184,740561.2,3735.572088243513,778472.6,3943.1820803528713,
(TriTW),intermediate-triangle-tireworld-tire6-start9,ROC,CG-iLAO*-tied-elim,5,1045.4444422,33.04833952379823,156260085.2,10826120.276624426,1871055.8,13490.95448263554,1532452.4,8415.675844342864,1610219.6,8726.348235403855,
(BW),blocksworld-ippc04-p01,ROC,CG-iLAO*-tied-elim,5,0.2044946,0.0127962250663707,6198.6,601.6161174170785,393.0,9.003208317038988,137.8,3.1237259802998083,229.8,6.022018266328988,
(BW),blocksworld-ippc04-p02,ROC,CG-iLAO*-tied-elim,5,0.1768768,0.0111543923635446,3140.0,351.0961299701265,279.8,11.007454928365592,99.2,5.990037061654961,181.2,12.8883972626545,
(BW),blocksworld-ippc04-p03,ROC,CG-iLAO*-tied-elim,5,0.1340302,0.0057665852268031,487.0,151.6601848871351,109.8,32.91633126580178,32.6,9.14293257111743,46.6,13.054247431391822,
(BW),blocksworld-ippc04-p04,ROC,CG-iLAO*-tied-elim,5,0.2353965999999999,0.0055052086505286,9365.2,211.4197770881428,514.4,10.043924332650064,198.0,4.880360642411583,389.6,6.606101422170265,
(BW),blocksworld-ippc04-p05,ROC,CG-iLAO*-tied-elim,5,0.165631,0.011874280991063,2252.8,274.3575767206001,235.4,21.395444748824456,75.2,7.422165721674503,126.6,7.453156109997965,
(BW),blocksworld-ippc04-p06,ROC,CG-iLAO*-tied-elim,5,73.6773838,13.660369259575104,1068660.0,12205.640964091972,72777.0,1371.3618716006365,15711.2,304.769222960587,44350.4,725.5229572770251,
(BW),blocksworld-ippc04-p07,ROC,CG-iLAO*-tied-elim,0,,,,,,,,,,,
(BW),blocksworld-ippc04-p08,ROC,CG-iLAO*-tied-elim,5,17.650290000000002,1.1932499022454484,373056.0,10236.27846258981,18036.2,660.9759352230609,3409.4,133.9306881039592,10450.6,484.95905750485775,
(BW),blocksworld-ippc04-p09,ROC,CG-iLAO*-tied-elim,5,13.1272964,0.2581105690594096,235237.0,5593.460760795591,14135.8,223.2012338317152,2500.6,55.90846318760693,7764.0,175.46543545667333,
(BW),blocksworld-ippc04-p10,ROC,CG-iLAO*-tied-elim,5,166.2577204,7.723036921339965,2866909.0,49127.64595142902,177123.0,1195.6885180346928,38196.6,187.4446694254067,107422.6,617.9499861445099,
(BW),blocksworld-ippc08-p01-c0-C0-g1-n5,ROC,CG-iLAO*-tied-elim,5,0.1476993999999999,0.0073864709004785,1804.2,122.78958092607044,168.4,11.18402861226669,86.8,7.158697088157872,154.0,12.03446384347886,
(BW),blocksworld-ippc08-p02-c1-C1-g20-n5,ROC,CG-iLAO*-tied-elim,5,0.1521284,0.0136619001913531,1804.2,122.78958092607044,168.4,11.18402861226669,86.8,7.158697088157872,154.0,12.03446384347886,
(BW),blocksworld-ippc08-p03-c1-C2-g40-n5,ROC,CG-iLAO*-tied-elim,5,0.1505008,0.0117772995050131,1804.2,122.78958092607044,168.4,11.18402861226669,86.8,7.158697088157872,154.0,12.03446384347886,
(BW),blocksworld-ippc08-p04-c2-C1-g0-n5,ROC,CG-iLAO*-tied-elim,5,0.1499232,0.0149546249527369,1804.2,122.78958092607044,168.4,11.18402861226669,86.8,7.158697088157872,154.0,12.03446384347886,
(BW),blocksworld-ippc08-p05-c0-C0-g1-n10,ROC,CG-iLAO*-tied-elim,5,374.3494796,30.163456097424483,9135397.8,76083.7354555176,369390.8,3852.335120674731,116806.4,1400.7347579095765,349173.8,3486.1876743376856,
(BW),blocksworld-ippc08-p06-c1-C1-g20-n10,ROC,CG-iLAO*-tied-elim,5,353.6435104,10.242690169941993,9135397.8,76083.7354555176,369390.8,3852.335120674731,116806.4,1400.7347579095765,349173.8,3486.1876743376856,
(BW),blocksworld-ippc08-p07-c1-C2-g0-n10,ROC,CG-iLAO*-tied-elim,5,354.73540560000004,8.357493386091013,9135397.8,76083.7354555176,369390.8,3852.335120674731,116806.4,1400.7347579095765,349173.8,3486.1876743376856,
(BW),blocksworld-ippc08-p08-c3-C2-g0-n10,ROC,CG-iLAO*-tied-elim,5,371.9773878,30.121162060487663,9135397.8,76083.7354555176,369390.8,3852.335120674731,116806.4,1400.7347579095765,349173.8,3486.1876743376856,
(BW),blocksworld-ippc08-p09-c0-C0-g1-n14,ROC,CG-iLAO*-tied-elim,5,316.3830848,24.43769816795451,937425.2,44990.79411897576,84536.0,4913.711869159606,12961.0,776.0429356163227,42296.4,2209.8208250118378,
(BW),blocksworld-ippc08-p10-c1-C1-g20-n14,ROC,CG-iLAO*-tied-elim,5,322.9081818,24.49394664588758,937425.2,44990.79411897576,84536.0,4913.711869159606,12961.0,776.0429356163227,42296.4,2209.8208250118378,
(BW),blocksworld-ippc08-p11-c1-C2-g0-n14,ROC,CG-iLAO*-tied-elim,5,303.6318214,37.3495870794399,937425.2,44990.79411897576,84536.0,4913.711869159606,12961.0,776.0429356163227,42296.4,2209.8208250118378,
(BW),blocksworld-ippc08-p12-c3-C2-g0-n14,ROC,CG-iLAO*-tied-elim,5,286.9230708,51.62734150748916,937425.2,44990.79411897576,84536.0,4913.711869159606,12961.0,776.0429356163227,42296.4,2209.8208250118378,
(Elev),elevators-ippc04-p01,ROC,CG-iLAO*-tied-elim,5,0.1624896,0.0088899597210929,32956.0,3627.7011987648593,769.8,18.660188209125867,644.6,26.83554240182225,1661.8,75.42155384238647,
(Elev),elevators-ippc04-p02,ROC,CG-iLAO*-tied-elim,5,0.0644894,0.0112026481846649,1548.6,77.56896554679584,102.8,1.1428665713896788,62.0,0.8765386471799175,157.6,5.529840504029026,
(Elev),elevators-ippc04-p03,ROC,CG-iLAO*-tied-elim,5,0.1569866,0.0116067822839758,35433.0,3118.071407136148,748.8,11.91254397683383,645.2,23.87180227800155,1682.8,64.50276322763234,
(Elev),elevators-ippc04-p04,ROC,CG-iLAO*-tied-elim,5,0.1416192,0.0102752134287626,26330.4,1950.5303748303947,580.0,17.17657940336201,444.8,8.663998153277735,1092.6,32.429560835756,
(Elev),elevators-ippc04-p05,ROC,CG-iLAO*-tied-elim,5,0.1197548,0.0118020715291877,12826.6,249.24203420771545,499.6,6.247451960599617,345.8,6.393326520677634,899.0,16.433638671943594,
(Elev),elevators-ippc04-p06,ROC,CG-iLAO*-tied-elim,5,1.1127312,0.0388484413533853,360374.0,58824.50791346885,5917.6,66.29205635670083,4466.2,79.38943647614587,11986.4,146.3079282062322,
(Elev),elevators-ippc04-p07,ROC,CG-iLAO*-tied-elim,5,1.160731,0.0300679724500153,359691.2,7693.548715513797,6041.2,285.92524069063927,4773.0,264.10372719823545,12847.8,635.4389524604231,
(Elev),elevators-ippc04-p08,ROC,CG-iLAO*-tied-elim,5,4.0550486,0.2570580121601243,2611845.4,81651.55303192274,14411.6,9.309484196237726,13963.0,8.338642575383597,41917.8,317.40649329211897,
(Elev),elevators-ippc04-p09,ROC,CG-iLAO*-tied-elim,5,2.6944262,0.0516424033208794,1253575.8,70294.05476095219,12027.0,47.99399295745249,11145.6,39.45689820551027,32090.6,254.2714579656946,
(Elev),elevators-ippc04-p10,ROC,CG-iLAO*-tied-elim,5,6.3050552,0.35945251369143,6358194.6,84749.50119788892,14608.2,23.43327343757163,14398.6,36.1384882915708,45116.6,235.88956249906437,
(Elev),elevators-ippc04-p11,ROC,CG-iLAO*-tied-elim,5,372.3143674,20.0831181139284,267590017.2,3018896.2689039637,515126.6,314.13217844722624,498545.6,529.6312420694231,2029285.4,3396.1413022334623,
(Elev),elevators-ippc04-p12,ROC,CG-iLAO*-tied-elim,5,83.3965194,2.451358202118879,49936249.2,1593168.5630627202,248987.6,1900.1356039019947,204066.8,1956.968809292575,745118.6,8534.668066577398,
(Elev),elevators-ippc04-p13,ROC,CG-iLAO*-tied-elim,4,1635.5878915,29.2217741550538,1533408513.25,7211143.301990122,529829.75,187.85413942737597,526326.5,169.37564287700872,2357440.0,3068.5170383536515,
(Elev),elevators-ippc04-p14,ROC,CG-iLAO*-tied-elim,5,162.6436122,2.622396895332052,86599716.6,3091637.8162817224,461489.4,1819.3726367338825,434394.0,1970.4309994313428,1563827.6,12819.778797833293,
(Elev),elevators-ippc04-p15,ROC,CG-iLAO*-tied-elim,5,471.2742428,16.981675745995936,347130306.6,6599093.328992009,524443.2,190.8454324944665,511947.4,234.69361153640293,2209379.0,7327.451231504717,
(ExBW),exploding-blocksworld-ippc04-fixed-p01,ROC,CG-iLAO*-tied-elim,5,0.0729194,0.0109463268178625,97.0,0.0,56.0,0.0,15.0,0.0,16.0,0.0,
(ExBW),exploding-blocksworld-ippc04-fixed-p02,ROC,CG-iLAO*-tied-elim,5,0.0680204,0.0081762605897375,75.6,10.08209978129556,37.0,2.400499947927514,9.2,0.960199979171006,12.4,1.9203999583420115,
(ExBW),exploding-blocksworld-ippc04-fixed-p03,ROC,CG-iLAO*-tied-elim,5,0.0877134,0.0173948601227953,156.2,10.562199770881064,86.8,6.241299864611537,18.2,0.960199979171006,22.2,0.960199979171006,
(ExBW),exploding-blocksworld-ippc04-fixed-p04,ROC,CG-iLAO*-tied-elim,5,0.1888346,0.0145763067967196,62980.6,6368.238548705285,662.2,25.968335795734003,238.6,5.700871512321602,291.4,4.704,
(ExBW),exploding-blocksworld-ippc04-fixed-p05,ROC,CG-iLAO*-tied-elim,5,0.0653807999999999,0.0119689997722075,0.0,0.0,0.0,0.0,,,,,trivial (s0 in G)
(ExBW),exploding-blocksworld-ippc04-fixed-p06,ROC,CG-iLAO*-tied-elim,5,0.581798,0.0220259090322864,118793.6,983.497572267466,1606.0,101.2164950983781,390.8,24.459983319699955,553.4,42.92176249876047,
(ExBW),exploding-blocksworld-ippc04-fixed-p07,ROC,CG-iLAO*-tied-elim,5,11.131144,0.3401913570663989,732969.4,18659.065986577563,42015.0,836.5740596504291,8067.6,269.0692397432304,14566.6,781.3545838452603,
(ExBW),exploding-blocksworld-ippc04-fixed-p08,ROC,CG-iLAO*-tied-elim,5,0.8794679999999999,0.0220261858846709,4701.0,141.62949692772335,2757.8,92.17919800041656,350.4,7.681599833368045,682.6,30.72639933347218,
(ExBW),exploding-blocksworld-ippc04-fixed-p09,ROC,CG-iLAO*-tied-elim,5,41.7521474,0.9460140318698584,5595875.0,33500.46105388043,170919.6,1314.6068774260991,36936.4,79.08205318528346,70858.0,185.37497220498776,
(ExBW),exploding-blocksworld-ippc04-fixed-p10,ROC,CG-iLAO*-tied-elim,5,257.84621980000003,12.58489784633734,48282008.6,477503.469076683,740176.6,4269.599218017541,186116.6,1001.9696751179648,323515.0,979.95256685209,
(ExBW),exploding-blocksworld-ippc08-fixed-p01-n2-N5-s1,ROC,CG-iLAO*-tied-elim,5,0.0969828,0.0167336463984459,881.2,1.1428665713896788,183.8,1.900290504107201,52.0,0.0,61.2,0.3919999999999999,
(ExBW),exploding-blocksworld-ippc08-fixed-p02-n3-N5-s2,ROC,CG-iLAO*-tied-elim,5,0.1626367999999999,0.0139086032357783,28530.0,744.1665990892093,755.0,27.697789081441137,313.6,5.459928204656174,270.8,3.4731288487471925,
(ExBW),exploding-blocksworld-ippc08-fixed-p03-n3-N6-s3,ROC,CG-iLAO*-tied-elim,5,0.1789206,0.0166526086484759,28484.0,1439.79150646196,649.0,16.126881905687778,173.2,2.092707337398137,300.4,5.207849460189877,
(ExBW),exploding-blocksworld-ippc08-fixed-p04-n4-N6-s4,ROC,CG-iLAO*-tied-elim,5,0.3004264,0.0121194612898402,43459.0,291.29780857397463,1447.2,11.635204510450167,492.8,5.522889099013304,606.8,5.592014306133345,
(ExBW),exploding-blocksworld-ippc08-fixed-p05-n5-N7-s5,ROC,CG-iLAO*-tied-elim,5,0.1069024,0.0178751285479712,238.6,26.264,78.2,1.5679999999999998,22.6,0.7839999999999999,29.6,0.7839999999999999,
(ExBW),exploding-blocksworld-ippc08-fixed-p06-n6-N8-s6,ROC,CG-iLAO*-tied-elim,5,0.3465787999999999,0.0079477875874625,67029.2,1305.7477340068408,1110.4,24.45370025170015,300.4,4.621611840040225,420.8,13.795392854137932,
(ExBW),exploding-blocksworld-ippc08-fixed-p07-n7-N9-s7,ROC,CG-iLAO*-tied-elim,5,0.4184764,0.0417260806203134,3443.6,509.9080791829052,1435.2,237.2987792298983,204.2,32.363155346782854,342.6,94.5049320194454,
(ExBW),exploding-blocksworld-ippc08-fixed-p08-n8-N10-s8,ROC,CG-iLAO*-tied-elim,5,52.490574,3.183153754310432,16198231.2,194008.90412122567,161026.0,4645.600459531576,35815.8,698.0279069951287,65157.2,816.5674741893654,
(ExBW),exploding-blocksworld-ippc08-fixed-p09-n9-N11-s9,ROC,CG-iLAO*-tied-elim,5,5.6893328,0.1768119080054428,581355.0,39421.89433322757,21911.8,486.5608315349685,4534.0,66.18011906909808,8657.0,148.9883657202803,
(ExBW),exploding-blocksworld-ippc08-fixed-p10-n10-N12-s10,ROC,CG-iLAO*-tied-elim,5,202.7401708,20.53767231467006,126167617.4,3962415.6393507626,215056.6,3459.9552295508097,54665.6,737.2637374074488,87592.8,1256.482211216697,
(ExBW),exploding-blocksworld-ippc08-fixed-p11-n11-N13-s11,ROC,CG-iLAO*-tied-elim,5,411.32110760000006,27.706040964631978,13211389.8,242758.16394535243,1440507.8,13834.113070466932,289615.4,2774.4169773586664,539781.8,2778.0916791034806,
(Rand),random-ippc04-p03-problem,ROC,CG-iLAO*-tied-elim,5,0.2689122,0.0179251135939068,657.0,120.17853119421952,381.0,58.62988725897398,10.8,1.900290504107201,23.2,5.2004676712772655,
(Rand),random-ippc04-p04-problem,ROC,CG-iLAO*-tied-elim,5,0.4721745999999999,0.0141771821526993,707.0,0.0,225.2,6.658232798573507,2.0,0.0,60.0,0.0,
(Rand),random-ippc04-p05-problem,ROC,CG-iLAO*-tied-elim,5,10.682971599999998,4.338187613116927,9980.2,4937.921689025049,3924.4,1781.3935922013416,19.2,9.448745101864056,96.0,30.078178136316694,
(Rand),random-ippc04-p06-problem,ROC,CG-iLAO*-tied-elim,5,1.4858554,0.0850851306229704,2435.6,48.21998357527717,608.6,52.31988623840842,16.0,0.0,120.8,3.635258450234316,
(Rand),random-ippc04-p07-problem,ROC,CG-iLAO*-tied-elim,5,0.6128014,0.277069544567314,1276.6,1226.9779404439184,718.6,590.0572105957184,7.8,4.973922395856212,40.4,30.888505564368117,
(Rand),random-ippc04-p08-problem,ROC,CG-iLAO*-tied-elim,0,,,,,,,,,,,
(Rand),random-ippc04-p09-problem,ROC,CG-iLAO*-tied-elim,5,4.9920142,0.6350904123018729,5847.4,2111.161264578336,2408.8,590.3555790064154,3.6,0.7839999999999999,506.4,33.24844080554756,
(Rand),random-ippc04-p10-problem,ROC,CG-iLAO*-tied-elim,2,1606.287856,31.76851888000005,12443039.0,317504.32,1558818.5,39734.1,7572.5,151.9,650493.5,32801.58,
(Rand),random-ippc04-p13-problem,ROC,CG-iLAO*-tied-elim,5,55.788641,16.120641768083203,93693.8,21664.892244622493,20030.2,4043.4482389445766,25.2,5.126065157603831,7634.2,1620.667621464685,
(RectTW),rectangle-tireworld-ippc08-unit-cost-p01-x5-y5-h2-v2-u0-s1,ROC,CG-iLAO*-tied-elim,5,0.191492,0.0088976246221651,1526.0,43.89262352605503,48.0,0.0,24.0,0.0,32.0,0.8765386471799175,
(RectTW),rectangle-tireworld-ippc08-unit-cost-p02-x5-y5-h2-v3-u15-s2,ROC,CG-iLAO*-tied-elim,5,0.1817394,0.0118107985509708,234.8,15.363199666736094,34.0,0.0,11.0,0.0,8.0,0.0,unsolveable
(RectTW),rectangle-tireworld-ippc08-unit-cost-p03-x7-y7-h4-v3-u0-s3,ROC,CG-iLAO*-tied-elim,5,0.5097646,0.0207860107160276,3685.0,108.35981912129606,95.8,0.3919999999999999,47.8,0.3919999999999999,73.8,1.3001169178193164,
(RectTW),rectangle-tireworld-ippc08-unit-cost-p04-x7-y7-h3-v4-u20-s4,ROC,CG-iLAO*-tied-elim,5,0.4415644,0.0128296630677978,3.0,0.0,5.0,0.0,1.0,0.0,0.0,0.0,unsolveable
(RectTW),rectangle-tireworld-ippc08-unit-cost-p05-x9-y9-h3-v5-u30-s5,ROC,CG-iLAO*-tied-elim,5,1.0711514000000002,0.0427366605852606,3.0,0.0,5.0,0.0,1.0,0.0,0.0,0.0,unsolveable
(RectTW),rectangle-tireworld-ippc08-unit-cost-p06-x11-y11-h4-v3-u40-s6,ROC,CG-iLAO*-tied-elim,5,4.3859678,0.5924851966892108,20616.2,829.6565399633754,240.0,0.0,115.0,0.0,177.8,3.36069992709852,
(RectTW),rectangle-tireworld-ippc08-unit-cost-p07-x11-y11-h3-v5-u80-s7,ROC,CG-iLAO*-tied-elim,5,2.5625912,0.093786756611017,3.0,0.0,5.0,0.0,1.0,0.0,0.0,0.0,unsolveable
(RectTW),rectangle-tireworld-ippc08-unit-cost-p08-x11-y11-h6-v7-u80-s8,ROC,CG-iLAO*-tied-elim,5,2.5635258,0.0927747833071357,3.0,0.0,5.0,0.0,1.0,0.0,0.0,0.0,unsolveable
(RectTW),rectangle-tireworld-ippc08-unit-cost-p09-x15-y15-h4-v4-u60-s9,ROC,CG-iLAO*-tied-elim,5,25.992080999999995,2.401997844782421,60698.2,1055.9699681638676,449.0,0.0,223.8,0.3919999999999999,355.4,4.408910976647181,
(RectTW),rectangle-tireworld-ippc08-unit-cost-p10-x15-y15-h10-v10-u150-s10,ROC,CG-iLAO*-tied-elim,5,14.3237212,0.7976359801207399,285631.4,8.534444094374276,244.0,0.0,24.0,0.0,27.2,0.7333648478076924,unsolveable
(RectTW),rectangle-tireworld-ippc08-unit-cost-p11-x20-y20-h5-v5-u80-s11,ROC,CG-iLAO*-tied-elim,5,177.103791,3.1223384590406558,155827.4,785.0999154349718,793.0,0.0,392.0,0.0,648.2,3.5280000000000005,
(RectTW),rectangle-tireworld-ippc08-unit-cost-p12-x20-y20-h15-v15-u300-s12,ROC,CG-iLAO*-tied-elim,5,198.7349918,7.088388580468682,41169335.8,444166.8793633118,774.0,0.0,436.2,0.7333648478076924,574.4,5.93203641256525,unsolveable
(RectTW),rectangle-tireworld-ippc08-unit-cost-p14-x30-y30-h25-v20-u700-s14,ROC,CG-iLAO*-tied-elim,0,,,,,,,,,,,unsolveable
(Sched),schedule-ippc04-p01,ROC,CG-iLAO*-tied-elim,5,0.0651358,0.0121581223260067,1569.0,0.0,36.0,0.0,20.0,0.0,28.0,0.0,
(Sched),schedule-ippc04-p02,ROC,CG-iLAO*-tied-elim,5,0.0596172,0.0097875597142854,2297.0,0.0,36.0,0.0,20.0,0.0,28.0,0.0,
(Sched),schedule-ippc04-p03,ROC,CG-iLAO*-tied-elim,5,0.0747202,0.0087205357218501,4932.0,0.0,50.0,0.0,25.0,0.0,40.0,0.0,
(Sched),schedule-ippc04-p04,ROC,CG-iLAO*-tied-elim,5,31.996590200000004,0.568798286589412,33284627.0,447886.9617517336,69227.4,283.9948694184456,38187.0,170.15577192678475,78334.0,318.69503566889773,
(Sched),schedule-ippc04-p05,ROC,CG-iLAO*-tied-elim,5,1477.5887698,116.70559551240738,754632177.8,1404100.738160664,1557104.0,3747.4625424465553,726919.2,1174.168161952963,1842953.6,3115.3454031962488,
(Sched),schedule-ippc08-p01,ROC,CG-iLAO*-tied-elim,5,0.0770483999999999,0.0106032443246817,2132.0,0.0,50.0,0.0,25.0,0.0,40.0,0.0,
(Sched),schedule-ippc08-p02,ROC,CG-iLAO*-tied-elim,5,0.077526,0.0119701022211775,2932.0,0.0,50.0,0.0,25.0,0.0,40.0,0.0,
(Sched),schedule-ippc08-p03,ROC,CG-iLAO*-tied-elim,5,0.0948739999999999,0.0190512967193018,5967.0,0.0,66.0,0.0,30.0,0.0,54.0,0.0,
(Sched),schedule-ippc08-p04,ROC,CG-iLAO*-tied-elim,5,1226.580322,75.86337045307752,732193317.2,4069714.403253587,1515740.2,5271.620255798401,754923.6,677.2600120603607,1907372.2,3836.91681543189,
(S&R),search-and-rescue-ippc08-strips-p01-z4,ROC,CG-iLAO*-tied-elim,5,0.3423104,0.0121733811593367,456617.8,1981.590863458953,1076.0,0.0,805.8,0.960199979171006,1673.6,13.359668259354343,
(S&R),search-and-rescue-ippc08-strips-p02-z5,ROC,CG-iLAO*-tied-elim,5,1.272931,0.0468025041869941,1933156.0,20658.53130470605,3906.0,0.0,2866.6,13.258643067825606,7580.0,46.80667131937498,
(S&R),search-and-rescue-ippc08-strips-p03-z6,ROC,CG-iLAO*-tied-elim,5,4.9312048,0.1210081829596907,7887601.2,76370.91140788661,13724.0,0.0,9909.8,8.46211699280978,32550.4,88.84790473612756,
(S&R),search-and-rescue-ippc08-strips-p04-z8,ROC,CG-iLAO*-tied-elim,5,90.05812660000001,2.411169785350602,119043734.2,1937604.8865542277,159140.0,0.0,113810.2,16.75083472546965,506632.0,215.72825276259016,
(S&R),search-and-rescue-ippc08-strips-p05-z10,ROC,CG-iLAO*-tied-elim,0,,,,,,,,,,,
(Sys),sysadmin-ippc08-unit-cost-p01,ROC,CG-iLAO*-tied-elim,5,0.1453047999999999,0.0117731715885594,29337.8,573.7464046632449,442.0,0.0,428.6,0.4800999895855029,457.0,2.701673555409683,
(Sys),sysadmin-ippc08-unit-cost-p02,ROC,CG-iLAO*-tied-elim,5,0.4662458,0.0271738734429654,190159.8,3901.602328857209,1564.0,0.0,1541.0,0.0,1632.0,6.588632635076872,
(Sys),sysadmin-ippc08-unit-cost-p03,ROC,CG-iLAO*-tied-elim,5,1.463343,0.0635116294436085,615828.6,12187.659127071776,4705.0,0.0,4676.0,0.0,5143.4,16.649620295970713,
(Sys),sysadmin-ippc08-unit-cost-p04,ROC,CG-iLAO*-tied-elim,5,15.0804878,0.498131596449016,7254044.6,94409.90593528592,33071.0,0.0,33016.0,0.6198064213930023,35641.6,133.5198841221786,
(TriTW),triangle-tireworld-ippc08-p01,ROC,CG-iLAO*-tied-elim,5,0.0397036,0.0078026651405437,341.0,0.0,35.0,0.0,24.0,0.0,22.0,0.0,
(TriTW),triangle-tireworld-ippc08-p02,ROC,CG-iLAO*-tied-elim,5,0.1028186,0.0228036013265469,4820.0,126.1865596646489,342.0,4.294144850840502,229.6,1.4667296956153848,228.8,0.7333648478076924,
(TriTW),triangle-tireworld-ippc08-p03,ROC,CG-iLAO*-tied-elim,5,0.8350177999999999,0.0207246046896973,121209.0,2885.223324236791,3916.4,22.895954577173672,2688.2,15.93999447929641,2881.0,28.43689153195194,
(TriTW),triangle-tireworld-ippc08-p04,ROC,CG-iLAO*-tied-elim,5,13.0772194,0.4668527348203628,3314092.6,259832.29278133623,43544.2,364.45007590066433,31607.6,208.50162727422537,33958.0,338.5090800554691,
(TriTW),triangle-tireworld-ippc08-p05,ROC,CG-iLAO*-tied-elim,5,332.04537220000003,17.255306281126497,74315743.8,1460288.3067801867,590425.6,3590.683656366291,464508.2,3498.1505656423647,491763.4,3130.4044509449573,
(Zeno),zenotravel-ippc04-unit-cost_NO_FORALLS-p01-problem,ROC,CG-iLAO*-tied-elim,5,0.158952,0.0034548508638839,0.0,0.0,0.0,0.0,,,,,trivial (s0 in G)
(Zeno),zenotravel-ippc04-unit-cost_NO_FORALLS-p02-problem,ROC,CG-iLAO*-tied-elim,5,148.3435204,5.743380854057872,56490213.8,137053.61070773052,362710.2,911.5111441907884,238447.0,424.5393480939075,575208.4,1609.0927474375117,
(Zeno),zenotravel-ippc04-unit-cost_NO_FORALLS-p03-problem,ROC,CG-iLAO*-tied-elim,3,1582.976940666667,40.55009870434119,745092034.6666666,2632421.318584761,2070234.3333333333,575.5966779303408,1672960.6666666667,589.251253861863,4989383.666666667,9744.179003017363,
(Zeno),zenotravel-ippc04-unit-cost_NO_FORALLS-p04-problem,ROC,CG-iLAO*-tied-elim,5,172.4759884,1.1633680656806125,57265982.0,146785.80929316784,391380.0,1434.1559874992674,210282.8,693.9447468956012,604470.0,2532.2572701208696,
(Zeno),zenotravel-ippc04-unit-cost_NO_FORALLS-p05-problem,ROC,CG-iLAO*-tied-elim,5,567.7549327999999,20.297923226330763,214953606.8,928553.8789395478,930024.0,1029.1778779589074,603430.4,520.7235694454399,1684588.4,4427.909029808087,
(Zeno),zenotravel-ippc08-unit-cost_NO_FORALLS-p01-c4-p2-a2-s3846-problem,ROC,CG-iLAO*-tied-elim,5,6.1611104,0.0497306709868807,2580644.0,12107.428551728066,25355.6,172.06254937086106,15014.8,82.86281037956654,34193.4,197.0697884912855,
(Zeno),zenotravel-ippc08-unit-cost_NO_FORALLS-p02-c5-p2-a2-s17462-problem,ROC,CG-iLAO*-tied-elim,5,4.021906599999999,0.0971500594848883,1343570.6,18144.847294222567,15469.2,118.52799190064766,8582.8,44.25608821393955,22358.8,203.12296193192927,
(Zeno),zenotravel-ippc08-unit-cost_NO_FORALLS-p04-c6-p2-a2-s12861-problem,ROC,CG-iLAO*-tied-elim,5,69.13428359999999,2.7090647488489794,25671875.6,60785.504602219895,209995.2,515.7487405937119,116336.6,345.247532440132,289997.4,1271.7025573993317,
(Coresec),coresec-icaps16-bigger-p01-problem,ROC,CG-iLAO*-tied-elim,5,0.7381588000000001,0.0178735087903026,132210.4,910.5288800340162,8685.6,24.492942983643267,4098.2,8.708225077477039,8018.8,36.936510717716686,
(Coresec),coresec-icaps16-bigger-p02-problem,ROC,CG-iLAO*-tied-elim,5,2.1521602,0.0547727689314948,432445.6,6002.037201358886,25222.2,51.56476533448009,11268.8,44.455288819217,23744.2,149.6641933930758,
(Coresec),coresec-icaps16-bigger-p03-problem,ROC,CG-iLAO*-tied-elim,5,6.194847,0.1920430806288949,1528185.4,12900.582492551874,62252.8,63.578968094803166,35381.0,117.55752566297063,71305.2,310.21011083457614,
(Coresec),coresec-icaps16-bigger-p04-problem,ROC,CG-iLAO*-tied-elim,5,16.524276800000003,0.2055856881268742,3905655.0,18408.65205130674,167991.0,84.29139457856893,82205.2,107.6830492881772,170790.6,302.3229953807682,
(Coresec),coresec-icaps16-bigger-p05-problem,ROC,CG-iLAO*-tied-elim,5,407.1705986,10.659459574432026,83884530.0,92741.4816521194,2758686.2,631.6503771422921,1241279.4,691.2763565000614,3001743.6,2499.775317218729,
(Coresec),coresec-icaps16-bigger-p06-problem,ROC,CG-iLAO*-tied-elim,0,,,,,,,,,,,
(Coresec),coresec-icaps16-bigger-p07-problem,ROC,CG-iLAO*-tied-elim,0,,,,,,,,,,,
(PARC-N),no-repair-parc_NOREPAIR_s4_c1_fN.N_uN-facts,ROC,CG-iLAO*-tied-elim,5,9.6943614,0.3794829239802019,1738234.4,31500.641365875963,32231.2,1372.3670868918418,8753.4,327.3033337074341,19421.2,1119.999190099707,
(PARC-N),no-repair-parc_NOREPAIR_s4_c2_fN.N_uN-facts,ROC,CG-iLAO*-tied-elim,5,14.9692216,0.6812665182094888,2936805.0,63265.146968827634,42604.2,1759.1467227221272,11324.8,368.09582739281353,24421.0,1150.6530519318148,
(PARC-N),no-repair-parc_NOREPAIR_s4_c3_fN.N_uN-facts,ROC,CG-iLAO*-tied-elim,5,20.0790692,0.7878203794190353,5294921.6,152762.5615120624,56218.4,3100.741222936219,13933.2,663.9499349077458,30769.0,2044.7770805053544,
(PARC-N),no-repair-parc_NOREPAIR_s5_c1_fN.N_uN-facts,ROC,CG-iLAO*-tied-elim,5,110.849359,4.691377134212103,21407554.2,411547.4707650424,312825.2,13661.63870675784,66336.8,2715.104982055758,165066.2,11741.841025286622,
(PARC-N),no-repair-parc_NOREPAIR_s5_c2_fN.N_uN-facts,ROC,CG-iLAO*-tied-elim,5,165.9593624,7.281007049442,35816438.6,767190.9236286465,413335.6,22937.177807486605,86455.6,5017.321863697404,217187.2,18918.91175593522,
(PARC-N),no-repair-parc_NOREPAIR_s5_c3_fN.N_uN-facts,ROC,CG-iLAO*-tied-elim,5,233.7818208,13.023972122978051,66086548.2,1718109.5469475198,532452.8,40054.90509125173,104681.2,8521.191178396597,276302.8,33224.31946281855,
(PARC-R),with-repair-parc_REPAIR_s4_c1_fN.N_uN-facts,ROC,CG-iLAO*-tied-elim,5,35.431887,0.8462422371487086,9618705.6,77542.87538795201,95116.2,1207.259991312559,24523.4,304.3152327702312,76337.0,763.7240036557708,
(PARC-R),with-repair-parc_REPAIR_s4_c2_fN.N_uN-facts,ROC,CG-iLAO*-tied-elim,5,91.5477154,2.2466729512425707,22681049.4,98747.54142460508,208689.2,651.8791459035946,55876.8,191.53161719152277,178730.4,751.6584923061802,
(PARC-R),with-repair-parc_REPAIR_s4_c3_fN.N_uN-facts,ROC,CG-iLAO*-tied-elim,5,128.354714,3.910983240015133,32828690.8,66596.08933391377,281829.6,493.9816739272824,70354.6,155.53510811389174,216544.2,822.9298490053692,
(PARC-R),with-repair-parc_REPAIR_s5_c1_fN.N_uN-facts,ROC,CG-iLAO*-tied-elim,5,470.991507,9.647509684528666,97551565.4,1252805.262631129,1052854.8,5016.387693077958,219892.4,821.4363507515357,804299.6,3144.0743359049256,
(PARC-R),with-repair-parc_REPAIR_s5_c2_fN.N_uN-facts,ROC,CG-iLAO*-tied-elim,5,1320.6007268,44.25982730394524,240530709.4,974668.5738963474,2297980.6,3160.853272535124,493460.2,603.5028740146976,1764269.8,4815.416872511039,
(PARC-R),with-repair-parc_REPAIR_s5_c3_fN.N_uN-facts,ROC,CG-iLAO*-tied-elim,0,,,,,,,,,,,
(TriTW),intermediate-triangle-tireworld-tire6-start10,LMCut,CG-iLAO*-tied-elim,0,,,,,,,,,,,
(TriTW),intermediate-triangle-tireworld-tire6-start8,LMCut,CG-iLAO*-tied-elim,5,1205.4978096,61.01690897658097,175858289.6,4641371.939566109,3210856.8,56636.57333221266,2284653.0,27858.846677936974,2779331.4,40731.32250979651,
(TriTW),intermediate-triangle-tireworld-tire6-start9,LMCut,CG-iLAO*-tied-elim,0,,,,,,,,,,,
(BW),blocksworld-ippc04-p01,LMCut,CG-iLAO*-tied-elim,5,1.8512356,0.1720036757975352,55446.0,5940.786803634684,2476.4,263.49399070187536,993.4,99.32308460775874,1958.0,226.85846406956037,
(BW),blocksworld-ippc04-p02,LMCut,CG-iLAO*-tied-elim,5,1.175934,0.0219222017843135,38035.4,499.7602603809149,1559.4,20.655461650614345,629.6,7.349346637627048,1198.6,15.164371928965602,
(BW),blocksworld-ippc04-p03,LMCut,CG-iLAO*-tied-elim,5,0.601577,0.0220101682443619,12055.8,1163.231582129715,777.8,44.64929903145177,273.4,14.005430946600676,513.4,36.59273283044052,
(BW),blocksworld-ippc04-p04,LMCut,CG-iLAO*-tied-elim,5,2.7642894,0.1961965599332149,109990.6,14006.875365274582,3833.2,359.5675423394053,1670.4,165.7963061590939,3369.6,404.4447533297965,
(BW),blocksworld-ippc04-p05,LMCut,CG-iLAO*-tied-elim,5,1.0417786,0.0891100236904338,32484.0,3544.128397516094,1426.2,146.87895282851116,568.4,60.81561325843882,1128.6,143.57665581841638,
(BW),blocksworld-ippc04-p06,LMCut,CG-iLAO*-tied-elim,0,,,,,,,,,,,
(BW),blocksworld-ippc04-p07,LMCut,CG-iLAO*-tied-elim,0,,,,,,,,,,,
(BW),blocksworld-ippc04-p08,LMCut,CG-iLAO*-tied-elim,0,,,,,,,,,,,
(BW),blocksworld-ippc04-p09,LMCut,CG-iLAO*-tied-elim,0,,,,,,,,,,,
(BW),blocksworld-ippc04-p10,LMCut,CG-iLAO*-tied-elim,0,,,,,,,,,,,
(BW),blocksworld-ippc08-p01-c0-C0-g1-n5,LMCut,CG-iLAO*-tied-elim,5,0.5990643999999999,0.0217761030455666,25928.0,2756.9971291388747,748.8,42.489075113492405,543.0,52.273607872424485,891.4,85.87081888511369,
(BW),blocksworld-ippc08-p02-c1-C1-g20-n5,LMCut,CG-iLAO*-tied-elim,5,0.5939936,0.0262914376446099,25928.0,2756.9971291388747,748.8,42.489075113492405,543.0,52.273607872424485,891.4,85.87081888511369,
(BW),blocksworld-ippc08-p03-c1-C2-g40-n5,LMCut,CG-iLAO*-tied-elim,5,0.5980792,0.0234387238545938,25928.0,2756.9971291388747,748.8,42.489075113492405,543.0,52.273607872424485,891.4,85.87081888511369,
(BW),blocksworld-ippc08-p04-c2-C1-g0-n5,LMCut,CG-iLAO*-tied-elim,5,0.5894686,0.026260226879631,25928.0,2756.9971291388747,748.8,42.489075113492405,543.0,52.273607872424485,891.4,85.87081888511369,
(BW),blocksworld-ippc08-p05-c0-C0-g1-n10,LMCut,CG-iLAO*-tied-elim,0,,,,,,,,,,,
(BW),blocksworld-ippc08-p06-c1-C1-g20-n10,LMCut,CG-iLAO*-tied-elim,0,,,,,,,,,,,
(BW),blocksworld-ippc08-p07-c1-C2-g0-n10,LMCut,CG-iLAO*-tied-elim,0,,,,,,,,,,,
(BW),blocksworld-ippc08-p08-c3-C2-g0-n10,LMCut,CG-iLAO*-tied-elim,0,,,,,,,,,,,
(BW),blocksworld-ippc08-p09-c0-C0-g1-n14,LMCut,CG-iLAO*-tied-elim,0,,,,,,,,,,,
(BW),blocksworld-ippc08-p10-c1-C1-g20-n14,LMCut,CG-iLAO*-tied-elim,0,,,,,,,,,,,
(BW),blocksworld-ippc08-p11-c1-C2-g0-n14,LMCut,CG-iLAO*-tied-elim,0,,,,,,,,,,,
(BW),blocksworld-ippc08-p12-c3-C2-g0-n14,LMCut,CG-iLAO*-tied-elim,0,,,,,,,,,,,
(Elev),elevators-ippc04-p01,LMCut,CG-iLAO*-tied-elim,5,0.019732,0.008536312082458,918.4,206.20615920966085,124.2,31.32568122164305,43.8,7.87422529522746,86.0,15.606326922117198,
(Elev),elevators-ippc04-p02,LMCut,CG-iLAO*-tied-elim,5,0.0089096,0.0041838731578593,77.0,0.0,34.0,0.0,8.0,0.0,9.0,0.0,
(Elev),elevators-ippc04-p03,LMCut,CG-iLAO*-tied-elim,5,0.0244848,0.0070728027116542,1947.8,64.5920371562935,134.4,4.744657627268801,81.6,1.8176292251171575,148.6,3.800581008214402,
(Elev),elevators-ippc04-p04,LMCut,CG-iLAO*-tied-elim,5,0.0214062,0.0055494394989101,2079.0,149.91117369962788,156.8,7.499401576125924,94.8,4.312,192.8,8.882931047801732,
(Elev),elevators-ippc04-p05,LMCut,CG-iLAO*-tied-elim,5,0.0126261999999999,0.0062547772431177,435.2,32.96298141855497,73.0,3.1604050373330312,26.0,1.753077294359835,40.6,2.744,
(Elev),elevators-ippc04-p06,LMCut,CG-iLAO*-tied-elim,5,0.2815839999999999,0.0089484515329525,16946.0,504.01810634142896,706.8,19.740615593238218,365.4,8.142850606513665,853.8,29.69513199162448,
(Elev),elevators-ippc04-p07,LMCut,CG-iLAO*-tied-elim,5,0.1669611999999999,0.0132878379954447,5194.2,699.2543862601077,366.6,29.9219534121688,173.2,21.06794873735932,382.2,40.626407963294014,
(Elev),elevators-ippc04-p08,LMCut,CG-iLAO*-tied-elim,5,3.8222894,0.0442289152264616,896325.0,10070.25588306474,7382.0,24.62902028096124,5554.6,17.700872746844993,14158.4,103.24122091490392,
(Elev),elevators-ippc04-p09,LMCut,CG-iLAO*-tied-elim,5,1.6255202,0.049778261755407,177913.0,4536.732577263068,3167.0,89.1293702434837,2214.4,52.367590893605175,5651.2,95.87866448798712,
(Elev),elevators-ippc04-p10,LMCut,CG-iLAO*-tied-elim,5,8.241785199999999,0.1324388497101513,4232953.2,71495.92692739402,11978.8,28.6950961664184,10992.0,28.638812824556812,31848.4,195.5875740838359,
(Elev),elevators-ippc04-p11,LMCut,CG-iLAO*-tied-elim,5,654.1065501999999,8.446926797654521,183360982.2,1734735.1574250362,327745.8,924.9585350619776,279706.6,896.7199425104807,951715.8,3608.331329163662,
(Elev),elevators-ippc04-p12,LMCut,CG-iLAO*-tied-elim,5,113.68694680000002,0.9436562122870268,13036049.6,320413.3148014551,84647.8,385.4769426878863,61957.2,266.2069662198944,204882.6,1009.007847707836,
(Elev),elevators-ippc04-p13,LMCut,CG-iLAO*-tied-elim,0,,,,,,,,,,,
(Elev),elevators-ippc04-p14,LMCut,CG-iLAO*-tied-elim,5,63.892801,0.5696694905198209,2086636.4,152929.2544802599,38850.0,376.7153652295059,23336.6,305.31905897929136,62971.8,685.6870005942943,
(Elev),elevators-ippc04-p15,LMCut,CG-iLAO*-tied-elim,5,917.9442234,7.155121550133214,193984303.2,1471532.4858986833,480928.6,537.1099545679637,441288.0,588.9292856701898,1631295.8,4987.559296848911,
(ExBW),exploding-blocksworld-ippc04-fixed-p01,LMCut,CG-iLAO*-tied-elim,5,0.009322,0.0051335736905668,95.0,0.0,56.0,0.0,15.0,0.0,16.0,0.0,
(ExBW),exploding-blocksworld-ippc04-fixed-p02,LMCut,CG-iLAO*-tied-elim,5,0.0115188,0.0033582447133798,34.0,0.0,22.0,0.0,6.0,0.0,6.0,0.0,
(ExBW),exploding-blocksworld-ippc04-fixed-p03,LMCut,CG-iLAO*-tied-elim,5,0.0111022,0.0053300620481101,106.0,0.0,71.0,0.0,15.0,0.0,16.0,0.0,
(ExBW),exploding-blocksworld-ippc04-fixed-p04,LMCut,CG-iLAO*-tied-elim,5,0.0845382,0.0205871353507743,46426.4,11154.950904889542,566.2,21.09528250581157,209.6,3.997631298656744,245.0,8.85260639585879,
(ExBW),exploding-blocksworld-ippc04-fixed-p05,LMCut,CG-iLAO*-tied-elim,5,0.0081008,0.0037702738718644,0.0,0.0,0.0,0.0,,,,,trivial (s0 in G)
(ExBW),exploding-blocksworld-ippc04-fixed-p06,LMCut,CG-iLAO*-tied-elim,5,0.65966,0.0256915437207249,120447.4,101.09800836811772,1497.6,83.59945703172957,368.4,15.687348278150772,464.2,23.044799500104137,
(ExBW),exploding-blocksworld-ippc04-fixed-p07,LMCut,CG-iLAO*-tied-elim,5,5.4080192,0.1535437839411454,518062.4,1320.7466362690463,15543.0,678.4964021127894,2986.8,130.9632048477739,3650.8,182.98402964193343,
(ExBW),exploding-blocksworld-ippc04-fixed-p08,LMCut,CG-iLAO*-tied-elim,5,0.4311047999999999,0.0347512439233461,1995.0,146.737124954798,1211.4,95.94315116776184,163.2,7.995262597313487,253.0,30.965518887950196,
(ExBW),exploding-blocksworld-ippc04-fixed-p09,LMCut,CG-iLAO*-tied-elim,5,65.93598940000001,0.7955870102928835,5446707.0,43462.65323550507,154880.6,845.3854223110308,33189.8,184.8264411387072,59073.8,189.49297840289492,
(ExBW),exploding-blocksworld-ippc04-fixed-p10,LMCut,CG-iLAO*-tied-elim,5,254.5895804,4.315371889469676,39961266.6,316614.9844465567,524562.6,4484.625567043028,138188.8,1221.549994942491,222402.2,1602.5699298015047,
(ExBW),exploding-blocksworld-ippc08-fixed-p01-n2-N5-s1,LMCut,CG-iLAO*-tied-elim,5,0.0127832,0.0057645975276461,355.0,0.0,125.0,0.0,39.0,0.0,39.0,0.0,
(ExBW),exploding-blocksworld-ippc08-fixed-p02-n3-N5-s2,LMCut,CG-iLAO*-tied-elim,5,0.0642394,0.0056646016119137,24714.8,25.640815587652437,725.8,22.230236705892267,301.6,3.428599714169036,253.6,3.428599714169036,
(ExBW),exploding-blocksworld-ippc08-fixed-p03-n3-N6-s3,LMCut,CG-iLAO*-tied-elim,5,0.0970842,0.0064591812162644,33042.0,2908.154516087479,624.4,25.917989428194463,163.4,6.123235745910816,265.8,7.701578020120293,
(ExBW),exploding-blocksworld-ippc08-fixed-p04-n4-N6-s4,LMCut,CG-iLAO*-tied-elim,5,0.1227404,0.0066439363946816,42563.4,1066.6496837931372,1037.6,6.0601729348262,368.8,4.400189086846155,433.4,3.428599714169036,
(ExBW),exploding-blocksworld-ippc08-fixed-p05-n5-N7-s5,LMCut,CG-iLAO*-tied-elim,5,0.018552,0.0040545969572326,165.2,13.823211783084275,69.4,1.176,18.8,0.3919999999999999,21.8,0.3919999999999999,
(ExBW),exploding-blocksworld-ippc08-fixed-p06-n6-N8-s6,LMCut,CG-iLAO*-tied-elim,5,0.1738264,0.0107735072659675,9378.0,432.5853654482546,841.6,8.800378173692309,231.4,3.136,274.4,9.226584200016818,
(ExBW),exploding-blocksworld-ippc08-fixed-p07-n7-N9-s7,LMCut,CG-iLAO*-tied-elim,5,0.2839994,0.027718906307107,1949.4,236.0645676419907,929.0,100.07522770396278,138.6,12.543999999999995,201.4,19.84929459703795,
(ExBW),exploding-blocksworld-ippc08-fixed-p08-n8-N10-s8,LMCut,CG-iLAO*-tied-elim,5,92.4172798,2.8825290893945064,17381851.6,146716.01514371773,132748.2,5268.810207360291,29834.4,767.0551087998828,49682.0,797.942696188141,
(ExBW),exploding-blocksworld-ippc08-fixed-p09-n9-N11-s9,LMCut,CG-iLAO*-tied-elim,5,16.4780844,0.3873597659418092,1332838.4,52756.495200329,22462.4,960.2089009876966,4699.2,214.5814230169984,8190.4,247.51828008452225,
(ExBW),exploding-blocksworld-ippc08-fixed-p10-n10-N12-s10,LMCut,CG-iLAO*-tied-elim,5,373.1888892,17.786018805045483,121423844.2,3201470.81701982,208210.6,2626.5373865559195,52814.8,600.9650221302401,76407.4,816.1183463787589,
(ExBW),exploding-blocksworld-ippc08-fixed-p11-n11-N13-s11,LMCut,CG-iLAO*-tied-elim,0,,,,,,,,,,,
(Rand),random-ippc04-p03-problem,LMCut,CG-iLAO*-tied-elim,5,1.7910796000000002,0.0220698431674703,33380.2,471.2886738974319,1385.0,0.0,60.0,0.0,121.6,3.011009133164494,
(Rand),random-ippc04-p04-problem,LMCut,CG-iLAO*-tied-elim,0,,,,,,,,,,,
(Rand),random-ippc04-p05-problem,LMCut,CG-iLAO*-tied-elim,0,,,,,,,,,,,
(Rand),random-ippc04-p06-problem,LMCut,CG-iLAO*-tied-elim,5,5.4202052,0.5542380610371791,2435.6,48.21998357527717,608.6,52.31988623840842,16.0,0.0,120.8,3.635258450234316,
(Rand),random-ippc04-p07-problem,LMCut,CG-iLAO*-tied-elim,5,0.18239,0.0390733012627313,335.2,104.66546815449686,270.4,52.26846330245418,3.4,0.4800999895855028,53.8,48.97019893772129,
(Rand),random-ippc04-p08-problem,LMCut,CG-iLAO*-tied-elim,0,,,,,,,,,,,
(Rand),random-ippc04-p09-problem,LMCut,CG-iLAO*-tied-elim,0,,,,,,,,,,,
(Rand),random-ippc04-p10-problem,LMCut,CG-iLAO*-tied-elim,0,,,,,,,,,,,
(Rand),random-ippc04-p13-problem,LMCut,CG-iLAO*-tied-elim,5,22.876445,1.4952565393672104,21203.4,131.47144699895864,5401.8,26.8841705098,7.0,0.0,844.8,3.0616178729554084,
(RectTW),rectangle-tireworld-ippc08-unit-cost-p01-x5-y5-h2-v2-u0-s1,LMCut,CG-iLAO*-tied-elim,5,0.0238338,0.0116545663715225,1385.2,53.98154558735791,48.0,0.0,24.0,0.0,31.6,0.7839999999999999,
(RectTW),rectangle-tireworld-ippc08-unit-cost-p02-x5-y5-h2-v3-u15-s2,LMCut,CG-iLAO*-tied-elim,5,0.0183882,0.0049896095914834,234.8,15.363199666736094,34.0,0.0,11.0,0.0,8.0,0.0,unsolveable
(RectTW),rectangle-tireworld-ippc08-unit-cost-p03-x7-y7-h4-v3-u0-s3,LMCut,CG-iLAO*-tied-elim,5,0.155493,0.0055596623215875,3407.0,54.33125656562712,96.0,0.0,48.0,0.0,72.6,1.7086883858679438,
(RectTW),rectangle-tireworld-ippc08-unit-cost-p04-x7-y7-h3-v4-u20-s4,LMCut,CG-iLAO*-tied-elim,5,0.0375978,0.0045776199005754,3.0,0.0,5.0,0.0,1.0,0.0,0.0,0.0,unsolveable
(RectTW),rectangle-tireworld-ippc08-unit-cost-p05-x9-y9-h3-v5-u30-s5,LMCut,CG-iLAO*-tied-elim,5,0.0767398,0.0036358045116953,3.0,0.0,5.0,0.0,1.0,0.0,0.0,0.0,unsolveable
(RectTW),rectangle-tireworld-ippc08-unit-cost-p06-x11-y11-h4-v3-u40-s6,LMCut,CG-iLAO*-tied-elim,5,3.8471412,0.538989514184306,18822.4,401.7830767167776,239.0,0.0,113.0,0.0,173.4,3.196663260338817,
(RectTW),rectangle-tireworld-ippc08-unit-cost-p07-x11-y11-h3-v5-u80-s7,LMCut,CG-iLAO*-tied-elim,5,0.1705542,0.0034661321515579,3.0,0.0,5.0,0.0,1.0,0.0,0.0,0.0,unsolveable
(RectTW),rectangle-tireworld-ippc08-unit-cost-p08-x11-y11-h6-v7-u80-s8,LMCut,CG-iLAO*-tied-elim,5,0.167105,0.0108905825974407,3.0,0.0,5.0,0.0,1.0,0.0,0.0,0.0,unsolveable
(RectTW),rectangle-tireworld-ippc08-unit-cost-p09-x15-y15-h4-v4-u60-s9,LMCut,CG-iLAO*-tied-elim,5,34.1748014,2.0005437824821843,56569.2,584.474629102068,449.0,0.0,223.8,0.3919999999999999,358.4,7.401433374691687,
(RectTW),rectangle-tireworld-ippc08-unit-cost-p10-x15-y15-h10-v10-u150-s10,LMCut,CG-iLAO*-tied-elim,5,7.268980600000001,0.8592391838146489,285625.8,16.842320030209613,244.0,0.0,24.0,0.0,27.2,0.7333648478076924,unsolveable
(RectTW),rectangle-tireworld-ippc08-unit-cost-p11-x20-y20-h5-v5-u80-s11,LMCut,CG-iLAO*-tied-elim,5,282.5681224,15.110300885843063,148708.6,980.3171942672432,793.0,0.0,392.0,0.0,649.6,6.749916740227245,
(RectTW),rectangle-tireworld-ippc08-unit-cost-p12-x20-y20-h15-v15-u300-s12,LMCut,CG-iLAO*-tied-elim,5,284.4781296,23.647831053445984,40969908.6,542662.7878530014,774.0,0.0,436.6,0.7839999999999999,574.2,5.727762564911363,unsolveable
(RectTW),rectangle-tireworld-ippc08-unit-cost-p14-x30-y30-h25-v20-u700-s14,LMCut,CG-iLAO*-tied-elim,5,13.2840336,0.4702258674723819,3.0,0.0,5.0,0.0,1.0,0.0,0.0,0.0,unsolveable
(Sched),schedule-ippc04-p01,LMCut,CG-iLAO*-tied-elim,5,0.0104698,0.004238729071359,1961.0,0.0,36.0,0.0,20.0,0.0,28.0,0.0,
(Sched),schedule-ippc04-p02,LMCut,CG-iLAO*-tied-elim,5,0.008174,0.0052831958697591,3025.0,0.0,36.0,0.0,20.0,0.0,28.0,0.0,
(Sched),schedule-ippc04-p03,LMCut,CG-iLAO*-tied-elim,5,0.014181,0.0043140430387282,6932.0,0.0,50.0,0.0,25.0,0.0,40.0,0.0,
(Sched),schedule-ippc04-p04,LMCut,CG-iLAO*-tied-elim,5,20.8891486,0.6750578266144859,17282551.2,292952.4994983361,62201.6,300.7080776035123,28565.6,156.58253419842202,48181.4,262.5021787642914,
(Sched),schedule-ippc04-p05,LMCut,CG-iLAO*-tied-elim,0,,,,,,,,,,,
(Sched),schedule-ippc08-p01,LMCut,CG-iLAO*-tied-elim,5,0.0088318,0.0050965672527362,2532.0,0.0,50.0,0.0,25.0,0.0,40.0,0.0,
(Sched),schedule-ippc08-p02,LMCut,CG-iLAO*-tied-elim,5,0.0175648,0.0021444103197438,3812.0,0.0,50.0,0.0,25.0,0.0,40.0,0.0,
(Sched),schedule-ippc08-p03,LMCut,CG-iLAO*-tied-elim,5,0.0195334,0.006784754769907,8235.0,0.0,66.0,0.0,30.0,0.0,54.0,0.0,
(Sched),schedule-ippc08-p04,LMCut,CG-iLAO*-tied-elim,5,877.8885644,36.35442760951348,380164102.4,1670954.8992341068,1406455.6,4757.177918347809,610310.8,1106.05274719789,1177614.0,6218.635602149397,
(S&R),search-and-rescue-ippc08-strips-p01-z4,LMCut,CG-iLAO*-tied-elim,5,0.2618532,0.0053078977596393,462153.8,6779.343284978568,1076.0,0.0,810.6,3.372111504680709,1675.6,6.862799428804545,
(S&R),search-and-rescue-ippc08-strips-p02-z5,LMCut,CG-iLAO*-tied-elim,5,1.0539844,0.0137965672031072,1962419.0,32894.33293113694,3906.0,0.0,2866.2,6.629321533912803,7538.6,20.32738291074382,
(S&R),search-and-rescue-ippc08-strips-p03-z6,LMCut,CG-iLAO*-tied-elim,5,4.4734684,0.1493098630593119,7839855.8,64016.38686429642,13724.0,0.0,9914.2,7.701578020120293,32323.6,50.93210005487698,
(S&R),search-and-rescue-ippc08-strips-p04-z8,LMCut,CG-iLAO*-tied-elim,5,86.4135384,1.7872228297721078,118102600.6,729285.8788743006,159140.0,0.0,113816.6,21.80450448875186,505051.6,376.5886894955822,
(S&R),search-and-rescue-ippc08-strips-p05-z10,LMCut,CG-iLAO*-tied-elim,1,1719.384567,,1672427739.0,,1749740.0,,1251557.0,,6957468.0,,
(Sys),sysadmin-ippc08-unit-cost-p01,LMCut,CG-iLAO*-tied-elim,5,0.0410804,0.0046237715898188,29299.2,651.0521116346985,442.0,0.0,430.0,0.0,453.4,4.092600151492936,
(Sys),sysadmin-ippc08-unit-cost-p02,LMCut,CG-iLAO*-tied-elim,5,0.1843454,0.0037198773131295,170685.8,1036.7272475554985,1601.0,0.0,1580.0,0.0,1673.6,8.166405329151866,
(Sys),sysadmin-ippc08-unit-cost-p03,LMCut,CG-iLAO*-tied-elim,5,0.731812,0.0587109923082483,608835.8,7048.011374183784,4715.0,0.0,4692.0,0.0,5147.8,23.482403284161524,
(Sys),sysadmin-ippc08-unit-cost-p04,LMCut,CG-iLAO*-tied-elim,5,10.655519,0.8169478943914203,7185196.4,43786.530964477366,33076.2,5.200467671277266,33020.6,3.592739344845378,35510.2,26.24790551644073,
(TriTW),triangle-tireworld-ippc08-p01,LMCut,CG-iLAO*-tied-elim,5,0.0108146,0.0044743464355742,277.4,1.9203999583420115,33.8,0.9601999791710056,21.4,0.4800999895855028,22.0,0.0,
(TriTW),triangle-tireworld-ippc08-p02,LMCut,CG-iLAO*-tied-elim,5,0.0211185999999999,0.0053542245461855,4056.4,317.41992743997656,405.2,13.809309323785891,249.6,8.908841451052993,275.6,12.921142983498012,
(TriTW),triangle-tireworld-ippc08-p03,LMCut,CG-iLAO*-tied-elim,5,0.5281026,0.0065103891362234,123133.6,2458.0601072097484,6071.8,48.30276745694805,4004.0,24.012999812601507,4610.2,29.093953736128743,
(TriTW),triangle-tireworld-ippc08-p04,LMCut,CG-iLAO*-tied-elim,5,17.5030752,0.9204343334454672,3956163.6,55320.18950750129,101287.2,1340.0850389374548,70097.4,678.7365953416685,84872.8,1072.9820176237808,
(TriTW),triangle-tireworld-ippc08-p05,LMCut,CG-iLAO*-tied-elim,5,618.0233816,25.09822210346572,113211003.8,1051061.8265329658,1731951.8,29089.98223016412,1225638.8,13877.28801757692,1476345.2,7670.097788356026,
(Zeno),zenotravel-ippc04-unit-cost_NO_FORALLS-p01-problem,LMCut,CG-iLAO*-tied-elim,5,0.021872,0.0076043729555355,0.0,0.0,0.0,0.0,,,,,trivial (s0 in G)
(Zeno),zenotravel-ippc04-unit-cost_NO_FORALLS-p02-problem,LMCut,CG-iLAO*-tied-elim,5,1173.391826,28.98736112350597,72274459.4,379670.8208137521,417887.0,2106.7810155970174,281370.8,1619.880700911027,668094.2,6988.9588480505445,
(Zeno),zenotravel-ippc04-unit-cost_NO_FORALLS-p03-problem,LMCut,CG-iLAO*-tied-elim,0,,,,,,,,,,,
(Zeno),zenotravel-ippc04-unit-cost_NO_FORALLS-p04-problem,LMCut,CG-iLAO*-tied-elim,0,,,,,,,,,,,
(Zeno),zenotravel-ippc04-unit-cost_NO_FORALLS-p05-problem,LMCut,CG-iLAO*-tied-elim,0,,,,,,,,,,,
(Zeno),zenotravel-ippc08-unit-cost_NO_FORALLS-p01-c4-p2-a2-s3846-problem,LMCut,CG-iLAO*-tied-elim,5,24.3925266,0.3549050594905659,3025900.0,19125.563661052187,28310.6,104.87483633360291,17353.0,104.335717374253,35566.8,312.36546503094735,
(Zeno),zenotravel-ippc08-unit-cost_NO_FORALLS-p02-c5-p2-a2-s17462-problem,LMCut,CG-iLAO*-tied-elim,5,22.469622,0.1053714437528796,1677584.2,22949.461972253383,18744.4,169.56843460974684,10226.6,99.98228771137414,23209.4,277.1010263712497,
(Zeno),zenotravel-ippc08-unit-cost_NO_FORALLS-p04-c6-p2-a2-s12861-problem,LMCut,CG-iLAO*-tied-elim,5,625.2531862,7.267661515489204,35387714.6,420999.4257779906,273151.2,1657.753748342618,150890.6,536.4397185294914,358642.2,2140.110474359676,
(Coresec),coresec-icaps16-bigger-p01-problem,LMCut,CG-iLAO*-tied-elim,5,0.4692322,0.0345253376526942,344849.0,2693.780746742392,9146.0,0.0,7633.4,23.426715006590232,12596.8,160.4226175575003,
(Coresec),coresec-icaps16-bigger-p02-problem,LMCut,CG-iLAO*-tied-elim,5,1.5105904,0.0545892980300199,1120306.8,7802.805895670094,26474.0,0.0,21816.2,13.05130430263581,40460.6,162.90135302077758,
(Coresec),coresec-icaps16-bigger-p03-problem,LMCut,CG-iLAO*-tied-elim,5,4.8568768,0.1337774272538714,3436112.2,17114.493173164785,64018.0,0.0,54649.6,44.55110611421449,100868.8,400.94165488759086,
(Coresec),coresec-icaps16-bigger-p04-problem,LMCut,CG-iLAO*-tied-elim,5,15.1285078,0.3678069100194494,9862509.2,13417.70857686453,173761.6,0.4800999895855028,145421.8,99.07097205539068,281382.8,794.522789946267,
(Coresec),coresec-icaps16-bigger-p05-problem,LMCut,CG-iLAO*-tied-elim,5,652.2648674,39.49193824782182,213673216.0,84012.02270328408,2872959.0,8.24598811544135,2386746.4,733.8088182190236,5582618.2,2798.298486649342,
(Coresec),coresec-icaps16-bigger-p06-problem,LMCut,CG-iLAO*-tied-elim,0,,,,,,,,,,,
(Coresec),coresec-icaps16-bigger-p07-problem,LMCut,CG-iLAO*-tied-elim,0,,,,,,,,,,,
(PARC-N),no-repair-parc_NOREPAIR_s4_c1_fN.N_uN-facts,LMCut,CG-iLAO*-tied-elim,5,15.7522582,0.1483066332192483,2717632.2,54588.5085361546,47695.2,1237.5722169732155,13971.6,288.63660352768835,30322.4,944.6208968766252,
(PARC-N),no-repair-parc_NOREPAIR_s4_c2_fN.N_uN-facts,LMCut,CG-iLAO*-tied-elim,5,27.3831576,0.6874707755363858,5821534.0,145787.4290680658,78547.6,1978.4184660116773,22758.0,455.5484436149464,51200.2,1510.9538681720232,
(PARC-N),no-repair-parc_NOREPAIR_s4_c3_fN.N_uN-facts,LMCut,CG-iLAO*-tied-elim,5,48.1854776,2.629535815264851,10659660.8,176100.7493744716,139883.8,3410.225870956937,39119.0,729.4268440357812,94189.4,2862.5655130068203,
(PARC-N),no-repair-parc_NOREPAIR_s5_c1_fN.N_uN-facts,LMCut,CG-iLAO*-tied-elim,5,212.1920366,5.831438916412054,33794876.4,1233539.70271672,488313.6,16636.73153989857,110443.2,3361.2635058001624,271863.2,12473.643596264244,
(PARC-N),no-repair-parc_NOREPAIR_s5_c2_fN.N_uN-facts,LMCut,CG-iLAO*-tied-elim,5,380.3920208,9.394457674156769,77006836.4,2234469.997771963,843863.4,24636.747672442805,190076.0,5382.192119350628,492792.4,26075.10743970993,
(PARC-N),no-repair-parc_NOREPAIR_s5_c3_fN.N_uN-facts,LMCut,CG-iLAO*-tied-elim,5,687.3766124,10.605069494822304,137321685.6,4850488.108288763,1513341.0,49053.60935488764,330634.4,11540.519772485812,932454.6,54682.2524515318,
(PARC-R),with-repair-parc_REPAIR_s4_c1_fN.N_uN-facts,LMCut,CG-iLAO*-tied-elim,5,82.9181588,0.9091291576145712,14455877.6,106279.48912222157,149315.6,903.5233502328535,44033.6,329.49786126164764,156222.0,1755.9667237393764,
(PARC-R),with-repair-parc_REPAIR_s4_c2_fN.N_uN-facts,LMCut,CG-iLAO*-tied-elim,5,222.7467752,6.179514062602883,41900187.6,206879.0905450252,351657.2,845.9716025872262,110343.6,353.7295576227691,406571.6,2616.64915369562,
(PARC-R),with-repair-parc_REPAIR_s4_c3_fN.N_uN-facts,LMCut,CG-iLAO*-tied-elim,5,338.502357,7.157985777654069,58061435.6,264840.42816759844,517974.2,2173.5271866125804,151741.6,941.1589790125788,508746.6,2530.865708412045,
(PARC-R),with-repair-parc_REPAIR_s5_c1_fN.N_uN-facts,LMCut,CG-iLAO*-tied-elim,5,1255.6750224,28.17112492922484,166340272.4,1856424.719369076,1670465.4,7755.352574263534,386671.6,1598.255268952992,1627547.4,7650.27288378761,
(PARC-R),with-repair-parc_REPAIR_s5_c2_fN.N_uN-facts,LMCut,CG-iLAO*-tied-elim,0,,,,,,,,,,,
(PARC-R),with-repair-parc_REPAIR_s5_c3_fN.N_uN-facts,LMCut,CG-iLAO*-tied-elim,0,,,,,,,,,,,
(TriTW),intermediate-triangle-tireworld-tire6-start10,PDB,CG-iLAO*-tied-elim,0,,,,,,,,,,,
(TriTW),intermediate-triangle-tireworld-tire6-start8,PDB,CG-iLAO*-tied-elim,5,247.2105336,14.904683935953315,93877183.0,3199478.044797158,1333547.6,5203.106999731603,992613.4,3716.154138602972,1035402.6,3945.790131278652,
(TriTW),intermediate-triangle-tireworld-tire6-start9,PDB,CG-iLAO*-tied-elim,5,697.1359548,43.26542686483752,228403731.4,4539887.2716938425,2739079.8,6433.921609039388,2042129.0,3743.698973560775,2129782.4,4445.726188718329,
(BW),blocksworld-ippc04-p01,PDB,CG-iLAO*-tied-elim,5,0.4847384,0.0092411122226242,6321.2,359.89112029056787,404.8,12.167796185012303,141.0,4.512258857822764,245.6,8.142850606513665,
(BW),blocksworld-ippc04-p02,PDB,CG-iLAO*-tied-elim,5,0.4777186,0.0102130531670062,2980.6,309.99220212127915,263.4,4.744657627268801,94.0,1.3859292911256331,182.2,4.816976645158246,
(BW),blocksworld-ippc04-p03,PDB,CG-iLAO*-tied-elim,5,0.5141438,0.0307872335964071,449.8,124.6387409435766,103.8,27.38674832834303,30.6,7.656553793972847,45.0,10.408319749123777,
(BW),blocksworld-ippc04-p04,PDB,CG-iLAO*-tied-elim,5,0.4962032,0.0154790672638083,9078.8,368.8204448563013,511.6,16.11019850901906,200.2,4.973922395856212,406.8,10.191999999999998,
(BW),blocksworld-ippc04-p05,PDB,CG-iLAO*-tied-elim,5,0.465983,0.0094862018111528,1767.0,341.921985955861,201.2,18.6910434165672,65.8,6.116958721456276,112.6,7.401433374691688,
(BW),blocksworld-ippc04-p06,PDB,CG-iLAO*-tied-elim,5,19.7705726,1.681747697177274,1075154.4,24636.261907741115,72948.4,1782.5423202426357,15727.6,397.1733863390144,45344.8,1008.0597261194398,
(BW),blocksworld-ippc04-p07,PDB,CG-iLAO*-tied-elim,5,1253.1114354,57.8563477536612,117616512.6,1538093.3114175452,4732390.0,105479.67909863284,1344150.0,26696.50531081849,3957007.4,70200.70343646375,
(BW),blocksworld-ippc04-p08,PDB,CG-iLAO*-tied-elim,5,9.6213564,0.2974882455780101,367072.4,13271.568516648513,17747.2,532.8804947302912,3361.0,114.66418795770542,10565.2,367.5433265126711,
(BW),blocksworld-ippc04-p09,PDB,CG-iLAO*-tied-elim,5,8.5091774,0.0513020761356661,233770.8,6107.5478010920215,14094.6,280.385244576101,2509.4,54.66116369050333,7975.2,178.24300778431672,
(BW),blocksworld-ippc04-p10,PDB,CG-iLAO*-tied-elim,5,41.350348,1.6808032131682842,2890092.6,40694.29928936897,178884.2,1663.9331546381304,38603.8,308.0240866945311,111954.2,782.3711158676551,
(BW),blocksworld-ippc08-p01-c0-C0-g1-n5,PDB,CG-iLAO*-tied-elim,5,0.1733602,0.0142682437099253,3801.0,408.7307324877834,261.4,6.369246109234592,139.6,3.645810746596702,218.8,7.344117646116516,
(BW),blocksworld-ippc08-p02-c1-C1-g20-n5,PDB,CG-iLAO*-tied-elim,5,0.2027984,0.0201082761216076,3801.0,408.7307324877834,261.4,6.369246109234592,139.6,3.645810746596702,218.8,7.344117646116516,
(BW),blocksworld-ippc08-p03-c1-C2-g40-n5,PDB,CG-iLAO*-tied-elim,5,0.1776468,0.007019704069767,3801.0,408.7307324877834,261.4,6.369246109234592,139.6,3.645810746596702,218.8,7.344117646116516,
(BW),blocksworld-ippc08-p04-c2-C1-g0-n5,PDB,CG-iLAO*-tied-elim,5,0.1821153999999999,0.0103977037101667,3801.0,408.7307324877834,261.4,6.369246109234592,139.6,3.645810746596702,218.8,7.344117646116516,
(BW),blocksworld-ippc08-p05-c0-C0-g1-n10,PDB,CG-iLAO*-tied-elim,5,96.2860162,2.4372668700334774,9868746.0,27223.461236946343,387218.6,1479.5645995548823,120845.0,503.3511256369652,324418.6,1039.5010366594158,
(BW),blocksworld-ippc08-p06-c1-C1-g20-n10,PDB,CG-iLAO*-tied-elim,5,95.4668952,1.5977118992212582,9868746.0,27223.461236946343,387218.6,1479.5645995548823,120845.0,503.3511256369652,324418.6,1039.5010366594158,
(BW),blocksworld-ippc08-p07-c1-C2-g0-n10,PDB,CG-iLAO*-tied-elim,5,97.5287918,2.3706891182319088,9868746.0,27223.461236946343,387218.6,1479.5645995548823,120845.0,503.3511256369652,324418.6,1039.5010366594158,
(BW),blocksworld-ippc08-p08-c3-C2-g0-n10,PDB,CG-iLAO*-tied-elim,5,97.757102,2.474767097197401,9868746.0,27223.461236946343,387218.6,1479.5645995548823,120845.0,503.3511256369652,324418.6,1039.5010366594158,
(BW),blocksworld-ippc08-p09-c0-C0-g1-n14,PDB,CG-iLAO*-tied-elim,0,,,,,,,,,,,
(BW),blocksworld-ippc08-p10-c1-C1-g20-n14,PDB,CG-iLAO*-tied-elim,0,,,,,,,,,,,
(BW),blocksworld-ippc08-p11-c1-C2-g0-n14,PDB,CG-iLAO*-tied-elim,0,,,,,,,,,,,
(BW),blocksworld-ippc08-p12-c3-C2-g0-n14,PDB,CG-iLAO*-tied-elim,0,,,,,,,,,,,
(Elev),elevators-ippc04-p01,PDB,CG-iLAO*-tied-elim,5,0.0712258,0.0090204842042577,17609.6,2410.865380251664,613.6,38.03915162040289,457.4,42.59382603148019,1101.0,90.36641588554896,
(Elev),elevators-ippc04-p02,PDB,CG-iLAO*-tied-elim,5,0.0545393999999999,0.0067928279516984,919.2,49.185457037624445,76.0,1.5182094717133072,45.4,1.592311527308648,105.2,2.9334593912307696,
(Elev),elevators-ippc04-p03,PDB,CG-iLAO*-tied-elim,5,0.072754,0.0055993809858876,18000.6,2362.517251089608,598.2,27.53364022427837,421.8,43.23299739782103,1046.4,120.92834678436648,
(Elev),elevators-ippc04-p04,PDB,CG-iLAO*-tied-elim,5,0.06115,0.0091123242145393,15039.8,710.5205188761265,397.8,4.776934581925945,283.0,6.381297673671084,669.0,10.240882774448696,
(Elev),elevators-ippc04-p05,PDB,CG-iLAO*-tied-elim,5,0.0594211999999999,0.00901381118979,5434.0,88.70597093769956,302.6,2.673083612609228,172.8,1.6860557523403548,441.4,3.428599714169036,
(Elev),elevators-ippc04-p06,PDB,CG-iLAO*-tied-elim,5,0.2469897999999999,0.0249160833579482,166093.6,38246.06435236462,3245.0,122.784262183718,2333.8,104.39166817327904,5958.2,268.6289939377356,
(Elev),elevators-ippc04-p07,PDB,CG-iLAO*-tied-elim,5,0.2298238,0.0143682528854994,145073.6,8814.456152985047,3126.4,257.30746824762,2347.4,185.73169319208824,5923.4,446.0296857564528,
(Elev),elevators-ippc04-p08,PDB,CG-iLAO*-tied-elim,5,1.6356198,0.101904938798229,1916210.4,28077.63009769763,13591.8,10.470876945127374,12550.4,26.518734811449807,35404.6,215.93525570411143,
(Elev),elevators-ippc04-p09,PDB,CG-iLAO*-tied-elim,5,0.8191038,0.0206293111339197,757834.0,14597.373298683568,9893.0,58.050422220686734,8518.4,58.24399793970191,23182.8,206.14075789130104,
(Elev),elevators-ippc04-p10,PDB,CG-iLAO*-tied-elim,5,3.8424704,0.1483916531105279,5762555.4,62784.98179326212,14261.6,18.60038967333749,13903.8,32.528914891216395,42440.4,94.83767403305502,
(Elev),elevators-ippc04-p11,PDB,CG-iLAO*-tied-elim,5,343.1370202,10.498203263838164,247708031.2,2840321.689931402,503697.8,398.9923623128643,482091.6,453.9567335506766,1888122.2,3070.016417165224,
(Elev),elevators-ippc04-p12,PDB,CG-iLAO*-tied-elim,5,52.2717934,1.4112647019365132,31462181.8,1823970.360810792,159957.6,1621.5294051530486,125892.0,1193.127683158848,450701.2,4805.0826665338445,
(Elev),elevators-ippc04-p13,PDB,CG-iLAO*-tied-elim,4,1636.94346825,68.41835060954898,1472918461.75,7662235.685154757,520325.25,177.42127972709474,516447.0,167.55611915614026,2274332.25,4937.052177683225,
(Elev),elevators-ippc04-p14,PDB,CG-iLAO*-tied-elim,5,136.7971066,2.317322727823776,49746290.2,1810346.2755802744,354877.8,1579.9415692183047,312050.8,1746.7224194084183,1032666.4,9890.520775583862,
(Elev),elevators-ippc04-p15,PDB,CG-iLAO*-tied-elim,5,452.4264524,19.71933680295729,304418772.2,4297925.137509968,519804.4,189.0598565957353,506137.6,302.5319523223952,2109329.6,7480.924487527995,
(ExBW),exploding-blocksworld-ippc04-fixed-p01,PDB,CG-iLAO*-tied-elim,5,0.077496,0.0081598372931621,169.2,0.9601999791710056,84.8,1.4402999687565086,23.0,0.0,29.0,0.0,
(ExBW),exploding-blocksworld-ippc04-fixed-p02,PDB,CG-iLAO*-tied-elim,5,0.0661228,0.0124497568517647,34.0,0.0,22.0,0.0,6.0,0.0,6.0,0.0,
(ExBW),exploding-blocksworld-ippc04-fixed-p03,PDB,CG-iLAO*-tied-elim,5,0.0753178,0.0138930502824823,191.2,10.562199770881064,95.8,6.241299864611537,23.2,0.960199979171006,29.2,0.960199979171006,
(ExBW),exploding-blocksworld-ippc04-fixed-p04,PDB,CG-iLAO*-tied-elim,5,0.2523343999999999,0.017881451764501,243617.8,140.3193006824079,1185.6,23.728145650260995,685.4,4.704,823.6,4.621611840040225,
(ExBW),exploding-blocksworld-ippc04-fixed-p05,PDB,CG-iLAO*-tied-elim,5,0.0610054,0.0070418215589161,0.0,0.0,0.0,0.0,,,,,trivial (s0 in G)
(ExBW),exploding-blocksworld-ippc04-fixed-p06,PDB,CG-iLAO*-tied-elim,5,0.3097832,0.0085306806010156,122952.6,85.27824632343234,2690.4,84.44529836527312,637.2,17.935874219005882,943.0,29.56937875573309,
(ExBW),exploding-blocksworld-ippc04-fixed-p07,PDB,CG-iLAO*-tied-elim,5,1.2557096,0.0490352516067069,624140.0,16221.645322400562,46827.0,558.3310370022429,10512.2,126.1140825760549,17251.2,138.62397045244373,
(ExBW),exploding-blocksworld-ippc04-fixed-p08,PDB,CG-iLAO*-tied-elim,5,0.2481506,0.0128835806893121,15323.0,217.4213432025476,6457.8,152.8377787852205,876.0,13.63574127064605,1866.6,59.56142993582339,
(ExBW),exploding-blocksworld-ippc04-fixed-p09,PDB,CG-iLAO*-tied-elim,5,10.0818562,0.5064869780797183,6710369.4,102320.72497461898,241999.4,1409.8849077907032,61269.8,338.6431937954755,113901.8,412.61300675572505,
(ExBW),exploding-blocksworld-ippc04-fixed-p10,PDB,CG-iLAO*-tied-elim,0,,,,,,,,,,,
(ExBW),exploding-blocksworld-ippc08-fixed-p01-n2-N5-s1,PDB,CG-iLAO*-tied-elim,5,0.5565576,0.010718089215024,696729.6,7449.637828024662,339.0,0.0,216.0,0.0,263.8,0.7333648478076924,
(ExBW),exploding-blocksworld-ippc08-fixed-p02-n3-N5-s2,PDB,CG-iLAO*-tied-elim,5,0.6566563999999999,0.0197076427763793,873356.8,21317.80813366102,1222.4,27.191070887333584,755.0,4.958451371144019,845.8,3.417376771735888,
(ExBW),exploding-blocksworld-ippc08-fixed-p03-n3-N6-s3,PDB,CG-iLAO*-tied-elim,5,1.0270962,0.0439706561821847,1378220.0,12640.252957114426,3477.4,30.203084875555344,1829.8,7.317916643417031,2620.8,11.70105226037385,
(ExBW),exploding-blocksworld-ippc08-fixed-p04-n4-N6-s4,PDB,CG-iLAO*-tied-elim,5,15.8964264,0.2657372025381292,21860391.4,403726.0756833896,29929.4,152.25125581091277,19026.0,40.33982845774136,27157.0,89.21122530264898,
(ExBW),exploding-blocksworld-ippc08-fixed-p05-n5-N7-s5,PDB,CG-iLAO*-tied-elim,5,0.1135666,0.0076487439040574,755.2,55.29632089027261,222.6,12.965662960296322,60.4,8.712635422190003,114.4,9.412082447577689,
(ExBW),exploding-blocksworld-ippc08-fixed-p06-n6-N8-s6,PDB,CG-iLAO*-tied-elim,5,27.243479200000003,0.4265549380489833,34165660.0,41626.38071708661,12015.0,51.24191253261337,7062.6,20.840616497599104,7831.8,12.371311329038647,
(ExBW),exploding-blocksworld-ippc08-fixed-p07-n7-N9-s7,PDB,CG-iLAO*-tied-elim,5,0.1944226,0.0144357458580156,3795.2,536.5223534429856,1476.4,235.05344433979255,210.4,31.71083751653368,362.6,94.54963614948498,
(ExBW),exploding-blocksworld-ippc08-fixed-p08-n8-N10-s8,PDB,CG-iLAO*-tied-elim,5,484.3182894,70.5075739032265,345753226.6,581278.9336565062,1561613.4,7865.213800828047,536813.6,1495.908749548581,880541.4,2222.0558639818214,
(ExBW),exploding-blocksworld-ippc08-fixed-p09-n9-N11-s9,PDB,CG-iLAO*-tied-elim,5,23.0400828,0.7216768730344529,8286965.6,139964.56450496404,515272.4,3326.287098218673,141179.0,1145.0960119046786,259100.2,1851.286912713424,
(ExBW),exploding-blocksworld-ippc08-fixed-p10-n10-N12-s10,PDB,CG-iLAO*-tied-elim,0,,,,,,,,,,,
(ExBW),exploding-blocksworld-ippc08-fixed-p11-n11-N13-s11,PDB,CG-iLAO*-tied-elim,0,,,,,,,,,,,
(Rand),random-ippc04-p03-problem,PDB,CG-iLAO*-tied-elim,5,1.9507932,0.2274964983329336,1042315.4,12003.114773575066,33216.2,727.4157587954772,3230.4,55.04634788975559,101898.2,2110.546930078552,
(Rand),random-ippc04-p04-problem,PDB,CG-iLAO*-tied-elim,5,24.5532826,0.1259454956937364,53095384.0,0.0,84993.0,0.0,1024.0,0.0,29748.0,0.0,
(Rand),random-ippc04-p05-problem,PDB,CG-iLAO*-tied-elim,5,5.326459399999999,3.5038199940477965,3154077.4,2523231.937848625,154586.8,123192.69712766088,616.2,490.662189356384,5971.8,4761.631696709017,
(Rand),random-ippc04-p06-problem,PDB,CG-iLAO*-tied-elim,0,,,,,,,,,,,
(Rand),random-ippc04-p07-problem,PDB,CG-iLAO*-tied-elim,5,0.2705312,0.0190945577395587,340.6,103.57000538766036,270.4,52.26846330245418,3.8,0.3919999999999999,16.4,2.1109846043967253,
(Rand),random-ippc04-p08-problem,PDB,CG-iLAO*-tied-elim,0,,,,,,,,,,,
(Rand),random-ippc04-p09-problem,PDB,CG-iLAO*-tied-elim,5,1.062462,0.0454540359958267,20407.4,5741.7077346253,6558.4,1558.2587495842913,10.0,2.400499947927514,467.8,49.55118791714281,
(Rand),random-ippc04-p10-problem,PDB,CG-iLAO*-tied-elim,0,,,,,,,,,,,
(Rand),random-ippc04-p13-problem,PDB,CG-iLAO*-tied-elim,5,4.803967,0.5010620206948403,525959.0,61314.4480675855,80888.8,7995.40566991219,127.6,11.996096698509897,37171.8,4837.80389837207,
(RectTW),rectangle-tireworld-ippc08-unit-cost-p01-x5-y5-h2-v2-u0-s1,PDB,CG-iLAO*-tied-elim,5,0.3334245999999999,0.0110004699687429,1356.4,58.28685422974891,47.0,0.0,23.0,0.0,29.8,0.3919999999999999,
(RectTW),rectangle-tireworld-ippc08-unit-cost-p02-x5-y5-h2-v3-u15-s2,PDB,CG-iLAO*-tied-elim,5,0.3811938,0.0093441712557885,232.8,15.363199666736094,34.0,0.0,11.0,0.0,8.0,0.0,unsolveable
(RectTW),rectangle-tireworld-ippc08-unit-cost-p03-x7-y7-h4-v3-u0-s3,PDB,CG-iLAO*-tied-elim,5,0.8460508000000001,0.0045140563965533,2503.2,124.64028202792228,89.4,0.999407824664186,41.4,0.9994078246641857,68.2,3.2443772900203824,
(RectTW),rectangle-tireworld-ippc08-unit-cost-p04-x7-y7-h3-v4-u20-s4,PDB,CG-iLAO*-tied-elim,5,0.9442924,0.0106009218996583,3.0,0.0,5.0,0.0,1.0,0.0,0.0,0.0,unsolveable
(RectTW),rectangle-tireworld-ippc08-unit-cost-p05-x9-y9-h3-v5-u30-s5,PDB,CG-iLAO*-tied-elim,5,2.0701646,0.0333986734993965,3.0,0.0,5.0,0.0,1.0,0.0,0.0,0.0,unsolveable
(RectTW),rectangle-tireworld-ippc08-unit-cost-p06-x11-y11-h4-v3-u40-s6,PDB,CG-iLAO*-tied-elim,5,4.6565952,0.0815834482406467,12503.4,257.55593275248,209.0,0.0,82.0,0.0,121.8,3.184623054617296,
(RectTW),rectangle-tireworld-ippc08-unit-cost-p07-x11-y11-h3-v5-u80-s7,PDB,CG-iLAO*-tied-elim,5,4.4702478,0.0960146006521637,3.0,0.0,5.0,0.0,1.0,0.0,0.0,0.0,unsolveable
(RectTW),rectangle-tireworld-ippc08-unit-cost-p08-x11-y11-h6-v7-u80-s8,PDB,CG-iLAO*-tied-elim,5,4.360155000000001,0.039100324340938,3.0,0.0,5.0,0.0,1.0,0.0,0.0,0.0,unsolveable
(RectTW),rectangle-tireworld-ippc08-unit-cost-p09-x15-y15-h4-v4-u60-s9,PDB,CG-iLAO*-tied-elim,5,21.7483954,1.2903211095668472,45422.0,7054.204139240655,442.4,1.176,200.8,0.7333648478076924,331.2,9.885863846928096,
(RectTW),rectangle-tireworld-ippc08-unit-cost-p10-x15-y15-h10-v10-u150-s10,PDB,CG-iLAO*-tied-elim,5,15.1890922,0.7482020540505692,314256.4,33575.660824854895,244.0,0.0,24.0,0.0,27.2,0.960199979171006,unsolveable
(RectTW),rectangle-tireworld-ippc08-unit-cost-p11-x20-y20-h5-v5-u80-s11,PDB,CG-iLAO*-tied-elim,5,102.2529038,4.199375638152374,98182.8,1372.178404400827,785.0,2.23474383319431,380.0,1.639853652006788,684.6,14.087478695636063,
(RectTW),rectangle-tireworld-ippc08-unit-cost-p12-x20-y20-h15-v15-u300-s12,PDB,CG-iLAO*-tied-elim,5,129.548417,3.639103829550384,42652040.0,861637.0587771733,774.0,0.0,436.0,0.6198064213930023,669.2,3.2443772900203824,unsolveable
(RectTW),rectangle-tireworld-ippc08-unit-cost-p14-x30-y30-h25-v20-u700-s14,PDB,CG-iLAO*-tied-elim,0,,,,,,,,,,,unsolveable
(Sched),schedule-ippc04-p01,PDB,CG-iLAO*-tied-elim,5,0.0549554,0.003199132426108,1961.0,0.0,36.0,0.0,20.0,0.0,28.0,0.0,
(Sched),schedule-ippc04-p02,PDB,CG-iLAO*-tied-elim,5,0.058021,0.0060638218860385,3025.0,0.0,36.0,0.0,20.0,0.0,28.0,0.0,
(Sched),schedule-ippc04-p03,PDB,CG-iLAO*-tied-elim,5,0.0761106,0.0088496029998421,6932.0,0.0,50.0,0.0,25.0,0.0,40.0,0.0,
(Sched),schedule-ippc04-p04,PDB,CG-iLAO*-tied-elim,0,,,,,,,,,,,
(Sched),schedule-ippc04-p05,PDB,CG-iLAO*-tied-elim,0,,,,,,,,,,,
(Sched),schedule-ippc08-p01,PDB,CG-iLAO*-tied-elim,5,0.0767738,0.0105142757693901,2532.0,0.0,50.0,0.0,25.0,0.0,40.0,0.0,
(Sched),schedule-ippc08-p02,PDB,CG-iLAO*-tied-elim,5,0.0672957999999999,0.0110817985986492,3812.0,0.0,50.0,0.0,25.0,0.0,40.0,0.0,
(Sched),schedule-ippc08-p03,PDB,CG-iLAO*-tied-elim,5,0.0749002,0.0060422949300596,8235.0,0.0,66.0,0.0,30.0,0.0,54.0,0.0,
(Sched),schedule-ippc08-p04,PDB,CG-iLAO*-tied-elim,0,,,,,,,,,,,
(S&R),search-and-rescue-ippc08-strips-p01-z4,PDB,CG-iLAO*-tied-elim,5,0.310937,0.0126591776360836,518697.0,6271.343396255701,1076.0,0.0,798.4,3.800581008214402,1674.4,13.756351841967405,
(S&R),search-and-rescue-ippc08-strips-p02-z5,PDB,CG-iLAO*-tied-elim,5,1.0890208,0.1166369070511041,2003609.8,11513.30172075691,3906.0,0.0,2848.0,2.4792256855720094,7567.4,19.487959770073417,
(S&R),search-and-rescue-ippc08-strips-p03-z6,PDB,CG-iLAO*-tied-elim,5,3.902973,0.0813485556797258,7873341.4,53693.271796934256,13724.0,0.0,9890.4,10.326800859898482,32387.6,50.65225538907424,
(S&R),search-and-rescue-ippc08-strips-p04-z8,PDB,CG-iLAO*-tied-elim,5,73.73066320000001,2.2948776894011367,117632700.6,534542.1346868323,159140.0,0.0,113762.8,31.66719539207727,506162.6,167.3243172285487,
(S&R),search-and-rescue-ippc08-strips-p05-z10,PDB,CG-iLAO*-tied-elim,5,1610.5415388,69.82300087176715,1664057743.8,34167395.851987794,1749740.0,0.0,1251449.6,51.75884635499521,6985243.6,1033.217416004976,
(Sys),sysadmin-ippc08-unit-cost-p01,PDB,CG-iLAO*-tied-elim,5,0.0952792,0.0041400875629851,34440.4,463.1155257341304,496.0,0.0,489.0,0.0,505.2,1.6860557523403548,
(Sys),sysadmin-ippc08-unit-cost-p02,PDB,CG-iLAO*-tied-elim,5,0.2198805999999999,0.0034316727377207,169230.8,904.1211255490052,1605.0,0.0,1592.0,0.0,1683.4,4.942931923464048,
(Sys),sysadmin-ippc08-unit-cost-p03,PDB,CG-iLAO*-tied-elim,5,0.8284258,0.0791506449099592,613406.6,6964.956774844766,4716.0,0.0,4699.2,0.9601999791710056,5180.6,14.583242986386807,
(Sys),sysadmin-ippc08-unit-cost-p04,PDB,CG-iLAO*-tied-elim,5,32.854709400000004,2.1620912671340093,7027584.8,72348.07636503672,33117.0,3.6140614272588114,33073.8,4.176226047521853,35873.6,190.30540238259127,
(TriTW),triangle-tireworld-ippc08-p01,PDB,CG-iLAO*-tied-elim,5,0.0415197999999999,0.0059050359876891,325.0,0.0,35.0,0.0,24.0,0.0,22.0,0.0,
(TriTW),triangle-tireworld-ippc08-p02,PDB,CG-iLAO*-tied-elim,5,0.0466472,0.0070088774942571,4272.6,68.30986646158811,357.0,2.4792256855720094,232.8,1.998815649328372,231.8,1.998815649328372,
(TriTW),triangle-tireworld-ippc08-p03,PDB,CG-iLAO*-tied-elim,5,0.187681,0.0129042869778566,119825.8,10367.4420270491,4377.4,42.6929213804818,2918.4,28.14903934417656,3097.4,42.28606314141811,
(TriTW),triangle-tireworld-ippc08-p04,PDB,CG-iLAO*-tied-elim,5,4.1980656,0.2744277170059794,3040864.8,73818.62803648239,57016.8,690.9541828399333,39471.8,527.0721710581957,42368.6,533.6161103415076,
(TriTW),triangle-tireworld-ippc08-p05,PDB,CG-iLAO*-tied-elim,5,186.7790746,11.234146842522849,73239444.2,2599548.859208071,822320.6,4293.811934355765,600745.4,2910.1865624210413,633142.4,3113.7091759276423,
(Zeno),zenotravel-ippc04-unit-cost_NO_FORALLS-p01-problem,PDB,CG-iLAO*-tied-elim,5,0.1678774,0.0053278932254856,0.0,0.0,0.0,0.0,,,,,trivial (s0 in G)
(Zeno),zenotravel-ippc04-unit-cost_NO_FORALLS-p02-problem,PDB,CG-iLAO*-tied-elim,5,27.9554824,0.7867240378722521,20216124.6,111776.55660850291,162535.8,460.7039933666735,99923.4,297.8791208795943,303359.6,780.8676897503187,
(Zeno),zenotravel-ippc04-unit-cost_NO_FORALLS-p03-problem,PDB,CG-iLAO*-tied-elim,5,616.6162689999999,43.08996907805324,473119217.4,1361141.7728854176,1153479.8,1005.7469142801284,804912.0,887.4251461841725,2886485.6,3740.3320745965857,
(Zeno),zenotravel-ippc04-unit-cost_NO_FORALLS-p04-problem,PDB,CG-iLAO*-tied-elim,5,33.4908494,0.6168397947003957,22069032.0,472485.39161142014,179137.2,421.8357152067615,83913.0,113.7543205333318,364851.2,1442.418505560713,
(Zeno),zenotravel-ippc04-unit-cost_NO_FORALLS-p05-problem,PDB,CG-iLAO*-tied-elim,5,111.086931,4.389152448112349,69659165.6,707077.6109866485,386916.4,1738.4968643330938,229546.4,705.1538500611055,765351.6,3779.148301056204,
(Zeno),zenotravel-ippc08-unit-cost_NO_FORALLS-p01-c4-p2-a2-s3846-problem,PDB,CG-iLAO*-tied-elim,5,2.1087786,0.0724445307680634,1701747.0,56842.60112069045,22485.8,176.8734668173833,13569.8,97.5587908084146,34312.0,195.43765328104,
(Zeno),zenotravel-ippc08-unit-cost_NO_FORALLS-p02-c5-p2-a2-s17462-problem,PDB,CG-iLAO*-tied-elim,5,1.4647882,0.0402238771858951,798699.8,4932.169383975372,13662.6,100.80308773048571,7839.2,24.63213965533648,25352.2,124.08889871378504,
(Zeno),zenotravel-ippc08-unit-cost_NO_FORALLS-p04-c6-p2-a2-s12861-problem,PDB,CG-iLAO*-tied-elim,5,10.6160986,0.5197509805064496,7715822.0,22896.71492466987,85782.0,523.03032432164,42155.8,262.787982190967,133756.4,707.5655922216682,
(Coresec),coresec-icaps16-bigger-p01-problem,PDB,CG-iLAO*-tied-elim,5,0.0784868,0.0130435777037706,10525.6,234.3750265194652,1271.6,13.18600834217846,419.2,6.116958721456276,552.6,12.620330265092116,
(Coresec),coresec-icaps16-bigger-p02-problem,PDB,CG-iLAO*-tied-elim,5,0.0781202,0.0042897557541174,10357.4,517.1929364714873,1751.6,36.524430399391576,412.8,8.370829349592547,537.6,10.08209978129556,
(Coresec),coresec-icaps16-bigger-p03-problem,PDB,CG-iLAO*-tied-elim,5,0.3665902,0.0226147817561077,251295.4,2181.619343977313,11457.0,37.06939870027567,5946.6,16.92423398561956,10338.8,22.5391478099772,
(Coresec),coresec-icaps16-bigger-p04-problem,PDB,CG-iLAO*-tied-elim,5,0.4023636,0.0183539116853954,257762.8,1615.045637368802,18161.6,120.21944042458358,5993.8,38.13900135032379,10416.8,48.92703367260272,
(Coresec),coresec-icaps16-bigger-p05-problem,PDB,CG-iLAO*-tied-elim,5,1.225233,0.0195064670966282,812660.8,6962.093743665334,79051.6,260.79536394652416,14996.0,47.640500417187056,28241.2,177.45242941137775,
(Coresec),coresec-icaps16-bigger-p06-problem,PDB,CG-iLAO*-tied-elim,5,24.2600396,2.117029268868739,13036573.2,44526.66196503914,936919.6,778.1648269203639,191817.8,137.3390894974916,435805.8,1009.4040722247952,
(Coresec),coresec-icaps16-bigger-p07-problem,PDB,CG-iLAO*-tied-elim,0,,,,,,,,,,,
(PARC-N),no-repair-parc_NOREPAIR_s4_c1_fN.N_uN-facts,PDB,CG-iLAO*-tied-elim,0,,,,,,,,,,,
(PARC-N),no-repair-parc_NOREPAIR_s4_c2_fN.N_uN-facts,PDB,CG-iLAO*-tied-elim,0,,,,,,,,,,,
(PARC-N),no-repair-parc_NOREPAIR_s4_c3_fN.N_uN-facts,PDB,CG-iLAO*-tied-elim,0,,,,,,,,,,,
(PARC-N),no-repair-parc_NOREPAIR_s5_c1_fN.N_uN-facts,PDB,CG-iLAO*-tied-elim,0,,,,,,,,,,,
(PARC-N),no-repair-parc_NOREPAIR_s5_c2_fN.N_uN-facts,PDB,CG-iLAO*-tied-elim,0,,,,,,,,,,,
(PARC-N),no-repair-parc_NOREPAIR_s5_c3_fN.N_uN-facts,PDB,CG-iLAO*-tied-elim,0,,,,,,,,,,,
(PARC-R),with-repair-parc_REPAIR_s4_c1_fN.N_uN-facts,PDB,CG-iLAO*-tied-elim,0,,,,,,,,,,,
(PARC-R),with-repair-parc_REPAIR_s4_c2_fN.N_uN-facts,PDB,CG-iLAO*-tied-elim,0,,,,,,,,,,,
(PARC-R),with-repair-parc_REPAIR_s4_c3_fN.N_uN-facts,PDB,CG-iLAO*-tied-elim,0,,,,,,,,,,,
(PARC-R),with-repair-parc_REPAIR_s5_c1_fN.N_uN-facts,PDB,CG-iLAO*-tied-elim,0,,,,,,,,,,,
(PARC-R),with-repair-parc_REPAIR_s5_c2_fN.N_uN-facts,PDB,CG-iLAO*-tied-elim,0,,,,,,,,,,,
(PARC-R),with-repair-parc_REPAIR_s5_c3_fN.N_uN-facts,PDB,CG-iLAO*-tied-elim,0,,,,,,,,,,,
(TriTW),intermediate-triangle-tireworld-tire6-start10,ROC,CG-iLAO*-single,0,,,,,,,,,,,
(TriTW),intermediate-triangle-tireworld-tire6-start8,ROC,CG-iLAO*-single,5,406.1412136,9.690745749302248,34670735.2,1410503.618648157,901704.4,3965.3552236660967,739690.2,1825.1455803151705,775895.0,2436.933272028596,
(TriTW),intermediate-triangle-tireworld-tire6-start9,ROC,CG-iLAO*-single,5,950.560272,32.22322264380512,84234946.0,2912537.0593779827,1855822.6,4874.786196511185,1527137.2,2710.517682197258,1601261.2,3545.816568958975,
(BW),blocksworld-ippc04-p01,ROC,CG-iLAO*-single,5,0.2081036,0.0125865178181709,5420.0,840.6405497714227,390.0,50.34568184065044,140.0,18.19741520106633,209.4,26.935563406025125,
(BW),blocksworld-ippc04-p02,ROC,CG-iLAO*-single,5,0.1989204,0.0141722027619398,4524.4,519.164598731462,300.8,21.785115652665237,107.0,7.094008739774712,171.6,12.38992881335482,
(BW),blocksworld-ippc04-p03,ROC,CG-iLAO*-single,5,0.137986,0.0234387712756483,1386.4,445.3189876212331,129.4,38.42599869879766,38.0,10.78890541250594,51.8,12.678033916976242,
(BW),blocksworld-ippc04-p04,ROC,CG-iLAO*-single,5,0.2338752,0.001344714619681,10776.4,1732.681305842479,539.6,20.42165752332557,209.6,8.000065999727752,353.6,23.7200492410956,
(BW),blocksworld-ippc04-p05,ROC,CG-iLAO*-single,5,0.1607354,0.0076834279616181,3330.0,741.8386390583871,251.6,10.233377546049985,80.8,4.816976645158247,120.4,10.905775350702946,
(BW),blocksworld-ippc04-p06,ROC,CG-iLAO*-single,5,70.0588244,5.266306572631044,1041728.2,10920.35770153634,71962.0,1284.7504725821277,15576.2,259.7938411587157,28699.2,396.062316995697,
(BW),blocksworld-ippc04-p07,ROC,CG-iLAO*-single,0,,,,,,,,,,,
(BW),blocksworld-ippc04-p08,ROC,CG-iLAO*-single,5,16.1569644,1.003836499603456,266209.4,12624.0403829747,16673.6,846.6334742827027,3112.6,168.2561540508994,5832.8,280.98731171353626,
(BW),blocksworld-ippc04-p09,ROC,CG-iLAO*-single,5,13.7974234,1.3773686288160798,194207.8,6005.953435362615,13618.0,243.83455604159144,2409.4,48.23591458654018,4549.6,80.90693873828126,
(BW),blocksworld-ippc04-p10,ROC,CG-iLAO*-single,5,172.68219879999998,6.884621029624291,2906655.8,34817.49571056115,176729.4,891.9280584979933,38041.0,159.9448870079941,69963.8,383.56473881732137,
(BW),blocksworld-ippc08-p01-c0-C0-g1-n5,ROC,CG-iLAO*-single,5,0.1722434,0.0025939996591395,3386.8,780.2960133077702,227.6,22.378359546669184,119.0,14.228574067699125,177.4,19.36932254881414,
(BW),blocksworld-ippc08-p02-c1-C1-g20-n5,ROC,CG-iLAO*-single,5,0.1723464,0.0189088610207028,3386.8,780.2960133077702,227.6,22.378359546669184,119.0,14.228574067699125,177.4,19.36932254881414,
(BW),blocksworld-ippc08-p03-c1-C2-g40-n5,ROC,CG-iLAO*-single,5,0.1759679999999999,0.0166545093312147,3386.8,780.2960133077702,227.6,22.378359546669184,119.0,14.228574067699125,177.4,19.36932254881414,
(BW),blocksworld-ippc08-p04-c2-C1-g0-n5,ROC,CG-iLAO*-single,5,0.1654242,0.0079671439760094,3386.8,780.2960133077702,227.6,22.378359546669184,119.0,14.228574067699125,177.4,19.36932254881414,
(BW),blocksworld-ippc08-p05-c0-C0-g1-n10,ROC,CG-iLAO*-single,5,351.0095804,6.459781713288996,8267185.6,152681.32124475297,364260.8,3304.250372920309,114411.4,1124.988198807436,229063.8,2244.5082209303664,
(BW),blocksworld-ippc08-p06-c1-C1-g20-n10,ROC,CG-iLAO*-single,5,348.1707182,11.19384693045497,8267185.6,152681.32124475297,364260.8,3304.250372920309,114411.4,1124.988198807436,229063.8,2244.5082209303664,
(BW),blocksworld-ippc08-p07-c1-C2-g0-n10,ROC,CG-iLAO*-single,5,370.4210778,20.75728703791602,8267185.6,152681.32124475297,364260.8,3304.250372920309,114411.4,1124.988198807436,229063.8,2244.5082209303664,
(BW),blocksworld-ippc08-p08-c3-C2-g0-n10,ROC,CG-iLAO*-single,5,363.2127398,25.16878357886532,8267185.6,152681.32124475297,364260.8,3304.250372920309,114411.4,1124.988198807436,229063.8,2244.5082209303664,
(BW),blocksworld-ippc08-p09-c0-C0-g1-n14,ROC,CG-iLAO*-single,5,293.8808318,31.812432175793827,912638.2,31862.80582296895,82163.8,2534.386516864387,12530.2,401.88766458302746,22106.4,549.3235602593428,
(BW),blocksworld-ippc08-p10-c1-C1-g20-n14,ROC,CG-iLAO*-single,5,327.5717702,44.60235513379731,912638.2,31862.80582296895,82163.8,2534.386516864387,12530.2,401.88766458302746,22106.4,549.3235602593428,
(BW),blocksworld-ippc08-p11-c1-C2-g0-n14,ROC,CG-iLAO*-single,5,334.3045688,20.457986162851185,912638.2,31862.80582296895,82163.8,2534.386516864387,12530.2,401.88766458302746,22106.4,549.3235602593428,
(BW),blocksworld-ippc08-p12-c3-C2-g0-n14,ROC,CG-iLAO*-single,5,270.02533800000003,19.650498755530812,912638.2,31862.80582296895,82163.8,2534.386516864387,12530.2,401.88766458302746,22106.4,549.3235602593428,
(Elev),elevators-ippc04-p01,ROC,CG-iLAO*-single,5,0.1716104,0.0138356096323225,34159.2,2247.036817692135,775.6,13.601891633151617,655.8,24.349795563823527,1404.2,84.43119461431303,
(Elev),elevators-ippc04-p02,ROC,CG-iLAO*-single,5,0.0782772,0.0188474544470595,2105.2,244.7877576677396,114.0,10.31563473568156,67.4,4.864592069228416,135.0,9.819580439102271,
(Elev),elevators-ippc04-p03,ROC,CG-iLAO*-single,5,0.173559,0.0173492688280422,37987.8,1846.4106529762007,749.4,11.269573904988595,645.2,21.28563609573367,1441.8,51.97659842659964,
(Elev),elevators-ippc04-p04,ROC,CG-iLAO*-single,5,0.1455454,0.0186708263076044,22813.4,375.97970447352606,579.0,12.41161391600625,444.8,5.346167225218455,998.2,28.77530997226615,
(Elev),elevators-ippc04-p05,ROC,CG-iLAO*-single,5,0.1166918,0.0204026652261566,14320.0,548.2337578807055,494.0,3.279707304013576,343.0,5.88,701.4,21.95374993025109,
(Elev),elevators-ippc04-p06,ROC,CG-iLAO*-single,5,1.167538,0.0433045803461776,339710.8,18436.43194726962,5834.4,92.08996957323852,4407.8,118.57335849169492,9686.6,451.08692086559097,
(Elev),elevators-ippc04-p07,ROC,CG-iLAO*-single,5,1.2096024,0.068175189538929,380531.0,13141.14567110798,6035.0,338.8482329303194,4771.6,303.0483268655348,10486.6,694.7901708688745,
(Elev),elevators-ippc04-p08,ROC,CG-iLAO*-single,5,3.7354946,0.0738966882794076,1950874.4,16218.89715119052,14418.0,17.563612384700363,13957.8,25.90167994551705,40074.8,226.9620759157794,
(Elev),elevators-ippc04-p09,ROC,CG-iLAO*-single,5,2.8512942,0.0946916686823058,1290581.4,17460.68730488969,11992.4,29.540782928013265,11109.6,23.303402669996498,29393.8,309.7875332288244,
(Elev),elevators-ippc04-p10,ROC,CG-iLAO*-single,5,5.653369,0.2042034336873128,4588151.6,99107.9721691147,14597.6,20.56225901986452,14382.8,24.30241930343561,45157.4,236.12070458983476,
(Elev),elevators-ippc04-p11,ROC,CG-iLAO*-single,5,347.0044622,35.312132615466666,184142204.6,1767012.0447724464,514560.2,350.7761573197358,497702.6,486.17664684351104,1902860.8,8295.494409313045,
(Elev),elevators-ippc04-p12,ROC,CG-iLAO*-single,5,79.80838800000001,1.8813901971700449,36463032.0,550677.143986221,248101.6,1170.90334382305,202790.8,1219.1172270064926,602629.8,8626.051483995674,
(Elev),elevators-ippc04-p13,ROC,CG-iLAO*-single,5,1505.2861516,110.00008321515726,1124113110.2,5931352.701409534,528891.8,346.7629429797826,525438.8,355.4369077965877,2416115.2,6126.489525506756,
(Elev),elevators-ippc04-p14,ROC,CG-iLAO*-single,5,174.48510960000002,5.777864468403452,86241797.4,1638030.588278405,460516.6,1128.6027538935034,433016.4,1267.3825286850058,1362133.6,12873.58398739745,
(Elev),elevators-ippc04-p15,ROC,CG-iLAO*-single,5,415.2072344,16.416255667452653,235101361.0,1406128.2443139758,524579.4,237.14752694472693,512157.8,285.78009850932585,2143683.4,7448.875078276988,
(ExBW),exploding-blocksworld-ippc04-fixed-p01,ROC,CG-iLAO*-single,5,0.0890325999999999,0.0154004367989981,97.0,0.0,56.0,0.0,15.0,0.0,16.0,0.0,
(ExBW),exploding-blocksworld-ippc04-fixed-p02,ROC,CG-iLAO*-single,5,0.0679704,0.0170567879074512,74.4,10.08209978129556,36.0,2.400499947927514,8.8,0.960199979171006,11.2,1.4402999687565086,
(ExBW),exploding-blocksworld-ippc04-fixed-p03,ROC,CG-iLAO*-single,5,0.0935842,0.0144420562168156,178.4,34.7401360964519,89.8,8.641799812539052,19.4,1.920399958342012,24.0,4.016804700256162,
(ExBW),exploding-blocksworld-ippc04-fixed-p04,ROC,CG-iLAO*-single,5,0.1861594,0.0276422983928344,36463.0,2840.598524790154,683.6,66.89488901253966,244.4,16.522230357914754,284.8,30.505559886682946,
(ExBW),exploding-blocksworld-ippc04-fixed-p05,ROC,CG-iLAO*-single,5,0.0733444,0.0155897303514876,0.0,0.0,0.0,0.0,,,,,trivial (s0 in G)
(ExBW),exploding-blocksworld-ippc04-fixed-p06,ROC,CG-iLAO*-single,5,0.633339,0.1078966481469536,58892.0,4550.443023724174,1918.0,410.59871543880894,465.8,100.8046121167082,571.2,151.79235153327062,
(ExBW),exploding-blocksworld-ippc04-fixed-p07,ROC,CG-iLAO*-single,5,10.7747364,0.1937144846248114,455021.8,6448.679261187053,41819.0,595.7120059894713,8020.6,198.9111289395342,11061.8,250.6949567582084,
(ExBW),exploding-blocksworld-ippc04-fixed-p08,ROC,CG-iLAO*-single,5,0.8239029999999999,0.1809442401327025,4569.6,1587.0083327115835,2438.2,693.3876129727153,305.6,82.13686295446156,423.4,162.38526071044743,
(ExBW),exploding-blocksworld-ippc04-fixed-p09,ROC,CG-iLAO*-single,5,39.1743656,0.8638583541379377,3284133.0,159038.21073036102,163550.4,1930.9320372338327,35451.4,858.970218026213,54448.8,1117.3001274429353,
(ExBW),exploding-blocksworld-ippc04-fixed-p10,ROC,CG-iLAO*-single,5,236.4711664,9.2361885916949,27102226.0,454363.77120033145,737461.4,5914.472324846571,185451.6,1504.5943031980414,265196.8,1729.9961289852645,
(ExBW),exploding-blocksworld-ippc08-fixed-p01-n2-N5-s1,ROC,CG-iLAO*-single,5,0.092908,0.0129134189837703,724.2,12.21506217749218,185.0,1.0735362127101256,52.6,0.4800999895855028,61.2,0.9601999791710056,
(ExBW),exploding-blocksworld-ippc08-fixed-p02-n3-N5-s2,ROC,CG-iLAO*-single,5,0.1844228,0.0099228503140531,25695.6,2770.580571695398,775.6,33.01072940727,320.8,7.626389971670736,287.2,13.485597650827344,
(ExBW),exploding-blocksworld-ippc08-fixed-p03-n3-N6-s3,ROC,CG-iLAO*-single,5,0.1949402,0.0108594292943922,22579.8,7833.0057904679215,686.6,27.76428381932442,181.0,6.646683383462762,252.4,6.488754580040764,
(ExBW),exploding-blocksworld-ippc08-fixed-p04-n4-N6-s4,ROC,CG-iLAO*-single,5,0.3246388,0.0213826432560669,27617.4,258.0350235452544,1463.0,10.013279183164723,500.0,4.157787873376899,579.0,3.92,
(ExBW),exploding-blocksworld-ippc08-fixed-p05-n5-N7-s5,ROC,CG-iLAO*-single,5,0.1086008,0.0112533451530424,258.2,38.73864509762828,91.2,8.439387655511506,26.6,2.8805999375130176,34.8,4.400189086846155,
(ExBW),exploding-blocksworld-ippc08-fixed-p06-n6-N8-s6,ROC,CG-iLAO*-single,5,0.3487054,0.0197618571211011,36867.2,1207.3945858682653,1199.8,67.06637714980583,329.8,8.067013325884616,398.6,17.852146537601577,
(ExBW),exploding-blocksworld-ippc08-fixed-p07-n7-N9-s7,ROC,CG-iLAO*-single,5,0.4844044,0.0804950124289266,5268.0,1319.8515425607534,1741.6,408.9635697418536,248.2,52.36318920768673,351.6,94.53338254817712,
(ExBW),exploding-blocksworld-ippc08-fixed-p08-n8-N10-s8,ROC,CG-iLAO*-single,5,51.3155668,3.6127623616307263,7748754.6,842414.4637415928,174733.4,12547.021919251434,37860.8,1890.1079288294625,55408.6,3708.711699608909,
(ExBW),exploding-blocksworld-ippc08-fixed-p09-n9-N11-s9,ROC,CG-iLAO*-single,5,6.6080844,0.1968667369162745,914202.0,48437.67120133832,23637.0,773.7547783115785,4918.0,87.10651043406573,7198.8,265.02534109779015,
(ExBW),exploding-blocksworld-ippc08-fixed-p10-n10-N12-s10,ROC,CG-iLAO*-single,5,204.0480798,67.66976069744643,78362861.6,3960439.2834553695,216825.4,3519.965664346173,54989.4,783.1296689156911,65562.2,1193.784722261095,
(ExBW),exploding-blocksworld-ippc08-fixed-p11-n11-N13-s11,ROC,CG-iLAO*-single,5,391.7188132,8.394728382352106,11340703.6,190318.68593254825,1455155.2,7830.542916446087,293418.6,1591.24704900779,363000.8,2468.7125827815594,
(Rand),random-ippc04-p03-problem,ROC,CG-iLAO*-single,5,0.2699632,0.0245852812891206,554.8,97.52334481548507,381.0,58.62988725897398,10.8,1.900290504107201,10.8,1.900290504107201,
(Rand),random-ippc04-p04-problem,ROC,CG-iLAO*-single,5,0.4800288,0.032633393597441,560.0,0.0,225.2,6.658232798573507,2.0,0.0,2.0,0.0,
(Rand),random-ippc04-p05-problem,ROC,CG-iLAO*-single,5,15.5325552,7.804091869705182,10970.6,5986.784678828527,4309.4,2174.225146486904,21.2,11.197759775955188,31.0,16.30456132497897,
(Rand),random-ippc04-p06-problem,ROC,CG-iLAO*-single,5,1.524269,0.1185035425966147,1266.4,52.72217840719407,608.6,52.31988623840842,16.0,0.0,16.0,0.0,
(Rand),random-ippc04-p07-problem,ROC,CG-iLAO*-single,5,0.6147254,0.2894346771374158,1820.6,1516.3480938940106,718.6,590.0572105957184,7.8,4.973922395856212,12.2,9.46905190607803,
(Rand),random-ippc04-p08-problem,ROC,CG-iLAO*-single,5,1471.0928814,122.80767494518363,811242.2,5337.408482436396,740212.2,3820.1922212873,8229.6,44.68885964085457,8229.6,44.68885964085457,
(Rand),random-ippc04-p09-problem,ROC,CG-iLAO*-single,5,5.9054568000000005,2.4190211462348503,7755.4,7005.148544990035,3059.6,1540.4775331617138,4.6,2.2857331427793577,6.2,4.571466285558715,
(Rand),random-ippc04-p10-problem,ROC,CG-iLAO*-single,3,1657.500143,68.61550259109565,14217003.333333334,471028.9043540607,1639760.3333333333,30958.32206975336,7831.0,129.57265349344877,13161.666666666666,485.0017700769532,
(Rand),random-ippc04-p13-problem,ROC,CG-iLAO*-single,5,62.167810800000005,9.283011210954754,118683.0,31209.423044274303,19472.8,4534.399971160903,24.6,5.834087417925788,42.2,10.543998482549206,
(RectTW),rectangle-tireworld-ippc08-unit-cost-p01-x5-y5-h2-v2-u0-s1,ROC,CG-iLAO*-single,5,0.1916908,0.0129249400464336,1560.2,88.72632294871686,48.0,0.0,24.0,0.0,40.6,1.4667296956153848,
(RectTW),rectangle-tireworld-ippc08-unit-cost-p02-x5-y5-h2-v3-u15-s2,ROC,CG-iLAO*-single,5,0.1901522,0.0148067900713444,248.2,8.641799812539052,34.0,0.0,11.0,0.0,8.0,0.0,unsolveable
(RectTW),rectangle-tireworld-ippc08-unit-cost-p03-x7-y7-h4-v3-u0-s3,ROC,CG-iLAO*-single,5,0.5042120000000001,0.0211279270728768,4113.2,76.61168412194056,95.8,0.3919999999999999,47.8,0.3919999999999999,86.8,2.092707337398137,
(RectTW),rectangle-tireworld-ippc08-unit-cost-p04-x7-y7-h3-v4-u20-s4,ROC,CG-iLAO*-single,5,0.441291,0.0117004035300121,3.0,0.0,5.0,0.0,1.0,0.0,0.0,0.0,unsolveable
(RectTW),rectangle-tireworld-ippc08-unit-cost-p05-x9-y9-h3-v5-u30-s5,ROC,CG-iLAO*-single,5,1.10802,0.0337966907643077,3.0,0.0,5.0,0.0,1.0,0.0,0.0,0.0,unsolveable
(RectTW),rectangle-tireworld-ippc08-unit-cost-p06-x11-y11-h4-v3-u40-s6,ROC,CG-iLAO*-single,5,4.909002,0.7335479844315881,22963.4,550.4500793496173,240.0,0.0,115.0,0.0,227.0,8.96043748931937,
(RectTW),rectangle-tireworld-ippc08-unit-cost-p07-x11-y11-h3-v5-u80-s7,ROC,CG-iLAO*-single,5,2.662662,0.1392369097519349,3.0,0.0,5.0,0.0,1.0,0.0,0.0,0.0,unsolveable
(RectTW),rectangle-tireworld-ippc08-unit-cost-p08-x11-y11-h6-v7-u80-s8,ROC,CG-iLAO*-single,5,2.6740432,0.0957797400018866,3.0,0.0,5.0,0.0,1.0,0.0,0.0,0.0,unsolveable
(RectTW),rectangle-tireworld-ippc08-unit-cost-p09-x15-y15-h4-v4-u60-s9,ROC,CG-iLAO*-single,5,31.1554466,6.522469182811439,78166.0,4392.572612435678,449.0,0.0,224.0,0.0,439.8,12.8286454468116,
(RectTW),rectangle-tireworld-ippc08-unit-cost-p10-x15-y15-h10-v10-u150-s10,ROC,CG-iLAO*-single,5,13.6255304,0.939084988524228,305110.6,34568.394887384864,244.0,0.0,24.0,0.0,28.6,0.9994078246641857,unsolveable
(RectTW),rectangle-tireworld-ippc08-unit-cost-p11-x20-y20-h5-v5-u80-s11,ROC,CG-iLAO*-single,5,175.0651612,10.798464550348326,160083.4,712.2728992289402,793.0,0.0,392.0,0.0,820.4,12.26527847217502,
(RectTW),rectangle-tireworld-ippc08-unit-cost-p12-x20-y20-h15-v15-u300-s12,ROC,CG-iLAO*-single,5,210.5168126,21.87239492091994,42430141.4,539351.404184671,774.0,0.0,437.2,0.7333648478076924,621.6,5.996446947985115,unsolveable
(RectTW),rectangle-tireworld-ippc08-unit-cost-p14-x30-y30-h25-v20-u700-s14,ROC,CG-iLAO*-single,0,,,,,,,,,,,unsolveable
(Sched),schedule-ippc04-p01,ROC,CG-iLAO*-single,5,0.0636408,0.0097490017062376,610.0,0.0,36.0,0.0,20.0,0.0,20.0,0.0,
(Sched),schedule-ippc04-p02,ROC,CG-iLAO*-single,5,0.062365,0.0098211158706208,870.0,0.0,36.0,0.0,20.0,0.0,20.0,0.0,
(Sched),schedule-ippc04-p03,ROC,CG-iLAO*-single,5,0.0738938,0.0091039947441232,1630.0,0.0,50.0,0.0,25.0,0.0,25.0,0.0,
(Sched),schedule-ippc04-p04,ROC,CG-iLAO*-single,5,24.4325806,0.507028032035531,14902024.2,245483.90180591197,69704.6,308.6073372037677,37742.8,94.8392943035744,58288.8,118.8581234245266,
(Sched),schedule-ippc04-p05,ROC,CG-iLAO*-single,5,1072.5501076,44.0699421101916,392032090.8,744033.0211943433,1583625.2,1853.9162685472068,741785.4,483.468714950616,1174183.2,564.0685903540455,
(Sched),schedule-ippc08-p01,ROC,CG-iLAO*-single,5,0.081638,0.0068328349342275,755.0,0.0,50.0,0.0,25.0,0.0,25.0,0.0,
(Sched),schedule-ippc08-p02,ROC,CG-iLAO*-single,5,0.0736932,0.0126847894788831,1005.0,0.0,50.0,0.0,25.0,0.0,25.0,0.0,
(Sched),schedule-ippc08-p03,ROC,CG-iLAO*-single,5,0.0876654,0.0095514415172295,1803.0,0.0,66.0,0.0,30.0,0.0,30.0,0.0,
(Sched),schedule-ippc08-p04,ROC,CG-iLAO*-single,5,864.6667934,31.356715450365805,322241476.8,1009868.0133767644,1554149.2,2979.5633128470354,763539.2,1056.485889912402,1238159.6,1298.4901038113458,
(S&R),search-and-rescue-ippc08-strips-p01-z4,ROC,CG-iLAO*-single,5,0.3163154,0.0079533321286172,405738.0,2116.4352815430007,1076.0,0.0,811.8,1.998815649328372,1951.2,5.727762564911363,
(S&R),search-and-rescue-ippc08-strips-p02-z5,ROC,CG-iLAO*-single,5,1.2376706,0.0349071136040678,1795556.2,4639.763169031799,3906.0,0.0,2864.2,4.736554021649072,8460.4,7.830193867331766,
(S&R),search-and-rescue-ippc08-strips-p03-z6,ROC,CG-iLAO*-single,5,5.2006014,0.2110097206650167,7468705.2,5376.017698012535,13724.0,0.0,9921.4,13.488446018722838,35132.4,29.896264917209976,
(S&R),search-and-rescue-ippc08-strips-p04-z8,ROC,CG-iLAO*-single,5,100.3624368,3.474687118861445,115476697.4,51940.43972820653,159140.0,0.0,113819.8,46.5903172773056,525091.8,167.3952455238798,
(S&R),search-and-rescue-ippc08-strips-p05-z10,ROC,CG-iLAO*-single,0,,,,,,,,,,,
(Sys),sysadmin-ippc08-unit-cost-p01,ROC,CG-iLAO*-single,5,0.1403046,0.0104083229343644,19422.0,490.7759376334581,442.0,0.0,428.6,0.4800999895855029,471.0,1.2396128427860047,
(Sys),sysadmin-ippc08-unit-cost-p02,ROC,CG-iLAO*-single,5,0.4332572,0.0143568764244784,117644.0,3957.391535483948,1564.0,0.0,1541.0,0.0,1696.6,3.645810746596702,
(Sys),sysadmin-ippc08-unit-cost-p03,ROC,CG-iLAO*-single,5,1.41457,0.0915082980214092,418216.8,8805.678399482007,4705.0,0.0,4676.0,0.0,5129.6,6.862799428804545,
(Sys),sysadmin-ippc08-unit-cost-p04,ROC,CG-iLAO*-single,5,15.2442778,2.2129561605222974,5164362.8,14903.279097967132,33071.0,0.0,33016.6,0.4800999895855028,35730.4,28.542068880864264,
(TriTW),triangle-tireworld-ippc08-p01,ROC,CG-iLAO*-single,5,0.044765,0.0111678278939604,213.0,0.0,35.0,0.0,24.0,0.0,24.0,0.0,
(TriTW),triangle-tireworld-ippc08-p02,ROC,CG-iLAO*-single,5,0.1022248,0.008531027526261,2837.0,65.46223949728575,336.6,2.448039215372172,227.2,0.9601999791710056,239.6,2.368277010824536,
(TriTW),triangle-tireworld-ippc08-p03,ROC,CG-iLAO*-single,5,0.8051248,0.0167667430146341,83471.4,8550.960460679022,3938.0,74.5753600058357,2712.6,71.61004242422985,2938.4,78.42596570014295,
(TriTW),triangle-tireworld-ippc08-p04,ROC,CG-iLAO*-single,5,12.9776996,0.2070694590992015,2203116.8,222666.7258506274,43361.2,392.295064949841,31494.0,232.01963089359484,33660.2,242.51418280999565,
(TriTW),triangle-tireworld-ippc08-p05,ROC,CG-iLAO*-single,5,309.444992,6.968742018793092,43569508.4,1506036.7080385005,564758.2,6787.637579227693,445565.8,4919.818812345024,470469.0,5325.581531303413,
(Zeno),zenotravel-ippc04-unit-cost_NO_FORALLS-p01-problem,ROC,CG-iLAO*-single,5,0.1642686,0.0125396653021145,0.0,0.0,0.0,0.0,,,,,trivial (s0 in G)
(Zeno),zenotravel-ippc04-unit-cost_NO_FORALLS-p02-problem,ROC,CG-iLAO*-single,5,138.5765242,5.141394792554923,41686583.4,127696.0393984619,359684.6,1625.6984376494922,233831.4,738.6123147199753,496131.4,1338.6099202740131,
(Zeno),zenotravel-ippc04-unit-cost_NO_FORALLS-p03-problem,ROC,CG-iLAO*-single,5,1493.9022632,57.270051974050105,517970747.0,769830.9485663264,2051666.8,5979.31560644728,1641049.4,4158.49655874043,4335518.0,11325.49707110818,
(Zeno),zenotravel-ippc04-unit-cost_NO_FORALLS-p04-problem,ROC,CG-iLAO*-single,5,154.49569300000002,3.4211614134187966,36948923.6,219692.5527809529,384672.6,992.7152529985624,200074.0,492.58235534781386,435690.2,2064.3890532707246,
(Zeno),zenotravel-ippc04-unit-cost_NO_FORALLS-p05-problem,ROC,CG-iLAO*-single,5,551.7502326,11.938407224536048,160930683.4,694457.445850772,919322.8,4448.164377797206,590017.0,1919.414400237739,1338625.4,4690.498379705081,
(Zeno),zenotravel-ippc08-unit-cost_NO_FORALLS-p01-c4-p2-a2-s3846-problem,ROC,CG-iLAO*-single,5,5.752597799999999,0.055209270503379,1768002.8,21674.02952342512,25107.0,73.50130665505206,14851.2,40.16995972116476,28879.8,227.16256254937775,
(Zeno),zenotravel-ippc08-unit-cost_NO_FORALLS-p02-c5-p2-a2-s17462-problem,ROC,CG-iLAO*-single,5,3.814006,0.0782869967447089,938833.2,8623.230229099998,15405.0,59.95485901909869,8494.8,24.016199199706847,17048.4,98.35333901805264,
(Zeno),zenotravel-ippc08-unit-cost_NO_FORALLS-p04-c6-p2-a2-s12861-problem,ROC,CG-iLAO*-single,5,64.4529548,1.3012214171738772,18443066.6,123323.9261208566,210613.6,1102.896824229719,115393.2,317.75849808305674,243889.0,1593.2294956847868,
(Coresec),coresec-icaps16-bigger-p01-problem,ROC,CG-iLAO*-single,5,0.7211172,0.0339526661176182,94619.0,1101.8674790009914,8684.6,34.05327261806124,4097.8,28.277033507778,4877.6,53.68611380981119,
(Coresec),coresec-icaps16-bigger-p02-problem,ROC,CG-iLAO*-single,5,2.0621396,0.0618092584489677,310444.8,3146.8420101021907,25203.2,66.43619423175895,11273.4,51.66970423758975,13964.8,88.09845710340221,
(Coresec),coresec-icaps16-bigger-p03-problem,ROC,CG-iLAO*-single,5,5.861699,0.1324664933143018,1099896.6,4834.983983784848,62232.2,49.66734363744451,35339.4,48.78234861094738,44985.2,150.77917065695777,
(Coresec),coresec-icaps16-bigger-p04-problem,ROC,CG-iLAO*-single,5,15.9837748,0.1910324328471248,2871636.0,13196.980953942457,168003.6,137.37153277153166,82314.8,224.270082677115,105716.6,242.78823088444796,
(Coresec),coresec-icaps16-bigger-p05-problem,ROC,CG-iLAO*-single,5,413.07914,15.878814418759912,64252313.0,112729.42401992268,2758628.2,216.6712405096717,1240860.6,814.0891557661238,1858871.0,1808.5647630317249,
(Coresec),coresec-icaps16-bigger-p06-problem,ROC,CG-iLAO*-single,0,,,,,,,,,,,
(Coresec),coresec-icaps16-bigger-p07-problem,ROC,CG-iLAO*-single,0,,,,,,,,,,,
(PARC-N),no-repair-parc_NOREPAIR_s4_c1_fN.N_uN-facts,ROC,CG-iLAO*-single,5,9.2452782,0.3570736756908418,719156.6,9385.05733077939,32595.4,1420.0688436044218,8853.2,333.9033588091021,18595.0,496.8501419140383,
(PARC-N),no-repair-parc_NOREPAIR_s4_c2_fN.N_uN-facts,ROC,CG-iLAO*-single,5,13.8126384,0.4708017366495778,1094934.8,4263.69213470954,43452.2,2000.9342705206484,11572.2,421.7004566087165,23802.4,478.8054149401403,
(PARC-N),no-repair-parc_NOREPAIR_s4_c3_fN.N_uN-facts,ROC,CG-iLAO*-single,5,18.556249,0.9578811590944064,1676833.0,23224.096224423454,56503.6,3138.0743781778024,14044.0,660.8674160525695,26861.0,569.8252957530053,
(PARC-N),no-repair-parc_NOREPAIR_s5_c1_fN.N_uN-facts,ROC,CG-iLAO*-single,5,104.3229282,2.317795203878475,7946248.0,53639.85143618054,317160.2,13805.174110075686,67325.0,2776.3102850510063,162809.2,3780.748369651701,
(PARC-N),no-repair-parc_NOREPAIR_s5_c2_fN.N_uN-facts,ROC,CG-iLAO*-single,5,155.9157726,7.831010690670114,12420686.2,58649.41592127839,420245.8,23551.2511639629,88129.6,5272.552520767905,213072.4,5760.32067817895,
(PARC-N),no-repair-parc_NOREPAIR_s5_c3_fN.N_uN-facts,ROC,CG-iLAO*-single,5,204.683176,13.419171100214362,18934243.2,96615.94862262224,537063.0,41289.05585276757,105581.8,8822.88134784459,237344.0,9452.402306622374,
(PARC-R),with-repair-parc_REPAIR_s4_c1_fN.N_uN-facts,ROC,CG-iLAO*-single,5,33.5165624,2.2915493639609723,5817587.4,33814.990039457,94788.2,875.7262452981524,24436.4,217.9856628679969,78429.0,736.9378454116738,
(PARC-R),with-repair-parc_REPAIR_s4_c2_fN.N_uN-facts,ROC,CG-iLAO*-single,5,85.2370598,4.393443633482959,14490697.2,71667.80574645707,208628.2,526.034716025473,55859.8,155.25303392848718,179328.2,353.43827373955975,
(PARC-R),with-repair-parc_REPAIR_s4_c3_fN.N_uN-facts,ROC,CG-iLAO*-single,5,119.24685180000002,4.050547699086458,21833458.4,143975.34711149827,281676.8,566.7669340249129,70319.8,173.92324808374525,218817.6,635.1638792752623,
(PARC-R),with-repair-parc_REPAIR_s5_c1_fN.N_uN-facts,ROC,CG-iLAO*-single,5,450.709123,14.270968603563349,58383312.0,118403.5527698631,1053835.0,6368.874528881849,220136.6,1078.9319513370615,788902.2,3697.361496989981,
(PARC-R),with-repair-parc_REPAIR_s5_c2_fN.N_uN-facts,ROC,CG-iLAO*-single,5,1224.9669732,31.0843611978138,157581748.4,403378.7318451412,2298851.8,3162.593674398278,493656.8,641.0004328734886,1741344.2,3644.489079767423,
(PARC-R),with-repair-parc_REPAIR_s5_c3_fN.N_uN-facts,ROC,CG-iLAO*-single,0,,,,,,,,,,,
(TriTW),intermediate-triangle-tireworld-tire6-start10,LMCut,CG-iLAO*-single,0,,,,,,,,,,,
(TriTW),intermediate-triangle-tireworld-tire6-start8,LMCut,CG-iLAO*-single,5,1112.718009,41.371640909497295,95547714.8,3063110.7464323197,3200828.4,37780.14542900669,2276530.4,13132.358303589495,2676584.0,59532.67066462111,
(TriTW),intermediate-triangle-tireworld-tire6-start9,LMCut,CG-iLAO*-single,0,,,,,,,,,,,
(BW),blocksworld-ippc04-p01,LMCut,CG-iLAO*-single,5,1.840986,0.1742648176217723,49119.2,4557.805948171115,2480.6,271.62559425797855,996.6,105.5557813480626,1763.4,207.5635372988233,
(BW),blocksworld-ippc04-p02,LMCut,CG-iLAO*-single,5,1.1689772,0.0220872162361394,34322.0,807.9306868290124,1549.8,29.304458090877567,626.4,10.923373837784734,1081.8,23.5314305557482,
(BW),blocksworld-ippc04-p03,LMCut,CG-iLAO*-single,5,0.5935406,0.0218475458181301,11865.6,1014.3026701414128,771.2,48.84058869424077,270.8,17.001234778685927,453.0,34.23553942907866,
(BW),blocksworld-ippc04-p04,LMCut,CG-iLAO*-single,5,2.7538016,0.1909417635316814,96004.0,12374.53637720945,3831.6,382.28572782148166,1662.4,174.2787209500919,2989.0,346.5554921221131,
(BW),blocksworld-ippc04-p05,LMCut,CG-iLAO*-single,5,1.0400038,0.0897126034546695,31640.2,3159.5130329948,1427.0,135.08794350348222,570.6,61.275004496123856,1035.2,118.60089402698448,
(BW),blocksworld-ippc04-p06,LMCut,CG-iLAO*-single,0,,,,,,,,,,,
(BW),blocksworld-ippc04-p07,LMCut,CG-iLAO*-single,0,,,,,,,,,,,
(BW),blocksworld-ippc04-p08,LMCut,CG-iLAO*-single,0,,,,,,,,,,,
(BW),blocksworld-ippc04-p09,LMCut,CG-iLAO*-single,0,,,,,,,,,,,
(BW),blocksworld-ippc04-p10,LMCut,CG-iLAO*-single,0,,,,,,,,,,,
(BW),blocksworld-ippc08-p01-c0-C0-g1-n5,LMCut,CG-iLAO*-single,5,0.5978986,0.0372997733265961,22626.2,3046.610684479393,753.2,41.84221294339008,546.8,50.4615313283297,900.8,87.95880799556119,
(BW),blocksworld-ippc08-p02-c1-C1-g20-n5,LMCut,CG-iLAO*-single,5,0.594721,0.0304361520737507,22626.2,3046.610684479393,753.2,41.84221294339008,546.8,50.4615313283297,900.8,87.95880799556119,
(BW),blocksworld-ippc08-p03-c1-C2-g40-n5,LMCut,CG-iLAO*-single,5,0.5963408,0.0245168046816852,22626.2,3046.610684479393,753.2,41.84221294339008,546.8,50.4615313283297,900.8,87.95880799556119,
(BW),blocksworld-ippc08-p04-c2-C1-g0-n5,LMCut,CG-iLAO*-single,5,0.5930304,0.0248586598992901,22626.2,3046.610684479393,753.2,41.84221294339008,546.8,50.4615313283297,900.8,87.95880799556119,
(BW),blocksworld-ippc08-p05-c0-C0-g1-n10,LMCut,CG-iLAO*-single,0,,,,,,,,,,,
(BW),blocksworld-ippc08-p06-c1-C1-g20-n10,LMCut,CG-iLAO*-single,0,,,,,,,,,,,
(BW),blocksworld-ippc08-p07-c1-C2-g0-n10,LMCut,CG-iLAO*-single,0,,,,,,,,,,,
(BW),blocksworld-ippc08-p08-c3-C2-g0-n10,LMCut,CG-iLAO*-single,0,,,,,,,,,,,
(BW),blocksworld-ippc08-p09-c0-C0-g1-n14,LMCut,CG-iLAO*-single,0,,,,,,,,,,,
(BW),blocksworld-ippc08-p10-c1-C1-g20-n14,LMCut,CG-iLAO*-single,0,,,,,,,,,,,
(BW),blocksworld-ippc08-p11-c1-C2-g0-n14,LMCut,CG-iLAO*-single,0,,,,,,,,,,,
(BW),blocksworld-ippc08-p12-c3-C2-g0-n14,LMCut,CG-iLAO*-single,0,,,,,,,,,,,
(Elev),elevators-ippc04-p01,LMCut,CG-iLAO*-single,5,0.0188276,0.0057309060896804,1371.0,385.8677043754763,144.0,38.37297590753159,59.4,14.317394176315744,89.0,19.263918604479205,
(Elev),elevators-ippc04-p02,LMCut,CG-iLAO*-single,5,0.0108852,0.0077731986516789,75.0,0.0,34.0,0.0,8.0,0.0,8.0,0.0,
(Elev),elevators-ippc04-p03,LMCut,CG-iLAO*-single,5,0.0230518,0.0038899280816261,2392.6,250.64223733441256,135.4,9.14293257111743,86.6,5.133553934653848,151.4,14.22317320431696,
(Elev),elevators-ippc04-p04,LMCut,CG-iLAO*-single,5,0.0220192,0.0082033990509729,2327.0,140.2078297385706,161.4,5.834087417925788,96.6,3.196663260338817,156.8,6.715681946012631,
(Elev),elevators-ippc04-p05,LMCut,CG-iLAO*-single,5,0.0140393999999999,0.0061171038122379,561.4,103.7330810108328,82.0,9.541798572596258,30.4,4.2762151489372,41.4,6.547690890688106,
(Elev),elevators-ippc04-p06,LMCut,CG-iLAO*-single,5,0.2868891999999999,0.0116936836846249,17844.4,589.7244273862157,691.8,26.034820990358277,362.2,11.266164564748731,680.8,30.725149047644987,
(Elev),elevators-ippc04-p07,LMCut,CG-iLAO*-single,5,0.1672406,0.0248162307549187,5535.8,729.8549983551527,365.0,36.22555120353588,174.8,24.88042250445116,285.8,37.79498040745622,
(Elev),elevators-ippc04-p08,LMCut,CG-iLAO*-single,5,3.7821096,0.051879642908058,590884.8,13976.140452009771,7367.8,55.10842461910882,5546.8,49.520167043337,13352.0,161.0399741679065,
(Elev),elevators-ippc04-p09,LMCut,CG-iLAO*-single,5,1.6543296,0.065292133802134,145959.6,6358.576514152833,3165.6,73.06516171199513,2218.4,49.26427931067296,4869.2,132.24322040845797,
(Elev),elevators-ippc04-p10,LMCut,CG-iLAO*-single,5,7.820309799999999,0.2445374984551661,2737892.8,16588.699557814165,11984.8,50.434879042186665,11008.6,42.0491951884932,31901.8,146.72586705826615,
(Elev),elevators-ippc04-p11,LMCut,CG-iLAO*-single,5,622.9760988,10.756093729649388,108232074.6,1333848.606213298,326268.8,1395.464722500716,278809.2,1312.6742637166312,936048.4,5970.3359727184525,
(Elev),elevators-ippc04-p12,LMCut,CG-iLAO*-single,5,115.0954882,2.7037159640291097,8383708.0,73562.19271152811,84651.2,259.6681203074417,62055.2,174.99452535436646,178041.6,1254.352469099495,
(Elev),elevators-ippc04-p13,LMCut,CG-iLAO*-single,1,1780.202649,,926136167.0,,483097.0,,473637.0,,2101051.0,,
(Elev),elevators-ippc04-p14,LMCut,CG-iLAO*-single,5,66.1876704,1.5704412300587554,2160122.4,20603.070535698705,38983.0,337.09094060802045,23568.0,245.601373937525,52341.8,860.6349510355711,
(Elev),elevators-ippc04-p15,LMCut,CG-iLAO*-single,5,935.7934724,60.5415385921473,122326739.0,649554.0160645255,480722.0,603.6109505964913,441162.2,810.0991801403085,1551021.4,8733.660912992671,
(ExBW),exploding-blocksworld-ippc04-fixed-p01,LMCut,CG-iLAO*-single,5,0.0124056,0.0051669284757828,95.0,0.0,56.0,0.0,15.0,0.0,16.0,0.0,
(ExBW),exploding-blocksworld-ippc04-fixed-p02,LMCut,CG-iLAO*-single,5,0.0044204,0.0034084627444899,34.0,0.0,22.0,0.0,6.0,0.0,6.0,0.0,
(ExBW),exploding-blocksworld-ippc04-fixed-p03,LMCut,CG-iLAO*-single,5,0.017567,0.0041083458498037,104.0,8.981848362113446,69.0,2.400499947927514,14.6,0.4800999895855029,15.6,1.3293366766925525,
(ExBW),exploding-blocksworld-ippc04-fixed-p04,LMCut,CG-iLAO*-single,5,0.0693332,0.0108930152688878,23060.0,8060.791564088479,582.0,70.88862362890113,212.2,12.8286454468116,239.0,25.419620768217605,
(ExBW),exploding-blocksworld-ippc04-fixed-p05,LMCut,CG-iLAO*-single,5,0.007194,0.0048495433627177,0.0,0.0,0.0,0.0,,,,,trivial (s0 in G)
(ExBW),exploding-blocksworld-ippc04-fixed-p06,LMCut,CG-iLAO*-single,5,0.6685708,0.0710635531086988,60840.8,5730.000763914783,1556.4,152.00883584844664,383.2,31.957017132392064,454.0,73.71007312437017,
(ExBW),exploding-blocksworld-ippc04-fixed-p07,LMCut,CG-iLAO*-single,5,5.2682676,0.1220782948277601,261746.4,6098.775652140025,15554.6,668.4877613958239,2990.8,131.96259494265792,3271.6,128.0700655734977,
(ExBW),exploding-blocksworld-ippc04-fixed-p08,LMCut,CG-iLAO*-single,5,0.6319984,0.1808839103758021,2932.6,1057.542624585884,1657.4,475.2992321643282,216.8,53.65676755079455,278.8,103.36728565653642,
(ExBW),exploding-blocksworld-ippc04-fixed-p09,LMCut,CG-iLAO*-single,5,62.8829532,0.9484477139050262,3112428.2,65750.3052014494,150569.6,3025.0535231126078,32568.4,830.7946401945549,48573.4,1046.0280735506096,
(ExBW),exploding-blocksworld-ippc04-fixed-p10,LMCut,CG-iLAO*-single,5,242.0975184,6.879287938342267,21378766.8,275479.61140702094,527016.8,4522.898199860792,138578.2,1136.4041124459202,196396.0,1412.175035383362,
(ExBW),exploding-blocksworld-ippc08-fixed-p01-n2-N5-s1,LMCut,CG-iLAO*-single,5,0.0166873999999999,0.0035942931145603,322.0,0.0,125.0,0.0,39.0,0.0,39.0,0.0,
(ExBW),exploding-blocksworld-ippc08-fixed-p02-n3-N5-s2,LMCut,CG-iLAO*-single,5,0.0712507999999999,0.0118963286140852,16777.6,3700.5182343363754,752.6,37.94308917312875,310.0,8.081287026210614,268.8,14.580608492103476,
(ExBW),exploding-blocksworld-ippc08-fixed-p03-n3-N6-s3,LMCut,CG-iLAO*-single,5,0.0938306,0.006758870792132,23953.0,5175.617321201405,599.4,1.817629225117158,159.0,1.8594192641790068,219.2,8.439387655511506,
(ExBW),exploding-blocksworld-ippc08-fixed-p04-n4-N6-s4,LMCut,CG-iLAO*-single,5,0.1230852,0.0034302511732035,25106.8,271.403316825716,1074.4,20.81294827745459,377.4,4.981639890638423,421.2,10.28579914250711,
(ExBW),exploding-blocksworld-ippc08-fixed-p05-n5-N7-s5,LMCut,CG-iLAO*-single,5,0.0221218,0.0061088726294975,190.8,28.324543138416196,83.0,7.84,22.0,1.96,27.2,3.528,
(ExBW),exploding-blocksworld-ippc08-fixed-p06-n6-N8-s6,LMCut,CG-iLAO*-single,5,0.168698,0.0073347280164434,5548.0,123.3150008717512,849.6,16.37040060597174,234.6,5.866918782461539,250.6,10.32680085989848,
(ExBW),exploding-blocksworld-ippc08-fixed-p07-n7-N9-s7,LMCut,CG-iLAO*-single,5,0.5187424,0.160381162173486,3820.0,1397.0963316249884,1598.4,490.6180294444956,224.2,62.07787547911091,305.8,101.12422412063296,
(ExBW),exploding-blocksworld-ippc08-fixed-p08-n8-N10-s8,LMCut,CG-iLAO*-single,5,91.2182074,6.314883481028254,7975658.0,682570.0630914543,146566.6,12586.686555414652,31858.2,1836.972856866426,45126.2,3490.0239264371808,
(ExBW),exploding-blocksworld-ippc08-fixed-p09-n9-N11-s9,LMCut,CG-iLAO*-single,5,17.0619234,0.7699198148464425,864409.4,112348.56273473594,22794.4,1313.2208577448043,4691.8,240.39973291166527,6849.6,363.3374813806029,
(ExBW),exploding-blocksworld-ippc08-fixed-p10-n10-N12-s10,LMCut,CG-iLAO*-single,5,335.2515094,13.82594516431864,72276628.4,3571604.006580352,209045.8,2765.195438196729,52952.4,653.2490936358043,62654.0,902.5962799834708,
(ExBW),exploding-blocksworld-ippc08-fixed-p11-n11-N13-s11,LMCut,CG-iLAO*-single,0,,,,,,,,,,,
(Rand),random-ippc04-p03-problem,LMCut,CG-iLAO*-single,5,1.801419,0.0213297724068607,31897.2,333.69274859367266,1385.0,0.0,60.0,0.0,118.4,0.999407824664186,
(Rand),random-ippc04-p04-problem,LMCut,CG-iLAO*-single,0,,,,,,,,,,,
(Rand),random-ippc04-p05-problem,LMCut,CG-iLAO*-single,0,,,,,,,,,,,
(Rand),random-ippc04-p06-problem,LMCut,CG-iLAO*-single,5,5.410053,0.5536880336873671,1266.4,52.72217840719407,608.6,52.31988623840842,16.0,0.0,16.0,0.0,
(Rand),random-ippc04-p07-problem,LMCut,CG-iLAO*-single,5,0.1935994,0.0520615014109145,315.4,106.10571830019342,270.4,52.26846330245418,3.4,0.4800999895855028,3.8,0.9601999791710056,
(Rand),random-ippc04-p08-problem,LMCut,CG-iLAO*-single,0,,,,,,,,,,,
(Rand),random-ippc04-p09-problem,LMCut,CG-iLAO*-single,0,,,,,,,,,,,
(Rand),random-ippc04-p10-problem,LMCut,CG-iLAO*-single,0,,,,,,,,,,,
(Rand),random-ippc04-p13-problem,LMCut,CG-iLAO*-single,5,24.3998358,1.816843071484628,21189.8,136.4959535810494,5401.8,26.8841705098,7.0,0.0,10.4,0.4800999895855029,
(RectTW),rectangle-tireworld-ippc08-unit-cost-p01-x5-y5-h2-v2-u0-s1,LMCut,CG-iLAO*-single,5,0.0255876,0.0060225580420761,1497.4,74.6386940936134,48.0,0.0,24.0,0.0,40.0,0.6198064213930023,
(RectTW),rectangle-tireworld-ippc08-unit-cost-p02-x5-y5-h2-v3-u15-s2,LMCut,CG-iLAO*-single,5,0.0230238,0.0064825071645393,248.2,8.641799812539052,34.0,0.0,11.0,0.0,8.0,0.0,unsolveable
(RectTW),rectangle-tireworld-ippc08-unit-cost-p03-x7-y7-h4-v3-u0-s3,LMCut,CG-iLAO*-single,5,0.1531862,0.0132538445670403,3814.2,157.99764119758242,96.0,0.0,48.0,0.0,84.4,2.200094543423077,
(RectTW),rectangle-tireworld-ippc08-unit-cost-p04-x7-y7-h3-v4-u20-s4,LMCut,CG-iLAO*-single,5,0.030771,0.0071850863379419,3.0,0.0,5.0,0.0,1.0,0.0,0.0,0.0,unsolveable
(RectTW),rectangle-tireworld-ippc08-unit-cost-p05-x9-y9-h3-v5-u30-s5,LMCut,CG-iLAO*-single,5,0.0850996,0.008134935565184,3.0,0.0,5.0,0.0,1.0,0.0,0.0,0.0,unsolveable
(RectTW),rectangle-tireworld-ippc08-unit-cost-p06-x11-y11-h4-v3-u40-s6,LMCut,CG-iLAO*-single,5,4.0057758,0.4296869608747126,21327.8,425.14943676782633,239.0,0.0,113.4,0.4800999895855028,224.2,11.552367030180436,
(RectTW),rectangle-tireworld-ippc08-unit-cost-p07-x11-y11-h3-v5-u80-s7,LMCut,CG-iLAO*-single,5,0.1802716,0.020054887156731,3.0,0.0,5.0,0.0,1.0,0.0,0.0,0.0,unsolveable
(RectTW),rectangle-tireworld-ippc08-unit-cost-p08-x11-y11-h6-v7-u80-s8,LMCut,CG-iLAO*-single,5,0.1918312,0.0180101147424324,3.0,0.0,5.0,0.0,1.0,0.0,0.0,0.0,unsolveable
(RectTW),rectangle-tireworld-ippc08-unit-cost-p09-x15-y15-h4-v4-u60-s9,LMCut,CG-iLAO*-single,5,35.7573166,4.832732937070928,74685.4,4400.5178926594535,449.0,0.0,224.0,0.0,438.8,12.91816952977472,
(RectTW),rectangle-tireworld-ippc08-unit-cost-p10-x15-y15-h10-v10-u150-s10,LMCut,CG-iLAO*-single,5,8.172419999999999,2.459325903722156,305087.4,34579.75246124842,244.0,0.0,24.0,0.0,28.6,0.9994078246641857,unsolveable
(RectTW),rectangle-tireworld-ippc08-unit-cost-p11-x20-y20-h5-v5-u80-s11,LMCut,CG-iLAO*-single,5,333.5460574,54.6778762689642,154541.2,1283.2500947453696,793.0,0.0,392.0,0.0,816.0,11.378133414580796,
(RectTW),rectangle-tireworld-ippc08-unit-cost-p12-x20-y20-h15-v15-u300-s12,LMCut,CG-iLAO*-single,5,305.2626324,33.08891554459365,42206231.8,315689.1945521104,774.0,0.0,436.2,0.960199979171006,620.6,6.028394147698041,unsolveable
(RectTW),rectangle-tireworld-ippc08-unit-cost-p14-x30-y30-h25-v20-u700-s14,LMCut,CG-iLAO*-single,5,13.9355048,0.474831866865088,3.0,0.0,5.0,0.0,1.0,0.0,0.0,0.0,unsolveable
(Sched),schedule-ippc04-p01,LMCut,CG-iLAO*-single,5,0.008879,0.0035089139422448,762.0,0.0,36.0,0.0,20.0,0.0,20.0,0.0,
(Sched),schedule-ippc04-p02,LMCut,CG-iLAO*-single,5,0.011822,0.0062960004318551,1142.0,0.0,36.0,0.0,20.0,0.0,20.0,0.0,
(Sched),schedule-ippc04-p03,LMCut,CG-iLAO*-single,5,0.0122944,0.0046763539983127,2285.0,0.0,50.0,0.0,25.0,0.0,25.0,0.0,
(Sched),schedule-ippc04-p04,LMCut,CG-iLAO*-single,5,18.2208746,1.1273947016181691,8396672.4,183862.20736734156,67543.2,162.67693009151603,31222.6,200.7920275708176,44091.2,291.7441400679712,
(Sched),schedule-ippc04-p05,LMCut,CG-iLAO*-single,5,1558.5588012,104.43347299983958,383534017.6,1971066.1072209545,2213579.2,4187.129719287903,975349.6,2110.8943942736687,1506705.2,4263.118112018948,
(Sched),schedule-ippc08-p01,LMCut,CG-iLAO*-single,5,0.0154677999999999,0.0043653272684718,910.0,0.0,50.0,0.0,25.0,0.0,25.0,0.0,
(Sched),schedule-ippc08-p02,LMCut,CG-iLAO*-single,5,0.0129444,0.0046180080963913,1310.0,0.0,50.0,0.0,25.0,0.0,25.0,0.0,
(Sched),schedule-ippc08-p03,LMCut,CG-iLAO*-single,5,0.0130972,0.0042043589625891,2493.0,0.0,66.0,0.0,30.0,0.0,30.0,0.0,
(Sched),schedule-ippc08-p04,LMCut,CG-iLAO*-single,5,794.5962646,29.155570609048773,181461787.4,1424052.2636413595,1588714.4,3792.551815094422,676638.8,1988.939723305862,986109.2,4323.86494668647,
(S&R),search-and-rescue-ippc08-strips-p01-z4,LMCut,CG-iLAO*-single,5,0.2396394,0.0049000241314605,400564.2,1728.8721488600595,1076.0,0.0,808.6,3.136,1955.2,5.126065157603831,
(S&R),search-and-rescue-ippc08-strips-p02-z5,LMCut,CG-iLAO*-single,5,1.0326638,0.0318993619048717,1768820.4,3928.120571216723,3906.0,0.0,2867.8,10.706696222458168,8438.0,9.581974744278968,
(S&R),search-and-rescue-ippc08-strips-p03-z6,LMCut,CG-iLAO*-single,5,4.3032504000000005,0.1700989243415793,7340238.4,10084.770414343402,13724.0,0.0,9912.6,4.3651272604587374,35088.2,26.8197909014966,
(S&R),search-and-rescue-ippc08-strips-p04-z8,LMCut,CG-iLAO*-single,5,108.3698792,36.75999891182213,113537681.8,44986.52802713879,159140.0,0.0,113827.8,13.09538178137621,524660.8,99.42320968466063,
(S&R),search-and-rescue-ippc08-strips-p05-z10,LMCut,CG-iLAO*-single,0,,,,,,,,,,,
(Sys),sysadmin-ippc08-unit-cost-p01,LMCut,CG-iLAO*-single,5,0.0427308,0.0096446195490119,19207.0,323.5199535113715,442.0,0.0,430.0,0.0,471.8,0.9601999791710056,
(Sys),sysadmin-ippc08-unit-cost-p02,LMCut,CG-iLAO*-single,5,0.1494894,0.0053147572870203,110699.2,1913.4819996812091,1601.0,0.0,1580.0,0.0,1738.0,1.8594192641790068,
(Sys),sysadmin-ippc08-unit-cost-p03,LMCut,CG-iLAO*-single,5,0.6545476,0.0268346849248314,424785.2,5649.5055571743615,4715.0,0.0,4692.0,0.0,5135.4,5.633082282374367,
(Sys),sysadmin-ippc08-unit-cost-p04,LMCut,CG-iLAO*-single,5,8.806706600000002,0.3673249377561833,5173815.0,28832.254047646013,33079.0,5.403347110819366,33023.0,3.50615458871967,35680.2,18.6086491718233,
(TriTW),triangle-tireworld-ippc08-p01,LMCut,CG-iLAO*-single,5,0.0115988,0.0032274718020741,170.2,3.840799916684023,33.8,0.9601999791710056,21.4,0.4800999895855028,21.8,0.9601999791710056,
(TriTW),triangle-tireworld-ippc08-p02,LMCut,CG-iLAO*-single,5,0.0163792,0.0043233949234813,2529.8,73.95046493430584,394.2,17.203396873873483,242.8,9.86641495174412,273.6,14.857265428065825,
(TriTW),triangle-tireworld-ippc08-p03,LMCut,CG-iLAO*-single,5,0.5361594000000001,0.0182069908510488,84488.4,3765.267670922745,6069.0,72.49615824304071,3979.4,33.068865357009145,4652.0,95.62108637743036,
(TriTW),triangle-tireworld-ippc08-p04,LMCut,CG-iLAO*-single,5,17.049632199999998,1.0140871842946553,2318338.0,73837.21655095619,101572.0,1584.5235698846514,70202.8,757.8317632192517,84130.0,2334.057340580989,
(TriTW),triangle-tireworld-ippc08-p05,LMCut,CG-iLAO*-single,5,547.2770744000001,8.999017916494141,59966706.8,1387610.6518391734,1726654.8,30881.60913337101,1222071.8,15665.370931362717,1447953.4,33200.10244298556,
(Zeno),zenotravel-ippc04-unit-cost_NO_FORALLS-p01-problem,LMCut,CG-iLAO*-single,5,0.0218107999999999,0.006243088362436,0.0,0.0,0.0,0.0,,,,,trivial (s0 in G)
(Zeno),zenotravel-ippc04-unit-cost_NO_FORALLS-p02-problem,LMCut,CG-iLAO*-single,5,1177.5265728,66.63691487470753,48882425.2,274212.0800835036,414615.6,2723.6660715028925,279046.2,1530.5496055156136,623910.2,5499.32025369536,
(Zeno),zenotravel-ippc04-unit-cost_NO_FORALLS-p03-problem,LMCut,CG-iLAO*-single,0,,,,,,,,,,,
(Zeno),zenotravel-ippc04-unit-cost_NO_FORALLS-p04-problem,LMCut,CG-iLAO*-single,0,,,,,,,,,,,
(Zeno),zenotravel-ippc04-unit-cost_NO_FORALLS-p05-problem,LMCut,CG-iLAO*-single,0,,,,,,,,,,,
(Zeno),zenotravel-ippc08-unit-cost_NO_FORALLS-p01-c4-p2-a2-s3846-problem,LMCut,CG-iLAO*-single,5,24.5812898,0.7830538556792169,1988684.6,15313.341279136175,28354.0,203.0005599992276,17345.8,103.25573177310788,33813.8,321.0952614785836,
(Zeno),zenotravel-ippc08-unit-cost_NO_FORALLS-p02-c5-p2-a2-s17462-problem,LMCut,CG-iLAO*-single,5,22.377128,0.2096070402651314,1106764.2,18341.074117926244,18614.2,145.52574337209208,10149.0,81.00279501350555,20688.2,215.5504597629056,
(Zeno),zenotravel-ippc08-unit-cost_NO_FORALLS-p04-c6-p2-a2-s12861-problem,LMCut,CG-iLAO*-single,5,631.8991294,18.25852342827447,23717993.8,262229.6276241329,272091.8,1776.22813167228,149746.4,570.1554093543268,327999.6,2063.684884224333,
(Coresec),coresec-icaps16-bigger-p01-problem,LMCut,CG-iLAO*-single,5,0.386915,0.0216215564674257,244077.8,1910.2610275834036,9146.0,0.0,7625.4,31.867936487949763,8702.4,36.09062060979279,
(Coresec),coresec-icaps16-bigger-p02-problem,LMCut,CG-iLAO*-single,5,1.4468266,0.0774072420719793,800932.6,4243.134264566229,26474.0,0.0,21794.0,68.13079538652106,26012.6,149.1695210691514,
(Coresec),coresec-icaps16-bigger-p03-problem,LMCut,CG-iLAO*-single,5,4.2751144000000005,0.1453595703801723,2380719.2,9206.68647973982,64018.0,0.0,54660.4,50.90192074961415,68656.4,168.3371876205611,
(Coresec),coresec-icaps16-bigger-p04-problem,LMCut,CG-iLAO*-single,5,13.4846944,0.7794195934289979,7057888.6,12473.713894981558,173761.8,0.3919999999999999,145529.6,110.84419522915935,186811.8,308.6582460651261,
(Coresec),coresec-icaps16-bigger-p05-problem,LMCut,CG-iLAO*-single,5,646.5854958,47.90774433842062,160943112.2,101634.938920028,2872964.4,11.78610436064436,2387116.2,869.887305105667,3617945.6,2052.71162130875,
(Coresec),coresec-icaps16-bigger-p06-problem,LMCut,CG-iLAO*-single,0,,,,,,,,,,,
(Coresec),coresec-icaps16-bigger-p07-problem,LMCut,CG-iLAO*-single,0,,,,,,,,,,,
(PARC-N),no-repair-parc_NOREPAIR_s4_c1_fN.N_uN-facts,LMCut,CG-iLAO*-single,5,15.4305154,0.2150856135358336,1209542.4,5756.71708440288,48415.0,1276.5425981768096,14190.4,307.19747228126727,30660.4,341.0341424784327,
(PARC-N),no-repair-parc_NOREPAIR_s4_c2_fN.N_uN-facts,LMCut,CG-iLAO*-single,5,26.0294466,0.8036559519933946,2271139.2,19522.99282352539,79012.6,2054.126437261348,22886.6,448.05299911506,50299.2,458.157871376232,
(PARC-N),no-repair-parc_NOREPAIR_s4_c3_fN.N_uN-facts,LMCut,CG-iLAO*-single,5,45.5849958,1.814399688262972,3716155.4,69552.30761377867,141330.8,2514.9938706692706,39607.2,503.4420914305835,82229.4,515.6665016228997,
(PARC-N),no-repair-parc_NOREPAIR_s5_c1_fN.N_uN-facts,LMCut,CG-iLAO*-single,5,207.2189974,4.17055862880561,13860753.8,135648.53719766144,498161.8,15195.62765264482,113113.4,3117.5381084079786,275908.2,2999.0802412846506,
(PARC-N),no-repair-parc_NOREPAIR_s5_c2_fN.N_uN-facts,LMCut,CG-iLAO*-single,5,359.2171928,9.107776862819268,27722500.6,133832.3916182199,849904.0,24395.85842118944,191609.6,5251.3750622495045,483050.6,4579.072650580683,
(PARC-N),no-repair-parc_NOREPAIR_s5_c3_fN.N_uN-facts,LMCut,CG-iLAO*-single,5,635.6962318,17.86990547946759,44140628.0,335020.17855539074,1530458.2,52075.30782942626,334601.0,12617.62069736446,778775.4,12191.381765011543,
(PARC-R),with-repair-parc_REPAIR_s4_c1_fN.N_uN-facts,LMCut,CG-iLAO*-single,5,81.93379300000001,2.415290892845172,8768644.4,16506.191075358845,149361.4,934.5962768682527,44049.8,349.0134306642081,156472.4,458.1793361730753,
(PARC-R),with-repair-parc_REPAIR_s4_c2_fN.N_uN-facts,LMCut,CG-iLAO*-single,5,225.6229994,21.900393199420197,26155206.2,67115.47576842573,355579.6,1198.4874490523462,111732.8,473.903276443622,400295.0,908.0627329870994,
(PARC-R),with-repair-parc_REPAIR_s4_c3_fN.N_uN-facts,LMCut,CG-iLAO*-single,5,332.6335228,3.0241494202839414,38037840.6,157284.57851676908,526330.4,3444.818997546315,154508.6,1281.0407061510575,504618.2,3644.35188806789,
(PARC-R),with-repair-parc_REPAIR_s5_c1_fN.N_uN-facts,LMCut,CG-iLAO*-single,5,1218.572996,21.543170811854544,99770885.2,558620.5953967455,1671876.6,7508.380079869158,387111.6,1506.8329837961471,1578382.0,3547.0613381107464,
(PARC-R),with-repair-parc_REPAIR_s5_c2_fN.N_uN-facts,LMCut,CG-iLAO*-single,0,,,,,,,,,,,
(PARC-R),with-repair-parc_REPAIR_s5_c3_fN.N_uN-facts,LMCut,CG-iLAO*-single,0,,,,,,,,,,,
(TriTW),intermediate-triangle-tireworld-tire6-start10,PDB,CG-iLAO*-single,2,1602.7784525000002,69.35162178000003,278233744.0,9122083.04,5571456.0,7361.76,4164904.0,11918.76,4339629.0,13030.079999999998,
(TriTW),intermediate-triangle-tireworld-tire6-start8,PDB,CG-iLAO*-single,5,201.0695742,13.714148131294316,47970634.4,1070033.311136992,1336326.2,3177.89164506029,995579.2,2232.795869089693,1037525.6,2225.0391520726102,
(TriTW),intermediate-triangle-tireworld-tire6-start9,PDB,CG-iLAO*-single,5,701.928406,260.1653606617384,116958311.4,4077653.475908482,2745634.8,8009.268331670751,2048713.4,4975.243074963876,2134659.2,4968.26228090909,
(BW),blocksworld-ippc04-p01,PDB,CG-iLAO*-single,5,0.5061418,0.0145951008328488,5740.0,1064.5835220967867,413.2,24.63213965533648,147.2,10.323080160494731,219.6,20.831397840759507,
(BW),blocksworld-ippc04-p02,PDB,CG-iLAO*-single,5,0.4905862,0.010942867421859,4686.8,726.6910865450325,313.6,38.64034492599671,113.8,12.662874239287069,183.2,23.449661490094048,
(BW),blocksworld-ippc04-p03,PDB,CG-iLAO*-single,5,0.5116845999999999,0.0127246528605261,1351.8,459.9746273698148,119.8,33.712,35.6,9.613994799249683,49.6,11.605451132980573,
(BW),blocksworld-ippc04-p04,PDB,CG-iLAO*-single,5,0.5008654,0.0104465792237083,10898.8,1653.5145248058752,543.6,40.418792856788784,213.4,14.019138917922168,359.0,31.93657464412863,
(BW),blocksworld-ippc04-p05,PDB,CG-iLAO*-single,5,0.4862981999999999,0.0088046300166255,3128.4,684.7092737330202,231.8,15.758204973917554,74.6,5.834087417925788,111.4,10.08209978129556,
(BW),blocksworld-ippc04-p06,PDB,CG-iLAO*-single,5,19.3108122,0.7591195067768405,1053173.0,14582.34162138852,73004.8,1551.8912402819988,15800.4,311.2394835106883,28943.2,430.8944881336961,
(BW),blocksworld-ippc04-p07,PDB,CG-iLAO*-single,5,1303.4440378,78.99220467217845,111665816.0,618711.2048888351,4701849.8,75775.58950671162,1333901.6,18214.272919701623,2682757.6,19389.896323182747,
(BW),blocksworld-ippc04-p08,PDB,CG-iLAO*-single,5,9.1187972,0.1523664973974003,253992.6,6927.635723790332,16165.4,369.52243398202495,3020.8,63.8382561165325,5633.6,117.90601518158437,
(BW),blocksworld-ippc04-p09,PDB,CG-iLAO*-single,5,8.444706,0.1390678237728802,190578.6,5205.988782171548,13558.6,184.9814315438174,2402.0,35.92204671229077,4500.0,40.605599613846366,
(BW),blocksworld-ippc04-p10,PDB,CG-iLAO*-single,5,40.5714272,1.4164962348842531,2902205.0,49254.75119106217,177192.0,1298.5028845250977,38141.2,273.754821517357,70044.6,740.1268838895126,
(BW),blocksworld-ippc08-p01-c0-C0-g1-n5,PDB,CG-iLAO*-single,5,0.1954494,0.0114793130777802,3188.6,643.569394996375,231.4,21.7162339276404,121.2,12.97750916008153,175.4,20.822175102519907,
(BW),blocksworld-ippc08-p02-c1-C1-g20-n5,PDB,CG-iLAO*-single,5,0.1822874,0.0126424178620553,3188.6,643.569394996375,231.4,21.7162339276404,121.2,12.97750916008153,175.4,20.822175102519907,
(BW),blocksworld-ippc08-p03-c1-C2-g40-n5,PDB,CG-iLAO*-single,5,0.1763484,0.0177614409423091,3188.6,643.569394996375,231.4,21.7162339276404,121.2,12.97750916008153,175.4,20.822175102519907,
(BW),blocksworld-ippc08-p04-c2-C1-g0-n5,PDB,CG-iLAO*-single,5,0.1779774,0.0143098705581097,3188.6,643.569394996375,231.4,21.7162339276404,121.2,12.97750916008153,175.4,20.822175102519907,
(BW),blocksworld-ippc08-p05-c0-C0-g1-n10,PDB,CG-iLAO*-single,5,92.2472458,2.3989179686429027,8378289.6,109975.8243651035,375774.4,1664.1000917300614,117772.4,508.2516963237801,231018.0,1115.4928079015122,
(BW),blocksworld-ippc08-p06-c1-C1-g20-n10,PDB,CG-iLAO*-single,5,94.1654022,4.961970628599696,8378289.6,109975.8243651035,375774.4,1664.1000917300614,117772.4,508.2516963237801,231018.0,1115.4928079015122,
(BW),blocksworld-ippc08-p07-c1-C2-g0-n10,PDB,CG-iLAO*-single,5,92.0483998,2.386941046064923,8378289.6,109975.8243651035,375774.4,1664.1000917300614,117772.4,508.2516963237801,231018.0,1115.4928079015122,
(BW),blocksworld-ippc08-p08-c3-C2-g0-n10,PDB,CG-iLAO*-single,5,93.9208626,3.1819672505272987,8378289.6,109975.8243651035,375774.4,1664.1000917300614,117772.4,508.2516963237801,231018.0,1115.4928079015122,
(BW),blocksworld-ippc08-p09-c0-C0-g1-n14,PDB,CG-iLAO*-single,0,,,,,,,,,,,
(BW),blocksworld-ippc08-p10-c1-C1-g20-n14,PDB,CG-iLAO*-single,0,,,,,,,,,,,
(BW),blocksworld-ippc08-p11-c1-C2-g0-n14,PDB,CG-iLAO*-single,0,,,,,,,,,,,
(BW),blocksworld-ippc08-p12-c3-C2-g0-n14,PDB,CG-iLAO*-single,0,,,,,,,,,,,
(Elev),elevators-ippc04-p01,PDB,CG-iLAO*-single,5,0.0735228,0.0107082309912732,19895.4,2515.68734211865,629.0,34.5427410608944,474.2,40.92318540876308,925.0,116.03464861841914,
(Elev),elevators-ippc04-p02,PDB,CG-iLAO*-single,5,0.0660786,0.0181297088009911,1228.2,108.00898288568408,80.6,2.9465260901610897,50.0,2.147072425420251,91.6,7.73144850593988,
(Elev),elevators-ippc04-p03,PDB,CG-iLAO*-single,5,0.0804227999999999,0.0120723518577576,20831.8,2403.091041451405,607.0,22.848926451805124,430.8,35.35831308193308,887.6,89.17375362739867,
(Elev),elevators-ippc04-p04,PDB,CG-iLAO*-single,5,0.0751866,0.0182269937819909,12350.0,632.661161760385,398.8,8.641799812539052,283.8,10.778218034536136,586.2,31.15352025052707,
(Elev),elevators-ippc04-p05,PDB,CG-iLAO*-single,5,0.0576458,0.0148420090580508,6253.4,217.9812570291308,300.6,8.095535559800846,172.6,6.154524839498172,338.0,16.055259574357557,
(Elev),elevators-ippc04-p06,PDB,CG-iLAO*-single,5,0.2520676,0.0185441494159364,150563.6,12783.663355026834,3216.4,166.53842156091184,2308.6,141.32891203147358,4771.8,359.8260009282264,
(Elev),elevators-ippc04-p07,PDB,CG-iLAO*-single,5,0.2500163999999999,0.0273356822575405,160233.6,9919.6788269508,3171.6,280.6146449777701,2383.0,203.9219642902647,5117.0,396.7593874377769,
(Elev),elevators-ippc04-p08,PDB,CG-iLAO*-single,5,1.5264034,0.0251586374211024,1429660.8,22137.82692356736,13591.8,21.122580902910517,12530.8,32.4638960077191,33459.2,199.17824355084565,
(Elev),elevators-ippc04-p09,PDB,CG-iLAO*-single,5,0.9051866,0.0374560829794501,809540.0,15236.481324206055,9895.8,22.11762518897542,8546.4,10.60213261565804,21126.8,298.53727630565663,
(Elev),elevators-ippc04-p10,PDB,CG-iLAO*-single,5,3.2479492,0.114463349270431,3979322.4,112915.7805821642,14253.0,35.48087259355384,13880.2,44.812475762894415,42424.0,225.85120057241227,
(Elev),elevators-ippc04-p11,PDB,CG-iLAO*-single,5,297.0759118,13.635889611317705,161907690.8,1430234.883776029,502817.4,557.4339928780805,480692.8,635.621502896181,1760622.0,6914.362063936194,
(Elev),elevators-ippc04-p12,PDB,CG-iLAO*-single,5,51.901675,1.9529014429879257,22498834.4,194435.99701200868,161208.8,637.2211099328081,126276.6,507.7287598078328,384141.6,2886.4293610369195,
(Elev),elevators-ippc04-p13,PDB,CG-iLAO*-single,5,1467.7256964,30.811840575921604,1069062585.4,6869185.782272439,519573.8,462.2436341843985,515722.4,476.2891143160843,2343828.2,6161.103930646195,
(Elev),elevators-ippc04-p14,PDB,CG-iLAO*-single,5,139.9396344,2.3106645543997053,47315076.4,1120707.5318134148,354079.0,1239.6117581242927,311248.8,1380.1795337940637,878696.6,10546.155985082716,
(Elev),elevators-ippc04-p15,PDB,CG-iLAO*-single,5,408.1959582,20.483155448991837,201766671.8,926674.7561562192,519940.4,135.96609141988307,506320.2,222.1946805483876,2045625.0,6660.60611635908,
(ExBW),exploding-blocksworld-ippc04-fixed-p01,PDB,CG-iLAO*-single,5,0.0742582,0.0138638885616317,169.8,1.4402999687565088,84.8,1.4402999687565086,23.0,0.0,27.4,0.4800999895855028,
(ExBW),exploding-blocksworld-ippc04-fixed-p02,PDB,CG-iLAO*-single,5,0.0834842,0.0206066106967619,34.0,0.0,22.0,0.0,6.0,0.0,6.0,0.0,
(ExBW),exploding-blocksworld-ippc04-fixed-p03,PDB,CG-iLAO*-single,5,0.0766097999999999,0.0166002482318905,218.6,38.90291423531147,100.6,10.08209978129556,25.0,2.400499947927514,32.2,4.973922395856212,
(ExBW),exploding-blocksworld-ippc04-fixed-p04,PDB,CG-iLAO*-single,5,0.2033113999999999,0.0169474205169405,141188.6,6020.700665345853,1208.6,68.80018790672014,691.8,17.247999999999998,838.4,33.24844080554755,
(ExBW),exploding-blocksworld-ippc04-fixed-p05,PDB,CG-iLAO*-single,5,0.0754962,0.0205449798208337,0.0,0.0,0.0,0.0,,,,,trivial (s0 in G)
(ExBW),exploding-blocksworld-ippc04-fixed-p06,PDB,CG-iLAO*-single,5,0.2864803999999999,0.0111020013161058,63969.6,4623.546385995926,3011.8,425.3395995484079,711.2,97.31039771781845,882.6,152.2058314782978,
(ExBW),exploding-blocksworld-ippc04-fixed-p07,PDB,CG-iLAO*-single,5,1.0709828,0.0283634459830236,367274.8,7500.193899321803,46633.8,716.3362673381823,10480.2,136.32698245028382,14233.0,141.2234065585447,
(ExBW),exploding-blocksworld-ippc04-fixed-p08,PDB,CG-iLAO*-single,5,0.2527148,0.0148543287774811,13865.4,463.7836306900018,5703.4,177.0929146408743,774.6,22.42123493476664,1108.0,32.36671623751782,
(ExBW),exploding-blocksworld-ippc04-fixed-p09,PDB,CG-iLAO*-single,5,8.3775514,0.2499809119574335,4035822.6,122972.88141899942,235892.0,1969.367777455496,60037.6,684.1092423407243,91944.4,806.3530519666928,
(ExBW),exploding-blocksworld-ippc04-fixed-p10,PDB,CG-iLAO*-single,0,,,,,,,,,,,
(ExBW),exploding-blocksworld-ippc08-fixed-p01-n2-N5-s1,PDB,CG-iLAO*-single,5,0.4447414,0.0193291303074488,386435.8,9216.758597575612,339.0,0.0,216.0,0.0,267.6,1.176,
(ExBW),exploding-blocksworld-ippc08-fixed-p02-n3-N5-s2,PDB,CG-iLAO*-single,5,0.5200944,0.0190210359340414,503059.4,20742.151911901907,1234.4,36.7759934740042,758.0,7.30740993786444,849.0,13.969727270065082,
(ExBW),exploding-blocksworld-ippc08-fixed-p03-n3-N6-s3,PDB,CG-iLAO*-single,5,0.81114,0.02221363689971,842147.8,17470.884152836228,3514.4,25.461901264438207,1838.4,7.504522369878045,2528.8,9.428394561111665,
(ExBW),exploding-blocksworld-ippc08-fixed-p04-n4-N6-s4,PDB,CG-iLAO*-single,5,12.1023734,0.5516283818854767,12179538.4,161963.7261765839,29913.6,108.0146735217026,18961.8,42.69652051397163,25827.8,128.34842665182927,
(ExBW),exploding-blocksworld-ippc08-fixed-p05-n5-N7-s5,PDB,CG-iLAO*-single,5,0.1098434,0.0166848018096402,865.2,34.810836014091926,228.2,8.484785442190038,64.0,5.073334209373555,89.0,6.041125722909596,
(ExBW),exploding-blocksworld-ippc08-fixed-p06-n6-N8-s6,PDB,CG-iLAO*-single,5,20.7123802,0.4761887887923532,20595168.4,714477.8173981962,11994.4,183.05665509890645,7057.8,50.25938384023425,7611.2,68.54509803042082,
(ExBW),exploding-blocksworld-ippc08-fixed-p07-n7-N9-s7,PDB,CG-iLAO*-single,5,0.1832324,0.0148123866702951,6123.6,1398.5550574560873,2048.0,506.9110983200112,286.4,63.772629364014776,420.6,112.18085298302914,
(ExBW),exploding-blocksworld-ippc08-fixed-p08-n8-N10-s8,PDB,CG-iLAO*-single,5,353.4994376,25.650108418789205,167553312.8,14611003.343519758,1573943.2,14663.05337351208,537922.0,2946.912177123709,776904.0,5343.2153834783785,
(ExBW),exploding-blocksworld-ippc08-fixed-p09-n9-N11-s9,PDB,CG-iLAO*-single,5,21.5378438,0.2973978794313441,6407078.2,77490.11790660009,524335.2,7126.733206696038,142695.2,2494.656662593873,221185.6,3241.123620242832,
(ExBW),exploding-blocksworld-ippc08-fixed-p10-n10-N12-s10,PDB,CG-iLAO*-single,0,,,,,,,,,,,
(ExBW),exploding-blocksworld-ippc08-fixed-p11-n11-N13-s11,PDB,CG-iLAO*-single,0,,,,,,,,,,,
(Rand),random-ippc04-p03-problem,PDB,CG-iLAO*-single,5,1.1423756,0.0380946384140373,540202.8,15104.32388244055,28479.2,456.9686092326256,2451.4,62.51939167970207,5753.6,125.70095980540482,
(Rand),random-ippc04-p04-problem,PDB,CG-iLAO*-single,5,0.3557442,0.0178078000836325,560.0,0.0,225.2,6.658232798573507,2.0,0.0,2.0,0.0,
(Rand),random-ippc04-p05-problem,PDB,CG-iLAO*-single,5,1.0251018,0.0450374324030531,1005.6,250.132094574047,892.4,211.56527261344192,4.2,0.9601999791710056,4.2,0.9601999791710056,
(Rand),random-ippc04-p06-problem,PDB,CG-iLAO*-single,0,,,,,,,,,,,
(Rand),random-ippc04-p07-problem,PDB,CG-iLAO*-single,5,0.2784244,0.0146633534191908,521.4,189.45465847004127,270.4,52.26846330245418,4.0,0.6198064213930023,5.0,1.2396128427860047,
(Rand),random-ippc04-p08-problem,PDB,CG-iLAO*-single,0,,,,,,,,,,,
(Rand),random-ippc04-p09-problem,PDB,CG-iLAO*-single,5,1.0447226,0.0288836115229868,22099.8,13292.424918753686,6537.6,3221.24652981668,10.0,4.997039123320929,15.4,9.22658420001682,
(Rand),random-ippc04-p10-problem,PDB,CG-iLAO*-single,0,,,,,,,,,,,
(Rand),random-ippc04-p13-problem,PDB,CG-iLAO*-single,5,3.9616744,0.6242722442671819,457487.4,116270.40105952164,65113.2,15065.471290834015,98.0,23.43819105647874,171.0,41.057204970626046,
(RectTW),rectangle-tireworld-ippc08-unit-cost-p01-x5-y5-h2-v2-u0-s1,PDB,CG-iLAO*-single,5,0.3451714,0.0097741913220857,1269.2,75.68341472211728,47.2,0.3919999999999999,23.2,0.3919999999999999,37.0,1.639853652006788,
(RectTW),rectangle-tireworld-ippc08-unit-cost-p02-x5-y5-h2-v3-u15-s2,PDB,CG-iLAO*-single,5,0.398153,0.0181391137964212,242.0,8.85260639585879,34.0,0.0,11.0,0.0,8.0,0.0,unsolveable
(RectTW),rectangle-tireworld-ippc08-unit-cost-p03-x7-y7-h4-v3-u0-s3,PDB,CG-iLAO*-single,5,0.856978,0.0193411379749548,2408.0,201.7686489026479,91.2,2.268864032946884,43.2,2.268864032946884,75.6,4.408910976647181,
(RectTW),rectangle-tireworld-ippc08-unit-cost-p04-x7-y7-h3-v4-u20-s4,PDB,CG-iLAO*-single,5,0.9478614,0.0110739573933339,3.0,0.0,5.0,0.0,1.0,0.0,0.0,0.0,unsolveable
(RectTW),rectangle-tireworld-ippc08-unit-cost-p05-x9-y9-h3-v5-u30-s5,PDB,CG-iLAO*-single,5,2.0860688,0.0375448076618205,3.0,0.0,5.0,0.0,1.0,0.0,0.0,0.0,unsolveable
(RectTW),rectangle-tireworld-ippc08-unit-cost-p06-x11-y11-h4-v3-u40-s6,PDB,CG-iLAO*-single,5,4.7838908,0.29701166282092,11755.6,303.4600342977638,208.4,0.4800999895855028,81.8,0.9601999791710056,160.8,10.52576572036448,
(RectTW),rectangle-tireworld-ippc08-unit-cost-p07-x11-y11-h3-v5-u80-s7,PDB,CG-iLAO*-single,5,4.392861399999999,0.0660819115065714,3.0,0.0,5.0,0.0,1.0,0.0,0.0,0.0,unsolveable
(RectTW),rectangle-tireworld-ippc08-unit-cost-p08-x11-y11-h6-v7-u80-s8,PDB,CG-iLAO*-single,5,4.5649278,0.1358776725326478,3.0,0.0,5.0,0.0,1.0,0.0,0.0,0.0,unsolveable
(RectTW),rectangle-tireworld-ippc08-unit-cost-p09-x15-y15-h4-v4-u60-s9,PDB,CG-iLAO*-single,5,23.025627,2.607581004103732,47117.4,5641.097843187618,442.6,0.9994078246641857,201.0,1.3859292911256331,392.2,13.878682358206774,
(RectTW),rectangle-tireworld-ippc08-unit-cost-p10-x15-y15-h10-v10-u150-s10,PDB,CG-iLAO*-single,5,16.0777664,1.0480356352594096,324079.6,43330.292855796106,244.0,0.0,24.0,0.0,28.4,0.999407824664186,unsolveable
(RectTW),rectangle-tireworld-ippc08-unit-cost-p11-x20-y20-h5-v5-u80-s11,PDB,CG-iLAO*-single,5,100.1345294,3.640331368369212,92055.2,1145.7636628484952,784.2,3.582030708969425,379.6,2.813129218503835,781.8,13.27022772977163,
(RectTW),rectangle-tireworld-ippc08-unit-cost-p12-x20-y20-h15-v15-u300-s12,PDB,CG-iLAO*-single,5,126.8096758,4.003145055175882,42627951.0,997424.0789979048,774.0,0.0,436.4,0.4800999895855029,672.2,7.317916643417031,unsolveable
(RectTW),rectangle-tireworld-ippc08-unit-cost-p14-x30-y30-h25-v20-u700-s14,PDB,CG-iLAO*-single,0,,,,,,,,,,,unsolveable
(Sched),schedule-ippc04-p01,PDB,CG-iLAO*-single,5,0.0658202,0.0090264484877134,762.0,0.0,36.0,0.0,20.0,0.0,20.0,0.0,
(Sched),schedule-ippc04-p02,PDB,CG-iLAO*-single,5,0.0565454,0.0086937468138206,1142.0,0.0,36.0,0.0,20.0,0.0,20.0,0.0,
(Sched),schedule-ippc04-p03,PDB,CG-iLAO*-single,5,0.0703414,0.0087257301086256,2285.0,0.0,50.0,0.0,25.0,0.0,25.0,0.0,
(Sched),schedule-ippc04-p04,PDB,CG-iLAO*-single,0,,,,,,,,,,,
(Sched),schedule-ippc04-p05,PDB,CG-iLAO*-single,0,,,,,,,,,,,
(Sched),schedule-ippc08-p01,PDB,CG-iLAO*-single,5,0.06647,0.0114725315065298,910.0,0.0,50.0,0.0,25.0,0.0,25.0,0.0,
(Sched),schedule-ippc08-p02,PDB,CG-iLAO*-single,5,0.0652734,0.0090424566458864,1310.0,0.0,50.0,0.0,25.0,0.0,25.0,0.0,
(Sched),schedule-ippc08-p03,PDB,CG-iLAO*-single,5,0.0780708,0.0151637758099934,2493.0,0.0,66.0,0.0,30.0,0.0,30.0,0.0,
(Sched),schedule-ippc08-p04,PDB,CG-iLAO*-single,0,,,,,,,,,,,
(S&R),search-and-rescue-ippc08-strips-p01-z4,PDB,CG-iLAO*-single,5,0.2932502,0.0110068183237802,448979.4,1495.4355075950282,1076.0,0.0,804.4,2.2857331427793577,1962.6,4.662987883321165,
(S&R),search-and-rescue-ippc08-strips-p02-z5,PDB,CG-iLAO*-single,5,1.0009206,0.0189563671176798,1847428.0,4565.270312908097,3906.0,0.0,2848.4,4.185414674796274,8465.8,9.748906810509576,
(S&R),search-and-rescue-ippc08-strips-p03-z6,PDB,CG-iLAO*-single,5,4.230017800000001,0.3894716979627032,7494282.4,10673.692692084403,13724.0,0.0,9894.0,5.5437171645025325,35152.8,19.876371499848755,
(S&R),search-and-rescue-ippc08-strips-p04-z8,PDB,CG-iLAO*-single,5,82.0088402,5.44400302606901,114418673.2,52837.00867283294,159140.0,0.0,113766.4,44.30467171755141,524952.4,157.70097151254333,
(S&R),search-and-rescue-ippc08-strips-p05-z10,PDB,CG-iLAO*-single,0,,,,,,,,,,,
(Sys),sysadmin-ippc08-unit-cost-p01,PDB,CG-iLAO*-single,5,0.0843246,0.01149423611547,28193.0,592.4529190408298,496.0,0.0,489.0,0.0,542.4,0.4800999895855029,
(Sys),sysadmin-ippc08-unit-cost-p02,PDB,CG-iLAO*-single,5,0.2109195999999999,0.0061308513831813,144021.8,2743.7422758969183,1605.0,0.0,1592.0,0.0,1760.0,3.0990321069650117,
(Sys),sysadmin-ippc08-unit-cost-p03,PDB,CG-iLAO*-single,5,0.8155306,0.0334406049183673,550559.4,1871.8256132278989,4716.0,0.0,4698.8,0.7333648478076924,5159.2,7.971202167803799,
(Sys),sysadmin-ippc08-unit-cost-p04,PDB,CG-iLAO*-single,5,35.443189000000004,2.2319754615988434,6209796.6,52327.58533809195,33110.0,2.055665342413497,33070.6,5.996446947985115,36030.4,28.162683394875565,
(TriTW),triangle-tireworld-ippc08-p01,PDB,CG-iLAO*-single,5,0.042774,0.0075952317316906,201.0,0.0,35.0,0.0,24.0,0.0,24.0,0.0,
(TriTW),triangle-tireworld-ippc08-p02,PDB,CG-iLAO*-single,5,0.0567798,0.0058345099262015,2541.0,42.7172096466986,351.0,5.912576426567355,228.8,3.184623054617296,242.4,3.428599714169036,
(TriTW),triangle-tireworld-ippc08-p03,PDB,CG-iLAO*-single,5,0.1689086,0.00790650659352,78736.8,2714.2941237058294,4425.6,39.54928388732216,2958.4,38.52584296287363,3202.8,48.53286127975559,
(TriTW),triangle-tireworld-ippc08-p04,PDB,CG-iLAO*-single,5,5.495072,3.3730031995508067,1994051.6,196316.50303050023,56759.0,978.0238956589968,39331.8,695.0341847592822,42203.4,766.8935758865111,
(TriTW),triangle-tireworld-ippc08-p05,PDB,CG-iLAO*-single,5,183.9292932,19.254824254990293,41942429.0,2817150.345579378,805628.2,7354.078318445078,588062.2,5680.23546550528,619591.8,5798.898987875543,
(Zeno),zenotravel-ippc04-unit-cost_NO_FORALLS-p01-problem,PDB,CG-iLAO*-single,5,0.1675108,0.0144968072996637,0.0,0.0,0.0,0.0,,,,,trivial (s0 in G)
(Zeno),zenotravel-ippc04-unit-cost_NO_FORALLS-p02-problem,PDB,CG-iLAO*-single,5,27.7852316,1.228958053934401,18346049.2,73526.69517741854,161679.4,1541.6136508788445,98142.6,648.0266876726605,246174.4,1458.4575332370837,
(Zeno),zenotravel-ippc04-unit-cost_NO_FORALLS-p03-problem,PDB,CG-iLAO*-single,5,527.551503,43.13400719158157,324647578.4,960176.838868159,1147466.4,1031.2227779175555,795215.6,871.8847133514844,2602184.8,10147.072316260685,
(Zeno),zenotravel-ippc04-unit-cost_NO_FORALLS-p04-problem,PDB,CG-iLAO*-single,5,30.6968526,1.1811033937741413,19111943.6,62593.00973164156,176885.4,1186.7340499775,81038.8,179.3623833026312,242402.2,1045.789476894848,
(Zeno),zenotravel-ippc04-unit-cost_NO_FORALLS-p05-problem,PDB,CG-iLAO*-single,5,108.5589452,5.259147622378502,64775007.0,329940.3812763272,383913.2,1486.692674921081,225590.2,493.4626104417638,590794.8,2772.197518255869,
(Zeno),zenotravel-ippc08-unit-cost_NO_FORALLS-p01-c4-p2-a2-s3846-problem,PDB,CG-iLAO*-single,5,2.1068480000000003,0.0841500917583576,1575924.2,29864.90618580785,22035.0,222.09749318711368,13199.2,128.0817635106575,27164.4,323.8976946135924,
(Zeno),zenotravel-ippc08-unit-cost_NO_FORALLS-p02-c5-p2-a2-s17462-problem,PDB,CG-iLAO*-single,5,1.5420216,0.0518012054476042,885273.6,9953.395511423025,13541.8,205.94125818786284,7735.0,73.65532920298435,16827.8,164.23045729705558,
(Zeno),zenotravel-ippc08-unit-cost_NO_FORALLS-p04-c6-p2-a2-s12861-problem,PDB,CG-iLAO*-single,5,10.6551374,0.479075657865933,7678382.2,89756.27317969425,83636.2,1118.899334267386,41157.8,576.8588010804723,111754.2,1680.513463934163,
(Coresec),coresec-icaps16-bigger-p01-problem,PDB,CG-iLAO*-single,5,0.0751634,0.0133187595848298,7148.6,54.28032365415667,1271.0,7.30740993786444,419.4,2.017943507633452,469.4,3.5388721367124862,
(Coresec),coresec-icaps16-bigger-p02-problem,PDB,CG-iLAO*-single,5,0.0834694,0.0083267439788921,7337.6,182.4438919120067,1777.0,22.433225358828807,418.6,4.864592069228416,467.6,4.495199216942448,
(Coresec),coresec-icaps16-bigger-p03-problem,PDB,CG-iLAO*-single,5,0.3177422,0.0126701712099017,172855.4,1972.5590933444803,11466.0,39.13624815947487,5994.0,32.218012353340484,7596.2,37.13359535514976,
(Coresec),coresec-icaps16-bigger-p04-problem,PDB,CG-iLAO*-single,5,0.3574068,0.01213131163506,179293.6,1116.75746814427,18253.8,99.93194115997149,6021.8,32.582015652810675,7641.6,54.87509978123047,
(Coresec),coresec-icaps16-bigger-p05-problem,PDB,CG-iLAO*-single,5,1.1131164,0.0303083769221741,571197.0,1526.7559617437223,78955.4,385.9242488572077,14980.0,54.90449453369004,20379.6,29.58626329903795,
(Coresec),coresec-icaps16-bigger-p06-problem,PDB,CG-iLAO*-single,5,20.2351194,0.5237003416096392,9781260.0,13602.716759424198,936782.6,2585.5557205243126,191832.2,368.8881420485077,323636.8,415.54884428187256,
(Coresec),coresec-icaps16-bigger-p07-problem,PDB,CG-iLAO*-single,0,,,,,,,,,,,
(PARC-N),no-repair-parc_NOREPAIR_s4_c1_fN.N_uN-facts,PDB,CG-iLAO*-single,0,,,,,,,,,,,
(PARC-N),no-repair-parc_NOREPAIR_s4_c2_fN.N_uN-facts,PDB,CG-iLAO*-single,0,,,,,,,,,,,
(PARC-N),no-repair-parc_NOREPAIR_s4_c3_fN.N_uN-facts,PDB,CG-iLAO*-single,0,,,,,,,,,,,
(PARC-N),no-repair-parc_NOREPAIR_s5_c1_fN.N_uN-facts,PDB,CG-iLAO*-single,0,,,,,,,,,,,
(PARC-N),no-repair-parc_NOREPAIR_s5_c2_fN.N_uN-facts,PDB,CG-iLAO*-single,0,,,,,,,,,,,
(PARC-N),no-repair-parc_NOREPAIR_s5_c3_fN.N_uN-facts,PDB,CG-iLAO*-single,0,,,,,,,,,,,
(PARC-R),with-repair-parc_REPAIR_s4_c1_fN.N_uN-facts,PDB,CG-iLAO*-single,0,,,,,,,,,,,
(PARC-R),with-repair-parc_REPAIR_s4_c2_fN.N_uN-facts,PDB,CG-iLAO*-single,0,,,,,,,,,,,
(PARC-R),with-repair-parc_REPAIR_s4_c3_fN.N_uN-facts,PDB,CG-iLAO*-single,0,,,,,,,,,,,
(PARC-R),with-repair-parc_REPAIR_s5_c1_fN.N_uN-facts,PDB,CG-iLAO*-single,0,,,,,,,,,,,
(PARC-R),with-repair-parc_REPAIR_s5_c2_fN.N_uN-facts,PDB,CG-iLAO*-single,0,,,,,,,,,,,
(PARC-R),with-repair-parc_REPAIR_s5_c3_fN.N_uN-facts,PDB,CG-iLAO*-single,0,,,,,,,,,,,
(TriTW),intermediate-triangle-tireworld-tire6-start10,ROC,CG-iLAO*-single-elim,0,,,,,,,,,,,
(TriTW),intermediate-triangle-tireworld-tire6-start8,ROC,CG-iLAO*-single-elim,5,439.7595008,5.89681247824129,66709981.4,2784818.1856499426,901704.4,3965.3552236660967,739690.2,1825.1455803151705,775895.0,2436.933272028596,
(TriTW),intermediate-triangle-tireworld-tire6-start9,ROC,CG-iLAO*-single-elim,5,1015.362172,28.89533801557405,163044932.4,5762375.145527818,1855822.6,4874.786196511185,1527137.2,2710.517682197258,1601261.2,3545.816568958975,
(BW),blocksworld-ippc04-p01,ROC,CG-iLAO*-single-elim,5,0.2022308,0.0111150705087562,6831.6,1081.0013215607091,390.0,50.34568184065044,140.0,18.19741520106633,207.8,26.21861750741255,
(BW),blocksworld-ippc04-p02,ROC,CG-iLAO*-single-elim,5,0.1806859999999999,0.0054564781779165,4916.2,621.9013595611444,300.8,21.785115652665237,107.0,7.094008739774712,171.6,12.38992881335482,
(BW),blocksworld-ippc04-p03,ROC,CG-iLAO*-single-elim,5,0.1355118,0.0106047876971066,1435.8,440.2682693812943,129.4,38.42599869879766,38.0,10.78890541250594,51.8,12.678033916976242,
(BW),blocksworld-ippc04-p04,ROC,CG-iLAO*-single-elim,5,0.2322902,0.0144863296678345,13121.4,1879.546146561983,539.6,20.42165752332557,209.6,8.000065999727752,353.6,23.7200492410956,
(BW),blocksworld-ippc04-p05,ROC,CG-iLAO*-single-elim,5,0.163318,0.0151764748469992,3575.0,778.4465158763317,251.6,10.233377546049985,80.8,4.816976645158247,120.4,10.905775350702946,
(BW),blocksworld-ippc04-p06,ROC,CG-iLAO*-single-elim,5,65.9695964,1.2306246692369611,1224502.2,16549.56902064776,71962.0,1284.7504725821277,15576.2,259.7938411587157,28699.2,396.062316995697,
(BW),blocksworld-ippc04-p07,ROC,CG-iLAO*-single-elim,0,,,,,,,,,,,
(BW),blocksworld-ippc04-p08,ROC,CG-iLAO*-single-elim,5,15.8441352,1.3154038008677882,344267.6,17947.910215525815,16673.6,846.6334742827027,3112.6,168.2561540508994,5691.6,280.643392396828,
(BW),blocksworld-ippc04-p09,ROC,CG-iLAO*-single-elim,5,12.8552698,0.4727674637905178,242293.4,5645.774900119203,13618.0,243.83455604159144,2409.4,48.23591458654018,4495.2,79.40637092828256,
(BW),blocksworld-ippc04-p10,ROC,CG-iLAO*-single-elim,5,164.0324966,2.2360019401706004,3410992.0,48183.01606432042,176729.4,891.9280584979933,38041.0,159.9448870079941,69914.8,391.814442081963,
(BW),blocksworld-ippc08-p01-c0-C0-g1-n5,ROC,CG-iLAO*-single-elim,5,0.1703771999999999,0.0106791784213311,3545.0,789.9561104770314,227.6,22.378359546669184,119.0,14.228574067699125,177.4,19.36932254881414,
(BW),blocksworld-ippc08-p02-c1-C1-g20-n5,ROC,CG-iLAO*-single-elim,5,0.172672,0.0197499648148506,3545.0,789.9561104770314,227.6,22.378359546669184,119.0,14.228574067699125,177.4,19.36932254881414,
(BW),blocksworld-ippc08-p03-c1-C2-g40-n5,ROC,CG-iLAO*-single-elim,5,0.1614914,0.0048667496454138,3545.0,789.9561104770314,227.6,22.378359546669184,119.0,14.228574067699125,177.4,19.36932254881414,
(BW),blocksworld-ippc08-p04-c2-C1-g0-n5,ROC,CG-iLAO*-single-elim,5,0.1619934,0.0103670156918611,3545.0,789.9561104770314,227.6,22.378359546669184,119.0,14.228574067699125,177.4,19.36932254881414,
(BW),blocksworld-ippc08-p05-c0-C0-g1-n10,ROC,CG-iLAO*-single-elim,5,367.8694536,22.35207343093583,10324866.6,197123.777199296,364260.8,3304.250372920309,114411.4,1124.988198807436,228187.8,2236.451676648525,
(BW),blocksworld-ippc08-p06-c1-C1-g20-n10,ROC,CG-iLAO*-single-elim,5,359.5356926,16.467400746995796,10324866.6,197123.777199296,364260.8,3304.250372920309,114411.4,1124.988198807436,228187.8,2236.451676648525,
(BW),blocksworld-ippc08-p07-c1-C2-g0-n10,ROC,CG-iLAO*-single-elim,5,353.04038380000003,5.958931627924768,10324866.6,197123.777199296,364260.8,3304.250372920309,114411.4,1124.988198807436,228187.8,2236.451676648525,
(BW),blocksworld-ippc08-p08-c3-C2-g0-n10,ROC,CG-iLAO*-single-elim,5,382.9093158,62.85685539729654,10324866.6,197123.777199296,364260.8,3304.250372920309,114411.4,1124.988198807436,228187.8,2236.451676648525,
(BW),blocksworld-ippc08-p09-c0-C0-g1-n14,ROC,CG-iLAO*-single-elim,5,259.1332208,37.9124642835693,1078526.4,32823.60897403599,82163.8,2534.386516864387,12530.2,401.88766458302746,22091.0,547.7332131612981,
(BW),blocksworld-ippc08-p10-c1-C1-g20-n14,ROC,CG-iLAO*-single-elim,5,242.67760120000003,13.31993821067102,1078526.4,32823.60897403599,82163.8,2534.386516864387,12530.2,401.88766458302746,22091.0,547.7332131612981,
(BW),blocksworld-ippc08-p11-c1-C2-g0-n14,ROC,CG-iLAO*-single-elim,5,259.8675476,28.855678582691343,1078526.4,32823.60897403599,82163.8,2534.386516864387,12530.2,401.88766458302746,22091.0,547.7332131612981,
(BW),blocksworld-ippc08-p12-c3-C2-g0-n14,ROC,CG-iLAO*-single-elim,5,265.0715862,30.617322972971788,1078526.4,32823.60897403599,82163.8,2534.386516864387,12530.2,401.88766458302746,22091.0,547.7332131612981,
(Elev),elevators-ippc04-p01,ROC,CG-iLAO*-single-elim,5,0.1584166,0.0074146762592641,37045.8,3496.7085224227653,775.6,13.601891633151617,655.8,24.349795563823527,1398.4,81.0658464212889,
(Elev),elevators-ippc04-p02,ROC,CG-iLAO*-single-elim,5,0.0696212,0.0113500694214574,2105.2,244.7877576677396,114.0,10.31563473568156,67.4,4.864592069228416,135.0,9.819580439102271,
(Elev),elevators-ippc04-p03,ROC,CG-iLAO*-single-elim,5,0.1606522,0.0130134464782018,38554.4,2806.3032363762823,749.4,11.269573904988595,645.2,21.28563609573367,1441.0,50.87700934606907,
(Elev),elevators-ippc04-p04,ROC,CG-iLAO*-single-elim,5,0.1424714,0.0183175244527882,26802.4,1204.0364072635014,579.0,12.41161391600625,444.8,5.346167225218455,978.8,29.604435883833357,
(Elev),elevators-ippc04-p05,ROC,CG-iLAO*-single-elim,5,0.1196226,0.0163721608057805,14326.2,556.1958552021041,494.0,3.279707304013576,343.0,5.88,701.4,21.95374993025109,
(Elev),elevators-ippc04-p06,ROC,CG-iLAO*-single-elim,5,1.104532,0.0204783351004401,348172.4,21020.393538925386,5834.4,92.08996957323852,4407.8,118.57335849169492,9686.6,451.08692086559097,
(Elev),elevators-ippc04-p07,ROC,CG-iLAO*-single-elim,5,1.1498256,0.0691825965315146,380913.8,13283.121600535922,6035.0,338.8482329303194,4771.6,303.0483268655348,10470.2,682.142063843009,
(Elev),elevators-ippc04-p08,ROC,CG-iLAO*-single-elim,5,3.8975524,0.0332520963131808,2673896.4,48852.22705638481,14418.0,17.563612384700363,13957.8,25.90167994551705,39791.6,184.76844215395656,
(Elev),elevators-ippc04-p09,ROC,CG-iLAO*-single-elim,5,2.7572966,0.0793212066340694,1307715.6,38450.47649251197,11992.4,29.540782928013265,11109.6,23.303402669996498,29386.0,311.6665020177818,
(Elev),elevators-ippc04-p10,ROC,CG-iLAO*-single-elim,5,6.400403,0.1125071092204504,6500142.8,194761.02106179143,14594.6,21.733916720186446,14378.8,26.976892037445676,43975.4,195.87706944918287,
(Elev),elevators-ippc04-p11,ROC,CG-iLAO*-single-elim,5,397.9125704,14.49605556343302,267868297.2,2817765.7301157718,514547.4,340.03068346253696,497704.0,444.92302201616855,1899620.0,7527.4355641745615,
(Elev),elevators-ippc04-p12,ROC,CG-iLAO*-single-elim,5,90.3138814,2.9399993894718017,48880812.8,2373327.0797224,248092.0,1155.3748642583496,202786.0,1212.8661491854737,602233.2,8632.505711204829,
(Elev),elevators-ippc04-p13,ROC,CG-iLAO*-single-elim,2,1745.5101035,20.746028660000064,1535129507.0,36351226.24,529067.0,1334.76,525627.0,1381.7999999999995,2300395.0,70.56,
(Elev),elevators-ippc04-p14,ROC,CG-iLAO*-single-elim,5,168.80058960000002,1.9761291665450744,86722374.0,1725452.7855335686,460516.6,1128.6027538935034,433016.4,1267.3825286850058,1362084.4,12879.601754530144,
(Elev),elevators-ippc04-p15,ROC,CG-iLAO*-single-elim,5,484.985217,26.30387516770957,343094952.2,4941184.194726835,524616.2,171.19161072903074,512194.6,223.5427903914595,2121408.6,6694.564178933232,
(ExBW),exploding-blocksworld-ippc04-fixed-p01,ROC,CG-iLAO*-single-elim,5,0.0846226,0.0178520659122538,97.0,0.0,56.0,0.0,15.0,0.0,16.0,0.0,
(ExBW),exploding-blocksworld-ippc04-fixed-p02,ROC,CG-iLAO*-single-elim,5,0.0652056,0.0111872980647489,74.4,10.08209978129556,36.0,2.400499947927514,8.8,0.960199979171006,11.2,1.4402999687565086,
(ExBW),exploding-blocksworld-ippc04-fixed-p03,ROC,CG-iLAO*-single-elim,5,0.0885814,0.0191221278339774,178.4,34.7401360964519,89.8,8.641799812539052,19.4,1.920399958342012,24.0,4.016804700256162,
(ExBW),exploding-blocksworld-ippc04-fixed-p04,ROC,CG-iLAO*-single-elim,5,0.1992638,0.0122646296324309,65822.4,3266.2420926220398,683.6,66.89488901253966,244.4,16.522230357914754,279.4,27.28978885957163,
(ExBW),exploding-blocksworld-ippc04-fixed-p05,ROC,CG-iLAO*-single-elim,5,0.0730136,0.0177481668722765,0.0,0.0,0.0,0.0,,,,,trivial (s0 in G)
(ExBW),exploding-blocksworld-ippc04-fixed-p06,ROC,CG-iLAO*-single-elim,5,0.6440704,0.089275148366594,109825.0,8052.418115145288,1918.0,410.59871543880894,465.8,100.8046121167082,571.2,151.79235153327062,
(ExBW),exploding-blocksworld-ippc04-fixed-p07,ROC,CG-iLAO*-single-elim,5,11.0127884,0.3105776224563354,742221.6,28288.7276630098,41814.8,588.2261405140033,8019.6,197.52346720326676,10787.6,229.3037498515888,
(ExBW),exploding-blocksworld-ippc04-fixed-p08,ROC,CG-iLAO*-single-elim,5,0.7910558,0.1881604315112677,4569.6,1587.0083327115835,2438.2,693.3876129727153,305.6,82.13686295446156,423.4,162.38526071044743,
(ExBW),exploding-blocksworld-ippc04-fixed-p09,ROC,CG-iLAO*-single-elim,5,39.6388396,0.9054760121673248,5311708.6,228333.3918658296,163544.2,1928.134337369676,35449.0,857.4488144723275,53356.6,1075.5657111380967,
(ExBW),exploding-blocksworld-ippc04-fixed-p10,ROC,CG-iLAO*-single-elim,5,250.7709776,20.715456919808474,47394662.2,711950.0770074236,737440.6,5901.426020664497,185440.0,1493.9762347775147,261666.0,1739.5823180522386,
(ExBW),exploding-blocksworld-ippc08-fixed-p01-n2-N5-s1,ROC,CG-iLAO*-single-elim,5,0.09808,0.0183197374321882,947.4,15.564424049735983,185.0,1.0735362127101256,52.6,0.4800999895855028,58.2,0.9601999791710056,
(ExBW),exploding-blocksworld-ippc08-fixed-p02-n3-N5-s2,ROC,CG-iLAO*-single-elim,5,0.1838522,0.0088618513141523,44857.4,4241.707661979547,775.6,33.01072940727,320.8,7.626389971670736,280.6,10.710283656374372,
(ExBW),exploding-blocksworld-ippc08-fixed-p03-n3-N6-s3,ROC,CG-iLAO*-single-elim,5,0.1856754,0.0099357245284889,32518.6,10774.014896849549,686.6,27.76428381932442,181.0,6.646683383462762,235.6,12.921142983498015,
(ExBW),exploding-blocksworld-ippc08-fixed-p04-n4-N6-s4,ROC,CG-iLAO*-single-elim,5,0.3085262,0.0167916251665044,43730.4,451.0801077591428,1463.0,10.013279183164723,500.0,4.157787873376899,560.2,3.840799916684023,
(ExBW),exploding-blocksworld-ippc08-fixed-p05-n5-N7-s5,ROC,CG-iLAO*-single-elim,5,0.1056872,0.0138274387829787,285.4,51.8330143441417,91.2,8.439387655511506,26.6,2.8805999375130176,34.8,4.400189086846155,
(ExBW),exploding-blocksworld-ippc08-fixed-p06-n6-N8-s6,ROC,CG-iLAO*-single-elim,5,0.3634426,0.0176765809526553,67142.4,684.5313959899868,1199.8,67.06637714980583,329.8,8.067013325884616,391.6,11.996096698509897,
(ExBW),exploding-blocksworld-ippc08-fixed-p07-n7-N9-s7,ROC,CG-iLAO*-single-elim,5,0.4757824,0.0891169830565739,7055.4,1539.282178450722,1741.6,408.9635697418536,248.2,52.36318920768673,334.0,82.51111149414969,
(ExBW),exploding-blocksworld-ippc08-fixed-p08-n8-N10-s8,ROC,CG-iLAO*-single-elim,5,54.505965,2.3296766982703008,14793457.2,1654517.7181118184,174733.4,12547.021919251434,37860.8,1890.1079288294625,55368.2,3763.693612001912,
(ExBW),exploding-blocksworld-ippc08-fixed-p09-n9-N11-s9,ROC,CG-iLAO*-single-elim,5,6.9579434,0.2970522608831803,1301401.8,39769.72535619003,23637.0,773.7547783115785,4918.0,87.10651043406573,6559.8,150.37607437355186,
(ExBW),exploding-blocksworld-ippc08-fixed-p10-n10-N12-s10,ROC,CG-iLAO*-single-elim,5,194.1000022,9.26610432173316,126751000.0,3311078.260209305,216810.0,3530.516722339663,54987.6,781.6868746601799,64665.2,938.5304817553877,
(ExBW),exploding-blocksworld-ippc08-fixed-p11-n11-N13-s11,ROC,CG-iLAO*-single-elim,5,396.4093664,9.663450063481674,13500109.4,232148.83890918933,1455155.2,7830.542916446087,293418.6,1591.24704900779,363000.8,2468.7125827815594,
(Rand),random-ippc04-p03-problem,ROC,CG-iLAO*-single-elim,5,0.2675824,0.0318602460255952,575.4,101.32384880175051,381.0,58.62988725897398,10.8,1.900290504107201,10.8,1.900290504107201,
(Rand),random-ippc04-p04-problem,ROC,CG-iLAO*-single-elim,5,0.4933707999999999,0.0292402559725304,562.0,0.0,225.2,6.658232798573507,2.0,0.0,2.0,0.0,
(Rand),random-ippc04-p05-problem,ROC,CG-iLAO*-single-elim,5,14.651569,8.931112230050738,11072.6,6060.17834207014,4309.4,2174.225146486904,21.2,11.197759775955188,31.0,16.30456132497897,
(Rand),random-ippc04-p06-problem,ROC,CG-iLAO*-single-elim,5,1.585613,0.1152316278387499,1266.4,52.72217840719407,608.6,52.31988623840842,16.0,0.0,16.0,0.0,
(Rand),random-ippc04-p07-problem,ROC,CG-iLAO*-single-elim,5,0.6218802,0.2993873805370133,1861.0,1564.49994362416,718.6,590.0572105957184,7.8,4.973922395856212,11.8,8.990398433884895,
(Rand),random-ippc04-p08-problem,ROC,CG-iLAO*-single-elim,5,1098.0606582,45.14603755386752,879728.4,5858.88269147079,740212.2,3820.1922212873,8229.6,44.68885964085457,8229.6,44.68885964085457,
(Rand),random-ippc04-p09-problem,ROC,CG-iLAO*-single-elim,5,6.6188152,2.320160112240974,7755.4,7005.148544990035,3059.6,1540.4775331617138,4.6,2.2857331427793577,6.2,4.571466285558715,
(Rand),random-ippc04-p10-problem,ROC,CG-iLAO*-single-elim,3,1535.5220073333332,19.583921742883987,14320199.333333334,313648.4706604015,1624004.6666666667,8842.528819060253,7765.333333333333,88.0353030197419,12913.333333333334,279.2715346118262,
(Rand),random-ippc04-p13-problem,ROC,CG-iLAO*-single-elim,5,54.44646,14.19926666115909,118690.2,31206.30551840035,19472.8,4534.399971160903,24.6,5.834087417925788,42.2,10.543998482549206,
(RectTW),rectangle-tireworld-ippc08-unit-cost-p01-x5-y5-h2-v2-u0-s1,ROC,CG-iLAO*-single-elim,5,0.1806866,0.0072146785218979,1758.2,84.91890851865678,48.0,0.0,24.0,0.0,31.8,1.1428665713896788,
(RectTW),rectangle-tireworld-ippc08-unit-cost-p02-x5-y5-h2-v3-u15-s2,ROC,CG-iLAO*-single-elim,5,0.1962972,0.0136721813077001,248.2,8.641799812539052,34.0,0.0,11.0,0.0,8.0,0.0,unsolveable
(RectTW),rectangle-tireworld-ippc08-unit-cost-p03-x7-y7-h4-v3-u0-s3,ROC,CG-iLAO*-single-elim,5,0.502048,0.0075901136023118,4524.0,80.57960238174422,95.8,0.3919999999999999,47.8,0.3919999999999999,71.8,1.6860557523403543,
(RectTW),rectangle-tireworld-ippc08-unit-cost-p04-x7-y7-h3-v4-u20-s4,ROC,CG-iLAO*-single-elim,5,0.4350839999999999,0.0174834403730112,3.0,0.0,5.0,0.0,1.0,0.0,0.0,0.0,unsolveable
(RectTW),rectangle-tireworld-ippc08-unit-cost-p05-x9-y9-h3-v5-u30-s5,ROC,CG-iLAO*-single-elim,5,1.1001728,0.0103811706757216,3.0,0.0,5.0,0.0,1.0,0.0,0.0,0.0,unsolveable
(RectTW),rectangle-tireworld-ippc08-unit-cost-p06-x11-y11-h4-v3-u40-s6,ROC,CG-iLAO*-single-elim,5,4.3793158000000005,0.326615787053087,23838.6,589.5045311581582,240.0,0.0,115.0,0.0,193.2,6.453134432196496,
(RectTW),rectangle-tireworld-ippc08-unit-cost-p07-x11-y11-h3-v5-u80-s7,ROC,CG-iLAO*-single-elim,5,2.6077808,0.0399994899271846,3.0,0.0,5.0,0.0,1.0,0.0,0.0,0.0,unsolveable
(RectTW),rectangle-tireworld-ippc08-unit-cost-p08-x11-y11-h6-v7-u80-s8,ROC,CG-iLAO*-single-elim,5,2.5295352,0.0602178545002824,3.0,0.0,5.0,0.0,1.0,0.0,0.0,0.0,unsolveable
(RectTW),rectangle-tireworld-ippc08-unit-cost-p09-x15-y15-h4-v4-u60-s9,ROC,CG-iLAO*-single-elim,5,26.4419048,1.1791652144513856,82099.8,4670.293922440428,449.0,0.0,224.0,0.0,375.6,7.805624638682032,
(RectTW),rectangle-tireworld-ippc08-unit-cost-p10-x15-y15-h10-v10-u150-s10,ROC,CG-iLAO*-single-elim,5,13.6230368,0.5413310728172196,305110.6,34568.394887384864,244.0,0.0,24.0,0.0,28.6,0.9994078246641857,unsolveable
(RectTW),rectangle-tireworld-ippc08-unit-cost-p11-x20-y20-h5-v5-u80-s11,ROC,CG-iLAO*-single-elim,5,170.3727864,17.64961627151523,172104.4,1012.827529847012,793.0,0.0,392.0,0.0,720.2,8.5524302978744,
(RectTW),rectangle-tireworld-ippc08-unit-cost-p12-x20-y20-h15-v15-u300-s12,ROC,CG-iLAO*-single-elim,5,188.0585306,12.118642556400106,42430141.4,539351.404184671,774.0,0.0,437.2,0.7333648478076924,621.6,5.996446947985115,unsolveable
(RectTW),rectangle-tireworld-ippc08-unit-cost-p14-x30-y30-h25-v20-u700-s14,ROC,CG-iLAO*-single-elim,0,,,,,,,,,,,unsolveable
(Sched),schedule-ippc04-p01,ROC,CG-iLAO*-single-elim,5,0.0626692,0.0087842287049589,1147.0,0.0,36.0,0.0,20.0,0.0,20.0,0.0,
(Sched),schedule-ippc04-p02,ROC,CG-iLAO*-single-elim,5,0.0664298,0.0128229783507539,1667.0,0.0,36.0,0.0,20.0,0.0,20.0,0.0,
(Sched),schedule-ippc04-p03,ROC,CG-iLAO*-single-elim,5,0.0861246,0.0087463662160748,3141.0,0.0,50.0,0.0,25.0,0.0,25.0,0.0,
(Sched),schedule-ippc04-p04,ROC,CG-iLAO*-single-elim,5,29.7100082,0.6455582146611579,27611401.8,487971.0778972575,69698.8,305.2151119194461,37742.8,94.7197249996008,56993.8,109.2537826530505,
(Sched),schedule-ippc04-p05,ROC,CG-iLAO*-single-elim,5,1369.9973072,149.62932578604918,669848764.8,709611.5614797128,1583398.8,1900.5017884927129,741655.6,465.31927354881833,1126949.0,498.8071000296607,
(Sched),schedule-ippc08-p01,ROC,CG-iLAO*-single-elim,5,0.0719878,0.0102353540825778,1391.0,0.0,50.0,0.0,25.0,0.0,25.0,0.0,
(Sched),schedule-ippc08-p02,ROC,CG-iLAO*-single-elim,5,0.0767328,0.0117820321121843,1891.0,0.0,50.0,0.0,25.0,0.0,25.0,0.0,
(Sched),schedule-ippc08-p03,ROC,CG-iLAO*-single-elim,5,0.0938962,0.0104729917899969,3423.0,0.0,66.0,0.0,30.0,0.0,30.0,0.0,
(Sched),schedule-ippc08-p04,ROC,CG-iLAO*-single-elim,5,1168.8805236,111.21903649491968,593235800.0,2144673.9343869626,1554150.4,2890.6061526980807,763546.0,1014.3207360199236,1208564.6,1360.5614415585944,
(S&R),search-and-rescue-ippc08-strips-p01-z4,ROC,CG-iLAO*-single-elim,5,0.4183753999999999,0.0956007017563101,460808.6,4762.670162345488,1076.0,0.0,811.8,1.998815649328372,1673.4,12.26527847217502,
(S&R),search-and-rescue-ippc08-strips-p02-z5,ROC,CG-iLAO*-single-elim,5,1.2969018,0.0335552199342931,1948476.0,24907.452504469416,3906.0,0.0,2864.2,4.736554021649072,7525.0,11.93831478894739,
(S&R),search-and-rescue-ippc08-strips-p03-z6,ROC,CG-iLAO*-single-elim,5,5.230348,0.1717716539238966,7961403.4,102222.60321222158,13724.0,0.0,9921.4,13.488446018722838,32419.8,77.08657823512469,
(S&R),search-and-rescue-ippc08-strips-p04-z8,ROC,CG-iLAO*-single-elim,5,95.9951568,3.973927187348812,120119181.2,915788.740513596,159140.0,0.0,113819.8,46.5903172773056,505039.6,358.4472950044399,
(S&R),search-and-rescue-ippc08-strips-p05-z10,ROC,CG-iLAO*-single-elim,0,,,,,,,,,,,
(Sys),sysadmin-ippc08-unit-cost-p01,ROC,CG-iLAO*-single-elim,5,0.1431192,0.0183795776803729,29905.2,795.5348578057407,442.0,0.0,428.6,0.4800999895855029,450.6,2.525283350438124,
(Sys),sysadmin-ippc08-unit-cost-p02,ROC,CG-iLAO*-single-elim,5,0.4727323999999999,0.0144624510573531,188200.2,6865.088663845791,1564.0,0.0,1541.0,0.0,1605.8,12.309049678996344,
(Sys),sysadmin-ippc08-unit-cost-p03,ROC,CG-iLAO*-single-elim,5,1.4487218,0.0177963407043376,625094.4,13771.249597695049,4705.0,0.0,4676.0,0.0,5043.6,14.870188162898277,
(Sys),sysadmin-ippc08-unit-cost-p04,ROC,CG-iLAO*-single-elim,5,15.908881400000002,1.5263784811964274,7264444.2,41329.408985645845,33071.0,0.0,33016.6,0.4800999895855028,34229.2,57.8263115199301,
(TriTW),triangle-tireworld-ippc08-p01,ROC,CG-iLAO*-single-elim,5,0.0459713999999999,0.0094937614711775,341.0,0.0,35.0,0.0,24.0,0.0,22.0,0.0,
(TriTW),triangle-tireworld-ippc08-p02,ROC,CG-iLAO*-single-elim,5,0.0970288,0.0068135269272751,4793.0,135.42025668266913,336.6,2.448039215372172,227.2,0.9601999791710056,226.4,1.4667296956153848,
(TriTW),triangle-tireworld-ippc08-p03,ROC,CG-iLAO*-single-elim,5,0.878088,0.023650272309935,150933.2,16344.646215895407,3938.0,74.5753600058357,2712.6,71.61004242422985,2889.2,79.13983917092578,
(TriTW),triangle-tireworld-ippc08-p04,ROC,CG-iLAO*-single-elim,5,14.6719318,0.9109021094396604,4231426.2,409226.15596206987,43361.2,392.295064949841,31494.0,232.01963089359484,33381.2,392.3988530870088,
(TriTW),triangle-tireworld-ippc08-p05,ROC,CG-iLAO*-single-elim,5,343.7362574,10.384741718778868,85492882.2,3030004.505178225,564758.2,6787.637579227693,445565.8,4919.818812345024,470469.0,5325.581531303413,
(Zeno),zenotravel-ippc04-unit-cost_NO_FORALLS-p01-problem,ROC,CG-iLAO*-single-elim,5,0.154126,0.0104168788998547,0.0,0.0,0.0,0.0,,,,,trivial (s0 in G)
(Zeno),zenotravel-ippc04-unit-cost_NO_FORALLS-p02-problem,ROC,CG-iLAO*-single-elim,5,146.914302,3.928292569477289,59305640.0,538193.5806893999,359684.6,1625.6984376494922,233831.4,738.6123147199753,495743.2,1340.7628382320268,
(Zeno),zenotravel-ippc04-unit-cost_NO_FORALLS-p03-problem,ROC,CG-iLAO*-single-elim,3,1659.9932906666666,66.62458533984373,757840096.0,3005727.730132489,2056534.0,2238.098874074453,1644219.0,2722.0881462093275,4338739.666666667,7848.379775531876,
(Zeno),zenotravel-ippc04-unit-cost_NO_FORALLS-p04-problem,ROC,CG-iLAO*-single-elim,5,164.381495,5.013032714542851,54801942.6,274171.5428716775,384672.6,992.7152529985624,200074.0,492.58235534781386,435690.2,2064.3890532707246,
(Zeno),zenotravel-ippc04-unit-cost_NO_FORALLS-p05-problem,ROC,CG-iLAO*-single-elim,5,578.6497654,21.006871479792828,224092543.8,1293139.6887612497,919322.8,4448.164377797206,590017.0,1919.414400237739,1338247.4,4695.038780510336,
(Zeno),zenotravel-ippc08-unit-cost_NO_FORALLS-p01-c4-p2-a2-s3846-problem,ROC,CG-iLAO*-single-elim,5,6.385817,0.1374838675875658,2612072.0,34494.65337019289,25107.0,73.50130665505206,14851.2,40.16995972116476,28879.8,227.16256254937775,
(Zeno),zenotravel-ippc08-unit-cost_NO_FORALLS-p02-c5-p2-a2-s17462-problem,ROC,CG-iLAO*-single-elim,5,4.065878,0.0453935745436888,1354922.8,9157.57603684643,15405.0,59.95485901909869,8494.8,24.016199199706847,17048.4,98.35333901805264,
(Zeno),zenotravel-ippc08-unit-cost_NO_FORALLS-p04-c6-p2-a2-s12861-problem,ROC,CG-iLAO*-single-elim,5,68.4266994,1.227466361521304,26152775.4,108256.50605194503,210613.6,1102.896824229719,115393.2,317.75849808305674,243778.0,1593.5628096564,
(Coresec),coresec-icaps16-bigger-p01-problem,ROC,CG-iLAO*-single-elim,5,0.7433388,0.0101523184339846,114715.8,1494.829102387293,8682.2,32.593804073780646,4096.6,27.68114043893423,4830.2,59.69929634426188,
(Coresec),coresec-icaps16-bigger-p02-problem,ROC,CG-iLAO*-single-elim,5,2.1159196,0.0631647663708933,372727.0,4142.191262160645,25196.4,67.71963094996899,11270.0,53.53706902698353,13849.2,100.070237253641,
(Coresec),coresec-icaps16-bigger-p03-problem,ROC,CG-iLAO*-single-elim,5,6.216355,0.0515435978756068,1348157.8,6632.987027919171,62226.6,47.667103289375575,35337.0,48.38858543086375,44827.8,135.97993522575305,
(Coresec),coresec-icaps16-bigger-p04-problem,ROC,CG-iLAO*-single-elim,5,17.091600399999997,0.7014601732577534,3464442.0,18045.669302198792,167996.6,136.41177579666646,82313.0,223.5285263227045,105451.6,238.46088504406757,
(Coresec),coresec-icaps16-bigger-p05-problem,ROC,CG-iLAO*-single-elim,5,428.84823399999993,21.652555909173728,75092346.2,136286.73047584074,2758625.4,216.22327001504715,1240859.0,814.1876331165931,1858563.8,1789.3781758543944,
(Coresec),coresec-icaps16-bigger-p06-problem,ROC,CG-iLAO*-single-elim,0,,,,,,,,,,,
(Coresec),coresec-icaps16-bigger-p07-problem,ROC,CG-iLAO*-single-elim,0,,,,,,,,,,,
(PARC-N),no-repair-parc_NOREPAIR_s4_c1_fN.N_uN-facts,ROC,CG-iLAO*-single-elim,5,9.5827064,0.3462873165329879,1144354.0,21422.67143401495,32529.6,1398.3042489301104,8828.4,321.202441485117,14688.8,561.3843072120916,
(PARC-N),no-repair-parc_NOREPAIR_s4_c2_fN.N_uN-facts,ROC,CG-iLAO*-single-elim,5,14.2886174,0.580405231756377,1787376.8,17633.590521916514,42998.2,2082.5567147100696,11442.8,435.2411146755324,17303.0,526.2893809303014,
(PARC-N),no-repair-parc_NOREPAIR_s4_c3_fN.N_uN-facts,ROC,CG-iLAO*-single-elim,5,19.12195,0.8581982611343452,2896714.6,41100.689362149824,56239.2,3193.780841858752,13974.6,675.3605421225021,19464.2,729.0371167944743,
(PARC-N),no-repair-parc_NOREPAIR_s5_c1_fN.N_uN-facts,ROC,CG-iLAO*-single-elim,5,105.6899116,3.5616910053649886,12991414.4,59996.81907623916,316160.8,14019.296952953951,67142.2,2870.0171244757407,122428.6,5087.800475279666,
(PARC-N),no-repair-parc_NOREPAIR_s5_c2_fN.N_uN-facts,ROC,CG-iLAO*-single-elim,5,157.1739158,7.100874017530704,20162751.2,63844.976310498096,415386.0,23578.22445681608,86976.8,5269.2117918853855,148066.4,6949.959260158004,
(PARC-N),no-repair-parc_NOREPAIR_s5_c3_fN.N_uN-facts,ROC,CG-iLAO*-single-elim,5,216.0233382,12.572336149670187,31998899.6,159586.2209238362,535597.8,40543.240912565234,105314.8,8666.355654944238,164925.8,9982.708443034086,
(PARC-R),with-repair-parc_REPAIR_s4_c1_fN.N_uN-facts,ROC,CG-iLAO*-single-elim,5,33.3552176,0.7846846139203115,8920253.0,50051.44398013228,94788.2,875.7262452981524,24436.4,217.9856628679969,73103.0,554.4184895906701,
(PARC-R),with-repair-parc_REPAIR_s4_c2_fN.N_uN-facts,ROC,CG-iLAO*-single-elim,5,87.8087304,3.4656545866565773,22220248.8,117608.5919249878,208628.2,526.034716025473,55859.8,155.25303392848718,176105.2,618.9202084146226,
(PARC-R),with-repair-parc_REPAIR_s4_c3_fN.N_uN-facts,ROC,CG-iLAO*-single-elim,5,123.0730578,4.363187822944773,32537918.6,258649.28230582929,281676.8,566.7669340249129,70319.8,173.92324808374525,214909.0,1140.0996698183892,
(PARC-R),with-repair-parc_REPAIR_s5_c1_fN.N_uN-facts,ROC,CG-iLAO*-single-elim,5,465.9984442,18.510169244916447,88924116.0,109688.2891138608,1053835.0,6368.874528881849,220136.6,1078.9319513370615,770718.8,4104.494277318949,
(PARC-R),with-repair-parc_REPAIR_s5_c2_fN.N_uN-facts,ROC,CG-iLAO*-single-elim,5,1277.1749376,33.09005707494021,234955586.2,642062.6517392936,2298851.8,3162.593674398278,493656.8,641.0004328734886,1736984.4,3958.8583727857695,
(PARC-R),with-repair-parc_REPAIR_s5_c3_fN.N_uN-facts,ROC,CG-iLAO*-single-elim,0,,,,,,,,,,,
(TriTW),intermediate-triangle-tireworld-tire6-start10,LMCut,CG-iLAO*-single-elim,0,,,,,,,,,,,
(TriTW),intermediate-triangle-tireworld-tire6-start8,LMCut,CG-iLAO*-single-elim,5,1182.7240404,25.726136223640665,180852082.0,6040505.7186696725,3200828.4,37780.14542900669,2276530.4,13132.358303589495,2676584.0,59532.67066462111,
(TriTW),intermediate-triangle-tireworld-tire6-start9,LMCut,CG-iLAO*-single-elim,0,,,,,,,,,,,
(BW),blocksworld-ippc04-p01,LMCut,CG-iLAO*-single-elim,5,1.820375,0.178534685838472,59169.0,4796.711648018879,2480.6,271.62559425797855,996.6,105.5557813480626,1763.4,207.5635372988233,
(BW),blocksworld-ippc04-p02,LMCut,CG-iLAO*-single-elim,5,1.1556912,0.0182674721835087,42155.0,832.7165588361984,1549.8,29.304458090877567,626.4,10.923373837784734,1047.0,23.13298251415065,
(BW),blocksworld-ippc04-p03,LMCut,CG-iLAO*-single-elim,5,0.5882902,0.0230919620005625,13797.2,1186.391966621487,771.2,48.84058869424077,270.8,17.001234778685927,450.2,30.48666436329169,
(BW),blocksworld-ippc04-p04,LMCut,CG-iLAO*-single-elim,5,2.728699,0.205706619778309,117087.6,14586.673209214498,3831.6,382.28572782148166,1662.4,174.2787209500919,2967.8,344.4832569284028,
(BW),blocksworld-ippc04-p05,LMCut,CG-iLAO*-single-elim,5,1.0207826,0.0828739994892667,37261.4,3579.187206807713,1427.0,135.08794350348222,570.6,61.275004496123856,1009.6,117.30825144038248,
(BW),blocksworld-ippc04-p06,LMCut,CG-iLAO*-single-elim,0,,,,,,,,,,,
(BW),blocksworld-ippc04-p07,LMCut,CG-iLAO*-single-elim,0,,,,,,,,,,,
(BW),blocksworld-ippc04-p08,LMCut,CG-iLAO*-single-elim,0,,,,,,,,,,,
(BW),blocksworld-ippc04-p09,LMCut,CG-iLAO*-single-elim,0,,,,,,,,,,,
(BW),blocksworld-ippc04-p10,LMCut,CG-iLAO*-single-elim,0,,,,,,,,,,,
(BW),blocksworld-ippc08-p01-c0-C0-g1-n5,LMCut,CG-iLAO*-single-elim,5,0.5858627999999999,0.0267979451269395,27719.4,3450.7667042928297,753.2,41.84221294339008,546.8,50.4615313283297,872.8,86.88660324814177,
(BW),blocksworld-ippc08-p02-c1-C1-g20-n5,LMCut,CG-iLAO*-single-elim,5,0.5909382,0.0255393572280882,27719.4,3450.7667042928297,753.2,41.84221294339008,546.8,50.4615313283297,872.8,86.88660324814177,
(BW),blocksworld-ippc08-p03-c1-C2-g40-n5,LMCut,CG-iLAO*-single-elim,5,0.5872454,0.025158552003333,27719.4,3450.7667042928297,753.2,41.84221294339008,546.8,50.4615313283297,872.8,86.88660324814177,
(BW),blocksworld-ippc08-p04-c2-C1-g0-n5,LMCut,CG-iLAO*-single-elim,5,0.5983658000000001,0.023224216252112,27719.4,3450.7667042928297,753.2,41.84221294339008,546.8,50.4615313283297,872.8,86.88660324814177,
(BW),blocksworld-ippc08-p05-c0-C0-g1-n10,LMCut,CG-iLAO*-single-elim,0,,,,,,,,,,,
(BW),blocksworld-ippc08-p06-c1-C1-g20-n10,LMCut,CG-iLAO*-single-elim,0,,,,,,,,,,,
(BW),blocksworld-ippc08-p07-c1-C2-g0-n10,LMCut,CG-iLAO*-single-elim,0,,,,,,,,,,,
(BW),blocksworld-ippc08-p08-c3-C2-g0-n10,LMCut,CG-iLAO*-single-elim,0,,,,,,,,,,,
(BW),blocksworld-ippc08-p09-c0-C0-g1-n14,LMCut,CG-iLAO*-single-elim,0,,,,,,,,,,,
(BW),blocksworld-ippc08-p10-c1-C1-g20-n14,LMCut,CG-iLAO*-single-elim,0,,,,,,,,,,,
(BW),blocksworld-ippc08-p11-c1-C2-g0-n14,LMCut,CG-iLAO*-single-elim,0,,,,,,,,,,,
(BW),blocksworld-ippc08-p12-c3-C2-g0-n14,LMCut,CG-iLAO*-single-elim,0,,,,,,,,,,,
(Elev),elevators-ippc04-p01,LMCut,CG-iLAO*-single-elim,5,0.0159384,0.004955511129425,1371.0,385.8677043754763,144.0,38.37297590753159,59.4,14.317394176315744,89.0,19.263918604479205,
(Elev),elevators-ippc04-p02,LMCut,CG-iLAO*-single-elim,5,0.007123,0.005400180710354,75.0,0.0,34.0,0.0,8.0,0.0,8.0,0.0,
(Elev),elevators-ippc04-p03,LMCut,CG-iLAO*-single-elim,5,0.0201113999999999,0.004770158253737,2398.8,260.7900609762573,135.4,9.14293257111743,86.6,5.133553934653848,151.4,14.22317320431696,
(Elev),elevators-ippc04-p04,LMCut,CG-iLAO*-single-elim,5,0.0215134,0.006447381094821,2327.0,140.2078297385706,161.4,5.834087417925788,96.6,3.196663260338817,156.8,6.715681946012631,
(Elev),elevators-ippc04-p05,LMCut,CG-iLAO*-single-elim,5,0.0164145999999999,0.0073841158877644,561.4,103.7330810108328,82.0,9.541798572596258,30.4,4.2762151489372,41.4,6.547690890688106,
(Elev),elevators-ippc04-p06,LMCut,CG-iLAO*-single-elim,5,0.276767,0.015706274265452,17844.4,589.7244273862157,691.8,26.034820990358277,362.2,11.266164564748731,680.8,30.725149047644987,
(Elev),elevators-ippc04-p07,LMCut,CG-iLAO*-single-elim,5,0.1676658,0.0142365204297196,5535.8,729.8549983551527,365.0,36.22555120353588,174.8,24.88042250445116,285.8,37.79498040745622,
(Elev),elevators-ippc04-p08,LMCut,CG-iLAO*-single-elim,5,3.7543704,0.0294022906973469,883513.2,15567.41215700233,7367.6,54.81556216988019,5546.4,48.299586085182966,13110.4,157.07489403466104,
(Elev),elevators-ippc04-p09,LMCut,CG-iLAO*-single-elim,5,1.6091026,0.043015484304083,182075.4,6915.021654104634,3162.4,76.40632078565227,2216.4,51.85524405496516,4851.8,135.91776831599316,
(Elev),elevators-ippc04-p10,LMCut,CG-iLAO*-single-elim,5,8.2217682,0.1135246494320664,4205847.6,41221.43843437703,11971.6,41.944,10994.0,39.08713752630141,31006.8,118.21643770643742,
(Elev),elevators-ippc04-p11,LMCut,CG-iLAO*-single-elim,5,648.2929448,8.93233586019169,179013446.4,2344194.5771825453,326458.0,1274.5755069355444,278954.8,1168.819406505556,892597.8,5199.13544959775,
(Elev),elevators-ippc04-p12,LMCut,CG-iLAO*-single-elim,5,111.904114,1.9141014279995,13031018.8,214173.8188231992,84656.2,256.09438303875385,62062.4,176.3069843653393,177543.6,1250.905352109423,
(Elev),elevators-ippc04-p13,LMCut,CG-iLAO*-single-elim,0,,,,,,,,,,,
(Elev),elevators-ippc04-p14,LMCut,CG-iLAO*-single-elim,5,62.30377080000001,0.4709030975059803,2265060.4,127482.05001168793,38983.0,337.09094060802045,23568.0,245.601373937525,52332.8,847.0067829149895,
(Elev),elevators-ippc04-p15,LMCut,CG-iLAO*-single-elim,5,911.2197676,15.472335323071553,191494649.6,1356605.0054177046,480751.0,504.0325878353501,441226.8,736.9197042174948,1532642.0,7925.369244950042,
(ExBW),exploding-blocksworld-ippc04-fixed-p01,LMCut,CG-iLAO*-single-elim,5,0.010291,0.0036429726005228,95.0,0.0,56.0,0.0,15.0,0.0,16.0,0.0,
(ExBW),exploding-blocksworld-ippc04-fixed-p02,LMCut,CG-iLAO*-single-elim,5,0.0086167999999999,0.0029694765489803,34.0,0.0,22.0,0.0,6.0,0.0,6.0,0.0,
(ExBW),exploding-blocksworld-ippc04-fixed-p03,LMCut,CG-iLAO*-single-elim,5,0.0139093999999999,0.0050876244297487,104.0,8.981848362113446,69.0,2.400499947927514,14.6,0.4800999895855029,15.6,1.3293366766925525,
(ExBW),exploding-blocksworld-ippc04-fixed-p04,LMCut,CG-iLAO*-single-elim,5,0.0727062,0.0065903255037717,34543.4,362.9010793260334,580.4,67.79050387775561,211.8,12.056788295396082,229.0,17.221251987007214,
(ExBW),exploding-blocksworld-ippc04-fixed-p05,LMCut,CG-iLAO*-single-elim,5,0.0038877999999999,0.0034443352422527,0.0,0.0,0.0,0.0,,,,,trivial (s0 in G)
(ExBW),exploding-blocksworld-ippc04-fixed-p06,LMCut,CG-iLAO*-single-elim,5,0.68574,0.0587792200831892,114766.4,11088.665426689362,1556.4,152.00883584844664,383.2,31.957017132392064,454.0,73.71007312437017,
(ExBW),exploding-blocksworld-ippc04-fixed-p07,LMCut,CG-iLAO*-single-elim,5,5.3179908,0.1219894612124416,484457.8,11733.215537182634,15554.6,668.4877613958239,2990.8,131.96259494265792,3251.0,132.50817695523548,
(ExBW),exploding-blocksworld-ippc04-fixed-p08,LMCut,CG-iLAO*-single-elim,5,0.6227572,0.1797351846719075,2932.6,1057.542624585884,1657.4,475.2992321643282,216.8,53.65676755079455,278.8,103.36728565653642,
(ExBW),exploding-blocksworld-ippc04-fixed-p09,LMCut,CG-iLAO*-single-elim,5,62.4571308,0.4468118104633538,5194344.8,169914.51925617107,150568.2,3025.790994669658,32568.2,830.9799959469542,47640.0,1050.573712597074,
(ExBW),exploding-blocksworld-ippc04-fixed-p10,LMCut,CG-iLAO*-single-elim,5,254.14718,10.452665188198562,38549850.8,481309.1675064208,527005.6,4516.3199618202425,138577.4,1136.6977036732324,194560.6,1720.326467696175,
(ExBW),exploding-blocksworld-ippc08-fixed-p01-n2-N5-s1,LMCut,CG-iLAO*-single-elim,5,0.0137777999999999,0.0032744862701413,356.0,0.0,125.0,0.0,39.0,0.0,39.0,0.0,
(ExBW),exploding-blocksworld-ippc08-fixed-p02-n3-N5-s2,LMCut,CG-iLAO*-single-elim,5,0.0747862,0.0055133420178965,28252.8,6550.723288961609,752.6,37.94308917312875,310.0,8.081287026210614,262.4,11.149626720209064,
(ExBW),exploding-blocksworld-ippc08-fixed-p03-n3-N6-s3,LMCut,CG-iLAO*-single-elim,5,0.0904424,0.0100974870102821,36681.0,8552.090664421186,599.4,1.817629225117158,159.0,1.8594192641790068,214.6,14.397664255010254,
(ExBW),exploding-blocksworld-ippc08-fixed-p04-n4-N6-s4,LMCut,CG-iLAO*-single-elim,5,0.1282064,0.0046017572982259,43755.0,362.4150771698109,1074.4,20.81294827745459,377.4,4.981639890638423,406.0,9.44061014977316,
(ExBW),exploding-blocksworld-ippc08-fixed-p05-n5-N7-s5,LMCut,CG-iLAO*-single-elim,5,0.0201799999999999,0.0036824109968334,205.2,35.38003595249727,83.0,7.84,22.0,1.96,27.2,3.528,
(ExBW),exploding-blocksworld-ippc08-fixed-p06-n6-N8-s6,LMCut,CG-iLAO*-single-elim,5,0.1652607999999999,0.0032273952065503,9313.2,218.28047549884067,849.6,16.37040060597174,234.6,5.866918782461539,248.4,11.980074123309922,
(ExBW),exploding-blocksworld-ippc08-fixed-p07-n7-N9-s7,LMCut,CG-iLAO*-single-elim,5,0.5121704,0.1615059860560263,4650.4,1872.8642134911968,1598.4,490.6180294444956,224.2,62.07787547911091,293.6,92.90193246644549,
(ExBW),exploding-blocksworld-ippc08-fixed-p08-n8-N10-s8,LMCut,CG-iLAO*-single-elim,5,95.7320066,4.972800759209714,15359066.2,1325031.1110566354,146566.6,12586.686555414652,31858.2,1836.972856866426,45126.2,3490.0239264371808,
(ExBW),exploding-blocksworld-ippc08-fixed-p09-n9-N11-s9,LMCut,CG-iLAO*-single-elim,5,16.514407,0.4796701705503091,1235709.4,161228.01545468386,22788.8,1308.5954935212026,4691.0,239.65839388596424,6257.8,321.21607566247366,
(ExBW),exploding-blocksworld-ippc08-fixed-p10-n10-N12-s10,LMCut,CG-iLAO*-single-elim,5,363.6170774,12.350504360593968,122310080.2,2484956.895873696,209071.2,2742.549804788237,52957.8,647.9501507245755,61950.8,726.1006169836243,
(ExBW),exploding-blocksworld-ippc08-fixed-p11-n11-N13-s11,LMCut,CG-iLAO*-single-elim,1,1782.758514,,12598806.0,,1266947.0,,266783.0,,317329.0,,
(Rand),random-ippc04-p03-problem,LMCut,CG-iLAO*-single-elim,5,1.7589224,0.0326685597179296,36522.8,313.13378595098936,1385.0,0.0,60.0,0.0,118.4,0.999407824664186,
(Rand),random-ippc04-p04-problem,LMCut,CG-iLAO*-single-elim,0,,,,,,,,,,,
(Rand),random-ippc04-p05-problem,LMCut,CG-iLAO*-single-elim,0,,,,,,,,,,,
(Rand),random-ippc04-p06-problem,LMCut,CG-iLAO*-single-elim,5,5.4701556,0.4785711896751436,1266.4,52.72217840719407,608.6,52.31988623840842,16.0,0.0,16.0,0.0,
(Rand),random-ippc04-p07-problem,LMCut,CG-iLAO*-single-elim,5,0.1853111999999999,0.0454108357038932,315.4,106.10571830019342,270.4,52.26846330245418,3.4,0.4800999895855028,3.8,0.9601999791710056,
(Rand),random-ippc04-p08-problem,LMCut,CG-iLAO*-single-elim,0,,,,,,,,,,,
(Rand),random-ippc04-p09-problem,LMCut,CG-iLAO*-single-elim,0,,,,,,,,,,,
(Rand),random-ippc04-p10-problem,LMCut,CG-iLAO*-single-elim,0,,,,,,,,,,,
(Rand),random-ippc04-p13-problem,LMCut,CG-iLAO*-single-elim,5,21.6532714,0.4934689721261455,21189.8,136.4959535810494,5401.8,26.8841705098,7.0,0.0,10.4,0.4800999895855029,
(RectTW),rectangle-tireworld-ippc08-unit-cost-p01-x5-y5-h2-v2-u0-s1,LMCut,CG-iLAO*-single-elim,5,0.028027,0.005286721664684,1700.0,75.66463163195867,48.0,0.0,24.0,0.0,31.2,0.7333648478076924,
(RectTW),rectangle-tireworld-ippc08-unit-cost-p02-x5-y5-h2-v3-u15-s2,LMCut,CG-iLAO*-single-elim,5,0.0214038,0.0076809600584864,248.2,8.641799812539052,34.0,0.0,11.0,0.0,8.0,0.0,unsolveable
(RectTW),rectangle-tireworld-ippc08-unit-cost-p03-x7-y7-h4-v3-u0-s3,LMCut,CG-iLAO*-single-elim,5,0.1513482,0.0074648240880481,4207.6,186.10156134756096,96.0,0.0,48.0,0.0,71.8,2.585417567821492,
(RectTW),rectangle-tireworld-ippc08-unit-cost-p04-x7-y7-h3-v4-u20-s4,LMCut,CG-iLAO*-single-elim,5,0.0382074,0.0106692827037142,3.0,0.0,5.0,0.0,1.0,0.0,0.0,0.0,unsolveable
(RectTW),rectangle-tireworld-ippc08-unit-cost-p05-x9-y9-h3-v5-u30-s5,LMCut,CG-iLAO*-single-elim,5,0.081945,0.0064628023673697,3.0,0.0,5.0,0.0,1.0,0.0,0.0,0.0,unsolveable
(RectTW),rectangle-tireworld-ippc08-unit-cost-p06-x11-y11-h4-v3-u40-s6,LMCut,CG-iLAO*-single-elim,5,3.3645110000000003,0.5009055589663504,22111.0,391.29229115841264,239.0,0.0,113.4,0.4800999895855028,190.4,6.918550137131333,
(RectTW),rectangle-tireworld-ippc08-unit-cost-p07-x11-y11-h3-v5-u80-s7,LMCut,CG-iLAO*-single-elim,5,0.1700607999999999,0.0112878912577001,3.0,0.0,5.0,0.0,1.0,0.0,0.0,0.0,unsolveable
(RectTW),rectangle-tireworld-ippc08-unit-cost-p08-x11-y11-h6-v7-u80-s8,LMCut,CG-iLAO*-single-elim,5,0.1698442,0.0027226493549452,3.0,0.0,5.0,0.0,1.0,0.0,0.0,0.0,unsolveable
(RectTW),rectangle-tireworld-ippc08-unit-cost-p09-x15-y15-h4-v4-u60-s9,LMCut,CG-iLAO*-single-elim,5,36.0839022,1.3338261355463734,77946.2,4643.702194471993,449.0,0.0,224.0,0.0,382.2,9.011738123136956,
(RectTW),rectangle-tireworld-ippc08-unit-cost-p10-x15-y15-h10-v10-u150-s10,LMCut,CG-iLAO*-single-elim,5,6.7159152,0.3228243900101631,305087.4,34579.75246124842,244.0,0.0,24.0,0.0,28.6,0.9994078246641857,unsolveable
(RectTW),rectangle-tireworld-ippc08-unit-cost-p11-x20-y20-h5-v5-u80-s11,LMCut,CG-iLAO*-single-elim,5,302.825357,28.04412729264755,165292.0,1631.3702982217128,793.0,0.0,392.0,0.0,725.6,10.252130315207662,
(RectTW),rectangle-tireworld-ippc08-unit-cost-p12-x20-y20-h15-v15-u300-s12,LMCut,CG-iLAO*-single-elim,5,281.58205000000004,35.41035746355596,42206231.8,315689.1945521104,774.0,0.0,436.2,0.960199979171006,620.6,6.028394147698041,unsolveable
(RectTW),rectangle-tireworld-ippc08-unit-cost-p14-x30-y30-h25-v20-u700-s14,LMCut,CG-iLAO*-single-elim,5,13.7437162,0.4849741922635699,3.0,0.0,5.0,0.0,1.0,0.0,0.0,0.0,unsolveable
(Sched),schedule-ippc04-p01,LMCut,CG-iLAO*-single-elim,5,0.0054214,0.0039539376189838,1439.0,0.0,36.0,0.0,20.0,0.0,20.0,0.0,
(Sched),schedule-ippc04-p02,LMCut,CG-iLAO*-single-elim,5,0.0057774,0.0035481925310693,2199.0,0.0,36.0,0.0,20.0,0.0,20.0,0.0,
(Sched),schedule-ippc04-p03,LMCut,CG-iLAO*-single-elim,5,0.00976,0.0026504206080394,4421.0,0.0,50.0,0.0,25.0,0.0,25.0,0.0,
(Sched),schedule-ippc04-p04,LMCut,CG-iLAO*-single-elim,5,20.0443132,0.2943362614855447,14809901.4,327954.2236487461,67525.4,185.09769295158705,31218.4,202.84683822036763,42597.2,298.4285212643054,
(Sched),schedule-ippc04-p05,LMCut,CG-iLAO*-single-elim,2,1684.4479705,65.54934917999984,645652692.5,1685934.1799999997,2214276.0,5678.119999999999,975185.5,5216.539999999999,1461823.0,6089.719999999999,
(Sched),schedule-ippc08-p01,LMCut,CG-iLAO*-single-elim,5,0.011608,0.0031624546854619,1671.0,0.0,50.0,0.0,25.0,0.0,25.0,0.0,
(Sched),schedule-ippc08-p02,LMCut,CG-iLAO*-single-elim,5,0.0097754,0.003609092695193,2471.0,0.0,50.0,0.0,25.0,0.0,25.0,0.0,
(Sched),schedule-ippc08-p03,LMCut,CG-iLAO*-single-elim,5,0.0129394,0.0038124604141388,4743.0,0.0,66.0,0.0,30.0,0.0,30.0,0.0,
(Sched),schedule-ippc08-p04,LMCut,CG-iLAO*-single-elim,5,997.7540036,182.2712212031935,315967846.6,3601378.1610430684,1588878.2,3776.299523086589,676689.6,1928.550423529548,952466.8,3973.1294060254313,
(S&R),search-and-rescue-ippc08-strips-p01-z4,LMCut,CG-iLAO*-single-elim,5,0.2608758,0.0058998695231457,459314.0,5331.55134724594,1076.0,0.0,808.6,3.136,1668.2,12.494903921199231,
(S&R),search-and-rescue-ippc08-strips-p02-z5,LMCut,CG-iLAO*-single-elim,5,1.1191514,0.1244705639263668,1940257.2,15570.18539179749,3906.0,0.0,2867.8,10.706696222458168,7526.0,23.747565769989983,
(S&R),search-and-rescue-ippc08-strips-p03-z6,LMCut,CG-iLAO*-single-elim,5,4.6922028,0.1912080553527403,7802982.6,96413.15642115953,13724.0,0.0,9912.6,4.3651272604587374,32357.6,48.247859392930586,
(S&R),search-and-rescue-ippc08-strips-p04-z8,LMCut,CG-iLAO*-single-elim,5,88.24513320000001,6.710950702468671,118086795.4,1173604.807999201,159140.0,0.0,113827.8,13.09538178137621,504804.8,320.52406821329345,
(S&R),search-and-rescue-ippc08-strips-p05-z10,LMCut,CG-iLAO*-single-elim,0,,,,,,,,,,,
(Sys),sysadmin-ippc08-unit-cost-p01,LMCut,CG-iLAO*-single-elim,5,0.0349254,0.0049804236590972,29141.8,525.7308259404236,442.0,0.0,430.0,0.0,445.4,2.2000945434230776,
(Sys),sysadmin-ippc08-unit-cost-p02,LMCut,CG-iLAO*-single-elim,5,0.1743158,0.0053581625746354,170752.6,4334.478452106551,1601.0,0.0,1580.0,0.0,1647.8,7.370225505369561,
(Sys),sysadmin-ippc08-unit-cost-p03,LMCut,CG-iLAO*-single-elim,5,0.7044316,0.0120063515975143,621391.8,7845.851880339317,4715.0,0.0,4692.0,0.0,5031.4,32.94666137865869,
(Sys),sysadmin-ippc08-unit-cost-p04,LMCut,CG-iLAO*-single-elim,5,10.5873302,1.1567914451153656,7187711.8,65500.57166292386,33079.0,5.403347110819366,33023.0,3.50615458871967,34274.0,89.48210368559737,
(TriTW),triangle-tireworld-ippc08-p01,LMCut,CG-iLAO*-single-elim,5,0.007103,0.0033820404578774,271.2,3.840799916684023,33.8,0.9601999791710056,21.4,0.4800999895855028,21.4,0.4800999895855028,
(TriTW),triangle-tireworld-ippc08-p02,LMCut,CG-iLAO*-single-elim,5,0.0232476,0.0091692469081782,3787.8,185.69321771136396,394.2,17.203396873873483,242.8,9.86641495174412,271.4,18.182631712708694,
(TriTW),triangle-tireworld-ippc08-p03,LMCut,CG-iLAO*-single-elim,5,0.5337974,0.0124821477746073,147974.4,7061.813567492135,6069.0,72.49615824304071,3979.4,33.068865357009145,4652.0,95.62108637743036,
(TriTW),triangle-tireworld-ippc08-p04,LMCut,CG-iLAO*-single-elim,5,17.2301652,0.5776212743497152,4303706.6,143951.7341367749,101572.0,1584.5235698846514,70202.8,757.8317632192517,84130.0,2334.057340580989,
(TriTW),triangle-tireworld-ippc08-p05,LMCut,CG-iLAO*-single-elim,5,606.8119644000001,23.944219239668595,114226162.4,2528762.061113887,1726654.8,30881.60913337101,1222071.8,15665.370931362717,1447953.4,33200.10244298556,
(Zeno),zenotravel-ippc04-unit-cost_NO_FORALLS-p01-problem,LMCut,CG-iLAO*-single-elim,5,0.0160144,0.0028226670101476,0.0,0.0,0.0,0.0,,,,,trivial (s0 in G)
(Zeno),zenotravel-ippc04-unit-cost_NO_FORALLS-p02-problem,LMCut,CG-iLAO*-single-elim,5,1145.6084488,20.98517521781304,72565523.2,353077.1310544603,414615.6,2723.6660715028925,279046.2,1530.5496055156136,623508.0,5500.588397340779,
(Zeno),zenotravel-ippc04-unit-cost_NO_FORALLS-p03-problem,LMCut,CG-iLAO*-single-elim,0,,,,,,,,,,,
(Zeno),zenotravel-ippc04-unit-cost_NO_FORALLS-p04-problem,LMCut,CG-iLAO*-single-elim,0,,,,,,,,,,,
(Zeno),zenotravel-ippc04-unit-cost_NO_FORALLS-p05-problem,LMCut,CG-iLAO*-single-elim,0,,,,,,,,,,,
(Zeno),zenotravel-ippc08-unit-cost_NO_FORALLS-p01-c4-p2-a2-s3846-problem,LMCut,CG-iLAO*-single-elim,5,24.5513924,0.3781891521026975,3046331.2,23440.868744714728,28354.0,203.0005599992276,17345.8,103.25573177310788,33791.4,321.820779341546,
(Zeno),zenotravel-ippc08-unit-cost_NO_FORALLS-p02-c5-p2-a2-s17462-problem,LMCut,CG-iLAO*-single-elim,5,22.8302752,0.8779107259176251,1673225.2,26234.07847813344,18614.2,145.52574337209208,10149.0,81.00279501350555,20678.4,220.63593854129925,
(Zeno),zenotravel-ippc08-unit-cost_NO_FORALLS-p04-c6-p2-a2-s12861-problem,LMCut,CG-iLAO*-single-elim,5,630.0920672,14.571784003963856,35481296.4,455871.20654158894,272091.8,1776.22813167228,149746.4,570.1554093543268,327884.2,2064.014143029064,
(Coresec),coresec-icaps16-bigger-p01-problem,LMCut,CG-iLAO*-single-elim,5,0.4490477999999999,0.0213550967724687,309635.2,2741.624810024887,9146.0,0.0,7622.6,31.75925842962962,8064.0,63.68944527941815,
(Coresec),coresec-icaps16-bigger-p02-problem,LMCut,CG-iLAO*-single-elim,5,1.51317,0.0631938850258586,997737.2,5602.544767819709,26474.0,0.0,21789.0,65.92130095803633,24772.2,227.0399229739122,
(Coresec),coresec-icaps16-bigger-p03-problem,LMCut,CG-iLAO*-single-elim,5,4.885317,0.1013122668894074,3047813.8,15509.77020014107,64018.0,0.0,54646.4,50.69016251700127,65482.6,269.12420198859854,
(Coresec),coresec-icaps16-bigger-p04-problem,LMCut,CG-iLAO*-single-elim,5,15.5894846,0.624523752534818,8920361.8,21906.32398144207,173761.8,0.3919999999999999,145481.8,103.94543599408296,180985.0,456.8162543517907,
(Coresec),coresec-icaps16-bigger-p05-problem,LMCut,CG-iLAO*-single-elim,5,743.6671005999999,43.58031027280566,195142680.8,177449.57599158556,2872964.6,11.671466745872172,2387043.6,872.354716165391,3605606.4,2314.109640050791,
(Coresec),coresec-icaps16-bigger-p06-problem,LMCut,CG-iLAO*-single-elim,0,,,,,,,,,,,
(Coresec),coresec-icaps16-bigger-p07-problem,LMCut,CG-iLAO*-single-elim,0,,,,,,,,,,,
(PARC-N),no-repair-parc_NOREPAIR_s4_c1_fN.N_uN-facts,LMCut,CG-iLAO*-single-elim,5,15.4322764,0.2173872034035384,1918129.4,25316.676915483516,48297.2,1237.167215369046,14166.6,291.3852310876445,25414.8,407.67594805678686,
(PARC-N),no-repair-parc_NOREPAIR_s4_c2_fN.N_uN-facts,LMCut,CG-iLAO*-single-elim,5,26.6263246,1.154366023693586,3721695.4,63860.38852080197,78972.8,1826.829079575864,22865.0,403.7314553016646,40449.2,437.7559848865576,
(PARC-N),no-repair-parc_NOREPAIR_s4_c3_fN.N_uN-facts,LMCut,CG-iLAO*-single-elim,5,45.0605276,1.0130831872409216,6357484.2,80928.95045100276,142163.6,3237.0504357788427,39864.0,663.4601447562619,71280.2,682.1620559837668,
(PARC-N),no-repair-parc_NOREPAIR_s5_c1_fN.N_uN-facts,LMCut,CG-iLAO*-single-elim,5,208.2768716,3.724288206784389,22628673.8,247155.72858057416,495630.0,14911.272330915292,112529.2,3064.285174546259,222451.8,4384.533554382268,
(PARC-N),no-repair-parc_NOREPAIR_s5_c2_fN.N_uN-facts,LMCut,CG-iLAO*-single-elim,5,367.4596386,7.259760376473554,45619307.2,182560.58879753572,849218.2,23250.493836222577,191440.2,5008.140951680972,377719.2,4419.214542687873,
(PARC-N),no-repair-parc_NOREPAIR_s5_c3_fN.N_uN-facts,LMCut,CG-iLAO*-single-elim,5,643.5505556,14.0719567593251,73741932.8,601860.7008367301,1541021.2,52112.62290995899,336762.4,12472.002510946508,666455.8,12576.446772429166,
(PARC-R),with-repair-parc_REPAIR_s4_c1_fN.N_uN-facts,LMCut,CG-iLAO*-single-elim,5,81.5343584,1.4173173856175367,13403696.4,34227.49335399156,149373.8,929.9003889363636,44056.0,346.7300383872156,149234.6,526.3031036351582,
(PARC-R),with-repair-parc_REPAIR_s4_c2_fN.N_uN-facts,LMCut,CG-iLAO*-single-elim,5,222.56126720000003,2.5212798775390457,40309454.0,94836.54758037366,355579.6,1198.4874490523462,111732.8,473.903276443622,396716.8,1381.3896457350477,
(PARC-R),with-repair-parc_REPAIR_s4_c3_fN.N_uN-facts,LMCut,CG-iLAO*-single-elim,5,337.1220206,7.315057801861244,57139365.4,234354.00443532484,526330.4,3444.818997546315,154508.6,1281.0407061510575,499638.6,3891.096169268501,
(PARC-R),with-repair-parc_REPAIR_s5_c1_fN.N_uN-facts,LMCut,CG-iLAO*-single-elim,5,1226.6996142,18.849987051607343,150791784.0,980280.0321655412,1671952.4,7491.471289199204,387147.0,1484.4698923993035,1543598.0,3168.2383002545757,
(PARC-R),with-repair-parc_REPAIR_s5_c2_fN.N_uN-facts,LMCut,CG-iLAO*-single-elim,0,,,,,,,,,,,
(PARC-R),with-repair-parc_REPAIR_s5_c3_fN.N_uN-facts,LMCut,CG-iLAO*-single-elim,0,,,,,,,,,,,
(TriTW),intermediate-triangle-tireworld-tire6-start10,PDB,CG-iLAO*-single-elim,0,,,,,,,,,,,
(TriTW),intermediate-triangle-tireworld-tire6-start8,PDB,CG-iLAO*-single-elim,5,241.3905848,14.917428596562177,92857141.8,2128030.881011942,1336326.2,3177.89164506029,995579.2,2232.795869089693,1037525.6,2225.0391520726102,
(TriTW),intermediate-triangle-tireworld-tire6-start9,PDB,CG-iLAO*-single-elim,5,683.487922,37.210945073443845,227570702.4,8155418.818720336,2745634.8,8009.268331670751,2048713.4,4975.243074963876,2134659.2,4968.26228090909,
(BW),blocksworld-ippc04-p01,PDB,CG-iLAO*-single-elim,5,0.4792358,0.0048310840996927,7220.8,941.418503357566,413.2,24.63213965533648,147.2,10.323080160494731,216.0,21.01865837773667,
(BW),blocksworld-ippc04-p02,PDB,CG-iLAO*-single-elim,5,0.4813978,0.0043701338304889,5116.6,811.4609726758274,313.6,38.64034492599671,113.8,12.662874239287069,182.6,23.385683141614656,
(BW),blocksworld-ippc04-p03,PDB,CG-iLAO*-single-elim,5,0.488881,0.0047713885904042,1389.8,457.8433303041554,119.8,33.712,35.6,9.613994799249683,49.6,11.605451132980573,
(BW),blocksworld-ippc04-p04,PDB,CG-iLAO*-single-elim,5,0.4863372,0.0097002030956585,13363.6,1613.9726604177656,543.6,40.418792856788784,213.4,14.019138917922168,358.2,32.49937697864375,
(BW),blocksworld-ippc04-p05,PDB,CG-iLAO*-single-elim,5,0.4933849999999999,0.0605428490579596,3386.0,746.4613103436774,231.8,15.758204973917554,74.6,5.834087417925788,111.4,10.08209978129556,
(BW),blocksworld-ippc04-p06,PDB,CG-iLAO*-single-elim,5,18.8506666,0.4226990923020201,1242275.0,19486.415289044828,73004.8,1551.8912402819988,15800.4,311.2394835106883,28943.2,430.8944881336961,
(BW),blocksworld-ippc04-p07,PDB,CG-iLAO*-single-elim,5,1355.9648306,67.84452386561189,139445721.0,961008.8030287464,4701849.8,75775.58950671162,1333901.6,18214.272919701623,2682576.6,19398.95933990934,
(BW),blocksworld-ippc04-p08,PDB,CG-iLAO*-single-elim,5,9.1203898,0.1843803424972468,328677.2,11262.810785791617,16165.4,369.52243398202495,3020.8,63.8382561165325,5532.6,152.32693293045716,
(BW),blocksworld-ippc04-p09,PDB,CG-iLAO*-single-elim,5,8.401204,0.1730286726243756,238835.2,5558.6670318327215,13558.6,184.9814315438174,2402.0,35.92204671229077,4446.8,36.09487808540153,
(BW),blocksworld-ippc04-p10,PDB,CG-iLAO*-single-elim,5,41.154425200000006,1.7213375753238296,3406561.2,60200.90488786147,177192.0,1298.5028845250977,38141.2,273.754821517357,69985.4,743.6459553954421,
(BW),blocksworld-ippc08-p01-c0-C0-g1-n5,PDB,CG-iLAO*-single-elim,5,0.1794458,0.012381475716165,3476.2,673.3823533654561,231.4,21.7162339276404,121.2,12.97750916008153,172.8,23.984186123360534,
(BW),blocksworld-ippc08-p02-c1-C1-g20-n5,PDB,CG-iLAO*-single-elim,5,0.1843208,0.0143957456757718,3476.2,673.3823533654561,231.4,21.7162339276404,121.2,12.97750916008153,172.8,23.984186123360534,
(BW),blocksworld-ippc08-p03-c1-C2-g40-n5,PDB,CG-iLAO*-single-elim,5,0.1770414,0.0092299622476766,3476.2,673.3823533654561,231.4,21.7162339276404,121.2,12.97750916008153,172.8,23.984186123360534,
(BW),blocksworld-ippc08-p04-c2-C1-g0-n5,PDB,CG-iLAO*-single-elim,5,0.1774948,0.0122558927166414,3476.2,673.3823533654561,231.4,21.7162339276404,121.2,12.97750916008153,172.8,23.984186123360534,
(BW),blocksworld-ippc08-p05-c0-C0-g1-n10,PDB,CG-iLAO*-single-elim,5,93.4186722,2.9632113860200247,10462651.0,139554.79116624437,375774.4,1664.1000917300614,117772.4,508.2516963237801,230078.8,991.0908952381714,
(BW),blocksworld-ippc08-p06-c1-C1-g20-n10,PDB,CG-iLAO*-single-elim,5,95.8066914,3.3529674929660644,10462651.0,139554.79116624437,375774.4,1664.1000917300614,117772.4,508.2516963237801,230078.8,991.0908952381714,
(BW),blocksworld-ippc08-p07-c1-C2-g0-n10,PDB,CG-iLAO*-single-elim,5,97.016019,3.945561857452883,10462651.0,139554.79116624437,375774.4,1664.1000917300614,117772.4,508.2516963237801,230078.8,991.0908952381714,
(BW),blocksworld-ippc08-p08-c3-C2-g0-n10,PDB,CG-iLAO*-single-elim,5,98.9695684,5.809234330791138,10462651.0,139554.79116624437,375774.4,1664.1000917300614,117772.4,508.2516963237801,230078.8,991.0908952381714,
(BW),blocksworld-ippc08-p09-c0-C0-g1-n14,PDB,CG-iLAO*-single-elim,0,,,,,,,,,,,
(BW),blocksworld-ippc08-p10-c1-C1-g20-n14,PDB,CG-iLAO*-single-elim,0,,,,,,,,,,,
(BW),blocksworld-ippc08-p11-c1-C2-g0-n14,PDB,CG-iLAO*-single-elim,0,,,,,,,,,,,
(BW),blocksworld-ippc08-p12-c3-C2-g0-n14,PDB,CG-iLAO*-single-elim,0,,,,,,,,,,,
(Elev),elevators-ippc04-p01,PDB,CG-iLAO*-single-elim,5,0.0795666,0.0217712641630075,19933.2,2549.582464903616,629.0,34.5427410608944,474.2,40.92318540876308,921.2,112.41142532678784,
(Elev),elevators-ippc04-p02,PDB,CG-iLAO*-single-elim,5,0.0559953999999999,0.0136499262283873,1228.2,108.00898288568408,80.6,2.9465260901610897,50.0,2.147072425420251,91.6,7.73144850593988,
(Elev),elevators-ippc04-p03,PDB,CG-iLAO*-single-elim,5,0.0734002,0.0184148331494342,20831.8,2403.091041451405,607.0,22.848926451805124,430.8,35.35831308193308,887.6,89.17375362739867,
(Elev),elevators-ippc04-p04,PDB,CG-iLAO*-single-elim,5,0.073278,0.0109266903156115,15995.2,1056.528250859389,398.8,8.641799812539052,283.8,10.778218034536136,576.6,31.66840848542914,
(Elev),elevators-ippc04-p05,PDB,CG-iLAO*-single-elim,5,0.0670812,0.0147385473654978,6358.4,217.17525258647683,300.6,8.095535559800846,172.6,6.154524839498172,336.8,17.214558489836442,
(Elev),elevators-ippc04-p06,PDB,CG-iLAO*-single-elim,5,0.2408824,0.0185082206125066,174722.8,24096.252382720097,3216.4,166.53842156091184,2308.6,141.32891203147358,4759.2,351.8423290964291,
(Elev),elevators-ippc04-p07,PDB,CG-iLAO*-single-elim,5,0.2422018,0.0196238411636923,160247.6,9897.969815953978,3171.6,280.6146449777701,2383.0,203.9219642902647,5117.0,396.7593874377769,
(Elev),elevators-ippc04-p08,PDB,CG-iLAO*-single-elim,5,1.6767347999999995,0.062635479041036,1975892.8,22300.990044305745,13593.4,21.9011912004804,12532.2,33.443137173417206,33130.8,212.51444050699237,
(Elev),elevators-ippc04-p09,PDB,CG-iLAO*-single-elim,5,0.912546,0.0185647676125762,816874.6,14893.17175582206,9895.8,22.11762518897542,8546.4,10.60213261565804,21107.2,290.9087701393686,
(Elev),elevators-ippc04-p10,PDB,CG-iLAO*-single-elim,5,3.9362982,0.0516002421379564,5961696.6,163073.8255538057,14261.8,25.49055166135092,13896.8,26.647351538192307,41297.0,214.04599954215448,
(Elev),elevators-ippc04-p11,PDB,CG-iLAO*-single-elim,5,355.4474956,15.211391956062576,246710403.4,3257045.7304126318,502734.4,499.0671914041234,480571.4,564.8526853047614,1753510.2,6053.177270457556,
(Elev),elevators-ippc04-p12,PDB,CG-iLAO*-single-elim,5,55.8019872,0.6975529228220864,31626100.4,463056.205693243,161210.4,637.1575645128919,126276.2,507.4157234300096,383747.4,2922.7321002541444,
(Elev),elevators-ippc04-p13,PDB,CG-iLAO*-single-elim,2,1725.258516,9.872743440000171,1468701442.0,2460440.92,520026.0,670.3199999999998,516160.0,664.4399999999999,2229161.5,606.62,
(Elev),elevators-ippc04-p14,PDB,CG-iLAO*-single-elim,5,141.157412,1.8290838427778555,50676291.2,1141493.0313254693,354093.8,1235.3809255707326,311258.6,1376.9597194166574,878718.2,10540.907541280492,
(Elev),elevators-ippc04-p15,PDB,CG-iLAO*-single-elim,5,472.3310662,26.06778625809209,305466033.8,3478660.8577110576,519912.6,176.53888754605882,506294.2,252.75368449144315,2022924.4,6000.780877020589,
(ExBW),exploding-blocksworld-ippc04-fixed-p01,PDB,CG-iLAO*-single-elim,5,0.076445,0.0156390585977954,169.8,1.4402999687565088,84.8,1.4402999687565086,23.0,0.0,27.4,0.4800999895855028,
(ExBW),exploding-blocksworld-ippc04-fixed-p02,PDB,CG-iLAO*-single-elim,5,0.0733698,0.0108729812316541,34.0,0.0,22.0,0.0,6.0,0.0,6.0,0.0,
(ExBW),exploding-blocksworld-ippc04-fixed-p03,PDB,CG-iLAO*-single-elim,5,0.0804146,0.0208552973309578,218.6,38.90291423531147,100.6,10.08209978129556,25.0,2.400499947927514,32.2,4.973922395856212,
(ExBW),exploding-blocksworld-ippc04-fixed-p04,PDB,CG-iLAO*-single-elim,5,0.2545236,0.0095592723594683,243899.4,267.8737098261044,1208.6,68.80018790672014,691.8,17.247999999999998,818.0,23.61779667962276,
(ExBW),exploding-blocksworld-ippc04-fixed-p05,PDB,CG-iLAO*-single-elim,5,0.0717551999999999,0.0122637383469896,0.0,0.0,0.0,0.0,,,,,trivial (s0 in G)
(ExBW),exploding-blocksworld-ippc04-fixed-p06,PDB,CG-iLAO*-single-elim,5,0.2993698,0.0132238864131141,114933.8,8341.223801187927,3011.8,425.3395995484079,711.2,97.31039771781845,882.6,152.2058314782978,
(ExBW),exploding-blocksworld-ippc04-fixed-p07,PDB,CG-iLAO*-single-elim,5,1.2134186,0.0362249301442232,589535.0,14146.925563584478,46633.8,716.3362673381823,10480.2,136.32698245028382,14143.0,178.64945742990656,
(ExBW),exploding-blocksworld-ippc04-fixed-p08,PDB,CG-iLAO*-single-elim,5,0.2534862,0.007343006774769,14192.2,498.1799516479964,5703.4,177.0929146408743,774.6,22.42123493476664,1083.4,29.638155408189625,
(ExBW),exploding-blocksworld-ippc04-fixed-p09,PDB,CG-iLAO*-single-elim,5,9.8230584,0.2525208972800549,6565346.8,198295.25699877235,235885.0,1972.2657164591185,60035.4,683.9803549927439,90998.0,769.2546814677178,
(ExBW),exploding-blocksworld-ippc04-fixed-p10,PDB,CG-iLAO*-single-elim,0,,,,,,,,,,,
(ExBW),exploding-blocksworld-ippc08-fixed-p01-n2-N5-s1,PDB,CG-iLAO*-single-elim,5,0.564757,0.0211618906785759,691500.4,17084.565152855837,339.0,0.0,216.0,0.0,262.6,1.176,
(ExBW),exploding-blocksworld-ippc08-fixed-p02-n3-N5-s2,PDB,CG-iLAO*-single-elim,5,0.651069,0.0121660599401515,875860.4,21939.79393175277,1234.4,36.7759934740042,758.0,7.30740993786444,841.8,9.589989781016454,
(ExBW),exploding-blocksworld-ippc08-fixed-p03-n3-N6-s3,PDB,CG-iLAO*-single-elim,5,1.0140232,0.0101496525845757,1382914.6,13708.582583766129,3514.4,25.461901264438207,1838.4,7.504522369878045,2493.2,15.338174076466858,
(ExBW),exploding-blocksworld-ippc08-fixed-p04-n4-N6-s4,PDB,CG-iLAO*-single-elim,5,15.7922216,0.4546096278648955,21214211.2,231641.6519817907,29917.2,106.87554885940938,18959.0,42.98615591094416,25769.8,126.88846844374788,
(ExBW),exploding-blocksworld-ippc08-fixed-p05-n5-N7-s5,PDB,CG-iLAO*-single-elim,5,0.1030972,0.0135662031890748,1012.4,43.415659110509885,228.2,8.484785442190038,64.0,5.073334209373555,87.6,6.028394147698041,
(ExBW),exploding-blocksworld-ippc08-fixed-p06-n6-N8-s6,PDB,CG-iLAO*-single-elim,5,27.446914,0.3623759858515079,34061321.8,85075.0819116229,11994.4,183.05665509890645,7057.8,50.25938384023425,7554.4,61.70919231362536,
(ExBW),exploding-blocksworld-ippc08-fixed-p07-n7-N9-s7,PDB,CG-iLAO*-single-elim,5,0.2249279999999999,0.0500184817953924,7899.8,1455.5422939042342,2048.0,506.9110983200112,286.4,63.772629364014776,399.8,99.29948833705036,
(ExBW),exploding-blocksworld-ippc08-fixed-p08-n8-N10-s8,PDB,CG-iLAO*-single-elim,5,459.6239022,70.8565551573784,320035474.2,29187693.957335584,1573943.2,14663.05337351208,537922.0,2946.912177123709,776904.0,5343.2153834783785,
(ExBW),exploding-blocksworld-ippc08-fixed-p09-n9-N11-s9,PDB,CG-iLAO*-single-elim,5,24.4984826,0.862242532929567,9095314.8,128104.48960001011,524335.2,7126.733206696038,142695.2,2494.656662593873,220835.4,3255.333229188066,
(ExBW),exploding-blocksworld-ippc08-fixed-p10-n10-N12-s10,PDB,CG-iLAO*-single-elim,0,,,,,,,,,,,
(ExBW),exploding-blocksworld-ippc08-fixed-p11-n11-N13-s11,PDB,CG-iLAO*-single-elim,0,,,,,,,,,,,
(Rand),random-ippc04-p03-problem,PDB,CG-iLAO*-single-elim,5,1.1939540000000002,0.0451452808453916,630639.2,22159.726969832096,28493.6,476.716001258611,2457.4,67.4496346617237,5498.4,91.23289459400046,
(Rand),random-ippc04-p04-problem,PDB,CG-iLAO*-single-elim,5,0.338396,0.0124849819827118,562.0,0.0,225.2,6.658232798573507,2.0,0.0,2.0,0.0,
(Rand),random-ippc04-p05-problem,PDB,CG-iLAO*-single-elim,5,0.9407354,0.0478557463896098,1008.6,252.5325945219745,892.4,211.56527261344192,4.2,0.9601999791710056,4.2,0.9601999791710056,
(Rand),random-ippc04-p06-problem,PDB,CG-iLAO*-single-elim,0,,,,,,,,,,,
(Rand),random-ippc04-p07-problem,PDB,CG-iLAO*-single-elim,5,0.2791228,0.0134219876295302,521.4,189.45465847004127,270.4,52.26846330245418,4.0,0.6198064213930023,5.0,1.2396128427860047,
(Rand),random-ippc04-p08-problem,PDB,CG-iLAO*-single-elim,0,,,,,,,,,,,
(Rand),random-ippc04-p09-problem,PDB,CG-iLAO*-single-elim,5,1.122396,0.1168017621412177,22099.8,13292.424918753686,6537.6,3221.24652981668,10.0,4.997039123320929,15.4,9.22658420001682,
(Rand),random-ippc04-p10-problem,PDB,CG-iLAO*-single-elim,0,,,,,,,,,,,
(Rand),random-ippc04-p13-problem,PDB,CG-iLAO*-single-elim,5,4.0169304,0.6420721471911502,457487.4,116270.40105952164,65113.2,15065.471290834015,98.0,23.43819105647874,171.0,41.057204970626046,
(RectTW),rectangle-tireworld-ippc08-unit-cost-p01-x5-y5-h2-v2-u0-s1,PDB,CG-iLAO*-single-elim,5,0.3319156,0.0121674248563455,1486.0,71.13747029519675,47.2,0.3919999999999999,23.2,0.3919999999999999,28.6,1.176,
(RectTW),rectangle-tireworld-ippc08-unit-cost-p02-x5-y5-h2-v3-u15-s2,PDB,CG-iLAO*-single-elim,5,0.383454,0.0107616157739402,242.0,8.85260639585879,34.0,0.0,11.0,0.0,8.0,0.0,unsolveable
(RectTW),rectangle-tireworld-ippc08-unit-cost-p03-x7-y7-h4-v3-u0-s3,PDB,CG-iLAO*-single-elim,5,0.8453318,0.013732412390897,2666.0,267.6961083019325,91.2,2.268864032946884,43.2,2.268864032946884,68.2,5.66029539865191,
(RectTW),rectangle-tireworld-ippc08-unit-cost-p04-x7-y7-h3-v4-u20-s4,PDB,CG-iLAO*-single-elim,5,0.9367858,0.0152575230622137,3.0,0.0,5.0,0.0,1.0,0.0,0.0,0.0,unsolveable
(RectTW),rectangle-tireworld-ippc08-unit-cost-p05-x9-y9-h3-v5-u30-s5,PDB,CG-iLAO*-single-elim,5,2.1609084,0.1208671548563711,3.0,0.0,5.0,0.0,1.0,0.0,0.0,0.0,unsolveable
(RectTW),rectangle-tireworld-ippc08-unit-cost-p06-x11-y11-h4-v3-u40-s6,PDB,CG-iLAO*-single-elim,5,4.7080964000000005,0.0169381205696197,12588.2,421.0942202215557,208.4,0.4800999895855028,81.8,0.9601999791710056,122.8,7.524970697617365,
(RectTW),rectangle-tireworld-ippc08-unit-cost-p07-x11-y11-h3-v5-u80-s7,PDB,CG-iLAO*-single-elim,5,4.4130876,0.0293728401389816,3.0,0.0,5.0,0.0,1.0,0.0,0.0,0.0,unsolveable
(RectTW),rectangle-tireworld-ippc08-unit-cost-p08-x11-y11-h6-v7-u80-s8,PDB,CG-iLAO*-single-elim,5,4.428838600000001,0.1061154599271556,3.0,0.0,5.0,0.0,1.0,0.0,0.0,0.0,unsolveable
(RectTW),rectangle-tireworld-ippc08-unit-cost-p09-x15-y15-h4-v4-u60-s9,PDB,CG-iLAO*-single-elim,5,20.4658194,2.760686930331586,50007.0,5945.728407386264,442.6,0.9994078246641857,201.0,1.3859292911256331,351.0,18.20796748678995,
(RectTW),rectangle-tireworld-ippc08-unit-cost-p10-x15-y15-h10-v10-u150-s10,PDB,CG-iLAO*-single-elim,5,14.6255482,0.3420534781191566,324079.6,43330.292855796106,244.0,0.0,24.0,0.0,28.4,0.999407824664186,unsolveable
(RectTW),rectangle-tireworld-ippc08-unit-cost-p11-x20-y20-h5-v5-u80-s11,PDB,CG-iLAO*-single-elim,5,98.2758602,2.81283213328976,101075.6,734.1767570932766,784.2,3.582030708969425,379.6,2.813129218503835,711.2,12.371311329038646,
(RectTW),rectangle-tireworld-ippc08-unit-cost-p12-x20-y20-h15-v15-u300-s12,PDB,CG-iLAO*-single-elim,5,126.4599494,2.5508367922687807,42627951.0,997424.0789979048,774.0,0.0,436.4,0.4800999895855029,672.2,7.317916643417031,unsolveable
(RectTW),rectangle-tireworld-ippc08-unit-cost-p14-x30-y30-h25-v20-u700-s14,PDB,CG-iLAO*-single-elim,0,,,,,,,,,,,unsolveable
(Sched),schedule-ippc04-p01,PDB,CG-iLAO*-single-elim,5,0.0676346,0.0075390138104088,1439.0,0.0,36.0,0.0,20.0,0.0,20.0,0.0,
(Sched),schedule-ippc04-p02,PDB,CG-iLAO*-single-elim,5,0.0538532,0.0071429830401635,2199.0,0.0,36.0,0.0,20.0,0.0,20.0,0.0,
(Sched),schedule-ippc04-p03,PDB,CG-iLAO*-single-elim,5,0.0732684,0.0156721355441029,4421.0,0.0,50.0,0.0,25.0,0.0,25.0,0.0,
(Sched),schedule-ippc04-p04,PDB,CG-iLAO*-single-elim,0,,,,,,,,,,,
(Sched),schedule-ippc04-p05,PDB,CG-iLAO*-single-elim,0,,,,,,,,,,,
(Sched),schedule-ippc08-p01,PDB,CG-iLAO*-single-elim,5,0.0768316,0.0067774253765936,1671.0,0.0,50.0,0.0,25.0,0.0,25.0,0.0,
(Sched),schedule-ippc08-p02,PDB,CG-iLAO*-single-elim,5,0.0841904,0.0182815895503847,2471.0,0.0,50.0,0.0,25.0,0.0,25.0,0.0,
(Sched),schedule-ippc08-p03,PDB,CG-iLAO*-single-elim,5,0.0815539999999999,0.0126986688051433,4743.0,0.0,66.0,0.0,30.0,0.0,30.0,0.0,
(Sched),schedule-ippc08-p04,PDB,CG-iLAO*-single-elim,0,,,,,,,,,,,
(S&R),search-and-rescue-ippc08-strips-p01-z4,PDB,CG-iLAO*-single-elim,5,0.3303239999999999,0.0195484504583253,520723.0,4064.2760101745057,1076.0,0.0,804.4,2.2857331427793577,1666.8,19.84735911903647,
(S&R),search-and-rescue-ippc08-strips-p02-z5,PDB,CG-iLAO*-single-elim,5,1.0513018,0.0178811146259886,2001668.4,10986.91594738833,3906.0,0.0,2848.4,4.185414674796274,7524.4,28.0327967923288,
(S&R),search-and-rescue-ippc08-strips-p03-z6,PDB,CG-iLAO*-single-elim,5,4.3221958,0.231536172505635,8032051.2,91092.2513410166,13724.0,0.0,9894.0,5.5437171645025325,32307.0,28.66562819824467,
(S&R),search-and-rescue-ippc08-strips-p04-z8,PDB,CG-iLAO*-single-elim,5,78.179738,3.4116958139197537,119102641.2,825088.9959547298,159140.0,0.0,113766.4,44.30467171755141,504538.8,128.2855561004434,
(S&R),search-and-rescue-ippc08-strips-p05-z10,PDB,CG-iLAO*-single-elim,0,,,,,,,,,,,
(Sys),sysadmin-ippc08-unit-cost-p01,PDB,CG-iLAO*-single-elim,5,0.0909475999999999,0.0130110101252045,37208.6,866.8990707204616,496.0,0.0,489.0,0.0,502.6,1.592311527308648,
(Sys),sysadmin-ippc08-unit-cost-p02,PDB,CG-iLAO*-single-elim,5,0.2286985999999999,0.004099825032649,186965.0,3460.812521822007,1605.0,0.0,1592.0,0.0,1663.6,7.056000000000001,
(Sys),sysadmin-ippc08-unit-cost-p03,PDB,CG-iLAO*-single-elim,5,0.889335,0.0506156784570172,685606.4,4438.168516523004,4716.0,0.0,4698.8,0.7333648478076924,5065.2,33.46036317794533,
(Sys),sysadmin-ippc08-unit-cost-p04,PDB,CG-iLAO*-single-elim,5,33.352734,1.145344279074082,7608570.4,63445.98732717535,33110.0,2.055665342413497,33070.6,5.996446947985115,34632.6,62.62376366843501,
(TriTW),triangle-tireworld-ippc08-p01,PDB,CG-iLAO*-single-elim,5,0.0419391999999999,0.0141708080026533,325.0,0.0,35.0,0.0,24.0,0.0,22.0,0.0,
(TriTW),triangle-tireworld-ippc08-p02,PDB,CG-iLAO*-single-elim,5,0.0523818,0.0081334191438867,4226.0,69.1743952629873,351.0,5.912576426567355,228.8,3.184623054617296,228.6,3.314660766956401,
(TriTW),triangle-tireworld-ippc08-p03,PDB,CG-iLAO*-single-elim,5,0.2139136,0.0122984180552043,145827.8,5113.415500323047,4425.6,39.54928388732216,2958.4,38.52584296287363,3152.0,47.07673565573552,
(TriTW),triangle-tireworld-ippc08-p04,PDB,CG-iLAO*-single-elim,5,5.4592056,0.7323066889028652,3833298.8,378353.2897560988,56759.0,978.0238956589968,39331.8,695.0341847592822,41998.0,837.2979146755353,
(TriTW),triangle-tireworld-ippc08-p05,PDB,CG-iLAO*-single-elim,5,199.3311862,10.380857456651915,82031827.6,5648430.227684058,805628.2,7354.078318445078,588062.2,5680.23546550528,619591.8,5798.898987875543,
(Zeno),zenotravel-ippc04-unit-cost_NO_FORALLS-p01-problem,PDB,CG-iLAO*-single-elim,5,0.1747802,0.0042955728370386,0.0,0.0,0.0,0.0,,,,,trivial (s0 in G)
(Zeno),zenotravel-ippc04-unit-cost_NO_FORALLS-p02-problem,PDB,CG-iLAO*-single-elim,5,28.8866122,0.8820993950575636,20824641.0,97751.51536638357,161679.4,1541.6136508788445,98142.6,648.0266876726605,245829.2,1457.584069144555,
(Zeno),zenotravel-ippc04-unit-cost_NO_FORALLS-p03-problem,PDB,CG-iLAO*-single-elim,5,602.5601512000001,13.19918791811872,478768628.8,1153522.7228065275,1147498.0,1007.177043503276,795275.6,886.6045647164242,2597513.0,10341.120205354928,
(Zeno),zenotravel-ippc04-unit-cost_NO_FORALLS-p04-problem,PDB,CG-iLAO*-single-elim,5,33.59597,0.694031531429162,21938642.4,178393.23170942583,176885.4,1186.7340499775,81038.8,179.3623833026312,242242.4,1044.610790953262,
(Zeno),zenotravel-ippc04-unit-cost_NO_FORALLS-p05-problem,PDB,CG-iLAO*-single-elim,5,113.15189420000002,6.450991090320349,72346455.4,484783.0087160868,383913.2,1486.692674921081,225590.2,493.4626104417638,590445.2,2773.121666033425,
(Zeno),zenotravel-ippc08-unit-cost_NO_FORALLS-p01-c4-p2-a2-s3846-problem,PDB,CG-iLAO*-single-elim,5,2.2643982,0.0806531111110484,1900701.0,69908.76803137643,22035.0,222.09749318711368,13199.2,128.0817635106575,27164.4,323.8976946135924,
(Zeno),zenotravel-ippc08-unit-cost_NO_FORALLS-p02-c5-p2-a2-s17462-problem,PDB,CG-iLAO*-single-elim,5,1.5661286,0.0413480485448251,927569.8,13606.595410811036,13541.8,205.94125818786284,7735.0,73.65532920298435,16827.8,164.23045729705558,
(Zeno),zenotravel-ippc08-unit-cost_NO_FORALLS-p04-c6-p2-a2-s12861-problem,PDB,CG-iLAO*-single-elim,5,10.9528156,0.3438997792095811,7892376.2,90676.81619557177,83636.2,1118.899334267386,41157.8,576.8588010804723,111667.2,1679.4924690703438,
(Coresec),coresec-icaps16-bigger-p01-problem,PDB,CG-iLAO*-single-elim,5,0.0835834,0.0076560124374151,10114.6,83.32559136303803,1271.0,7.30740993786444,419.4,2.017943507633452,460.8,5.925556851469741,
(Coresec),coresec-icaps16-bigger-p02-problem,PDB,CG-iLAO*-single-elim,5,0.0830198,0.0088707910512413,10255.0,302.7866971978788,1777.0,22.433225358828807,418.6,4.864592069228416,462.0,5.295628385753668,
(Coresec),coresec-icaps16-bigger-p03-problem,PDB,CG-iLAO*-single-elim,5,0.3781906,0.0133067724307863,236545.8,3153.7986841369566,11465.8,39.334030863871554,5993.8,32.4638960077191,7539.8,63.94047531884636,
(Coresec),coresec-icaps16-bigger-p04-problem,PDB,CG-iLAO*-single-elim,5,0.4199716,0.0262432749856555,244877.2,1624.7666342905986,18253.4,100.58944564913358,6021.6,32.89414926700491,7620.2,63.76299039411497,
(Coresec),coresec-icaps16-bigger-p05-problem,PDB,CG-iLAO*-single-elim,5,1.2195502,0.0194941979880185,752916.2,2138.219813186661,78956.6,384.54510697186095,14980.2,54.71314635441833,20330.2,71.91731185187612,
(Coresec),coresec-icaps16-bigger-p06-problem,PDB,CG-iLAO*-single-elim,5,22.5444364,0.5833553006320431,12353162.4,18909.13227318313,936780.0,2585.4261115723266,191831.8,368.86418907776886,323465.8,427.4846720807659,
(Coresec),coresec-icaps16-bigger-p07-problem,PDB,CG-iLAO*-single-elim,0,,,,,,,,,,,
(PARC-N),no-repair-parc_NOREPAIR_s4_c1_fN.N_uN-facts,PDB,CG-iLAO*-single-elim,0,,,,,,,,,,,
(PARC-N),no-repair-parc_NOREPAIR_s4_c2_fN.N_uN-facts,PDB,CG-iLAO*-single-elim,0,,,,,,,,,,,
(PARC-N),no-repair-parc_NOREPAIR_s4_c3_fN.N_uN-facts,PDB,CG-iLAO*-single-elim,0,,,,,,,,,,,
(PARC-N),no-repair-parc_NOREPAIR_s5_c1_fN.N_uN-facts,PDB,CG-iLAO*-single-elim,0,,,,,,,,,,,
(PARC-N),no-repair-parc_NOREPAIR_s5_c2_fN.N_uN-facts,PDB,CG-iLAO*-single-elim,0,,,,,,,,,,,
(PARC-N),no-repair-parc_NOREPAIR_s5_c3_fN.N_uN-facts,PDB,CG-iLAO*-single-elim,0,,,,,,,,,,,
(PARC-R),with-repair-parc_REPAIR_s4_c1_fN.N_uN-facts,PDB,CG-iLAO*-single-elim,0,,,,,,,,,,,
(PARC-R),with-repair-parc_REPAIR_s4_c2_fN.N_uN-facts,PDB,CG-iLAO*-single-elim,0,,,,,,,,,,,
(PARC-R),with-repair-parc_REPAIR_s4_c3_fN.N_uN-facts,PDB,CG-iLAO*-single-elim,0,,,,,,,,,,,
(PARC-R),with-repair-parc_REPAIR_s5_c1_fN.N_uN-facts,PDB,CG-iLAO*-single-elim,0,,,,,,,,,,,
(PARC-R),with-repair-parc_REPAIR_s5_c2_fN.N_uN-facts,PDB,CG-iLAO*-single-elim,0,,,,,,,,,,,
(PARC-R),with-repair-parc_REPAIR_s5_c3_fN.N_uN-facts,PDB,CG-iLAO*-single-elim,0,,,,,,,,,,,
(TriTW),intermediate-triangle-tireworld-tire6-start10,ROC,CG-iLAO*-all,0,,,,,,,,,,,
(TriTW),intermediate-triangle-tireworld-tire6-start8,ROC,CG-iLAO*-all,5,393.5263964,12.235900372949114,32699635.2,2063390.2455512984,910701.6,23822.78857983036,741486.0,8801.893882114235,1184357.0,19075.475396674126,
(TriTW),intermediate-triangle-tireworld-tire6-start9,ROC,CG-iLAO*-all,5,935.5692038,29.75482276429798,83453694.0,3472438.536383156,1874449.8,49710.84343988607,1530868.2,18126.00392903588,2443982.8,39172.72778234858,
(BW),blocksworld-ippc04-p01,ROC,CG-iLAO*-all,5,0.2172508,0.0153644195398766,4098.2,167.42163511326723,392.2,9.56993960273522,129.0,3.2206086381303765,554.0,16.98541020994194,
(BW),blocksworld-ippc04-p02,ROC,CG-iLAO*-all,5,0.1955172,0.0089358014846562,2945.6,135.8219190557989,321.8,9.387561131625189,105.4,3.196663260338817,466.4,17.48249684684656,
(BW),blocksworld-ippc04-p03,ROC,CG-iLAO*-all,5,0.1456584,0.0129917815835002,780.4,236.60585507548203,109.8,32.91633126580178,32.6,9.14293257111743,136.0,40.68121532107909,
(BW),blocksworld-ippc04-p04,ROC,CG-iLAO*-all,5,0.2743874,0.0168823060516345,8285.0,88.77739892562745,645.6,19.703606167399915,232.8,6.829130544952262,1067.8,39.625945843601,
(BW),blocksworld-ippc04-p05,ROC,CG-iLAO*-all,5,0.1569318,0.0081309059742432,1892.0,21.983477431926005,233.4,19.26990025921255,72.8,6.48283148014816,320.4,29.49523242830949,
(BW),blocksworld-ippc04-p06,ROC,CG-iLAO*-all,5,86.9026406,4.498361822312417,868597.6,44002.64960904895,90954.8,1420.2115097914111,17692.2,290.641235450168,132586.0,2394.366436283302,
(BW),blocksworld-ippc04-p07,ROC,CG-iLAO*-all,0,,,,,,,,,,,
(BW),blocksworld-ippc04-p08,ROC,CG-iLAO*-all,5,21.8714146,0.729907039036989,447656.2,10800.695399474238,22749.2,419.701129929382,4019.2,108.69503348359574,32054.8,811.1664060499546,
(BW),blocksworld-ippc04-p09,ROC,CG-iLAO*-all,5,18.263733,3.10488224197821,251618.0,6071.681502094786,16539.6,749.3051033163995,2800.8,135.4491889381402,22717.2,973.75364378471,
(BW),blocksworld-ippc04-p10,ROC,CG-iLAO*-all,5,204.2703038,9.066529305106696,2301780.4,20438.016266061048,208414.0,1373.769299176539,42269.2,332.2332398541723,310921.2,2559.803401776004,
(BW),blocksworld-ippc08-p01-c0-C0-g1-n5,ROC,CG-iLAO*-all,5,0.1689957999999999,0.0134860273713523,2017.8,261.1360011641443,184.0,21.772768312734144,96.6,13.784249562453518,309.4,44.87330003465312,
(BW),blocksworld-ippc08-p02-c1-C1-g20-n5,ROC,CG-iLAO*-all,5,0.1667908,0.0031960797198918,2017.8,261.1360011641443,184.0,21.772768312734144,96.6,13.784249562453518,309.4,44.87330003465312,
(BW),blocksworld-ippc08-p03-c1-C2-g40-n5,ROC,CG-iLAO*-all,5,0.1619512,0.0153017190510054,2017.8,261.1360011641443,184.0,21.772768312734144,96.6,13.784249562453518,309.4,44.87330003465312,
(BW),blocksworld-ippc08-p04-c2-C1-g0-n5,ROC,CG-iLAO*-all,5,0.1694758,0.0128557198371053,2017.8,261.1360011641443,184.0,21.772768312734144,96.6,13.784249562453518,309.4,44.87330003465312,
(BW),blocksworld-ippc08-p05-c0-C0-g1-n10,ROC,CG-iLAO*-all,5,406.7630674,29.08449046029597,6027127.8,75767.46154290708,398550.2,4334.177360457691,131891.0,1656.2114816170065,762826.4,9924.705526300311,
(BW),blocksworld-ippc08-p06-c1-C1-g20-n10,ROC,CG-iLAO*-all,5,383.639424,6.664825408273577,6027127.8,75767.46154290708,398550.2,4334.177360457691,131891.0,1656.2114816170065,762826.4,9924.705526300311,
(BW),blocksworld-ippc08-p07-c1-C2-g0-n10,ROC,CG-iLAO*-all,5,418.2032814,28.73326922606512,6027127.8,75767.46154290708,398550.2,4334.177360457691,131891.0,1656.2114816170065,762826.4,9924.705526300311,
(BW),blocksworld-ippc08-p08-c3-C2-g0-n10,ROC,CG-iLAO*-all,5,394.0295708,13.516627659339042,6027127.8,75767.46154290708,398550.2,4334.177360457691,131891.0,1656.2114816170065,762826.4,9924.705526300311,
(BW),blocksworld-ippc08-p09-c0-C0-g1-n14,ROC,CG-iLAO*-all,5,353.7506688,25.793531299242694,868026.2,65038.17495796437,91199.2,5568.732546214083,14114.2,907.3683196938274,116851.0,7585.914277480335,
(BW),blocksworld-ippc08-p10-c1-C1-g20-n14,ROC,CG-iLAO*-all,5,336.0425212,50.74703203197653,868026.2,65038.17495796437,91199.2,5568.732546214083,14114.2,907.3683196938274,116851.0,7585.914277480335,
(BW),blocksworld-ippc08-p11-c1-C2-g0-n14,ROC,CG-iLAO*-all,5,383.0363642,13.94452922123716,868026.2,65038.17495796437,91199.2,5568.732546214083,14114.2,907.3683196938274,116851.0,7585.914277480335,
(BW),blocksworld-ippc08-p12-c3-C2-g0-n14,ROC,CG-iLAO*-all,5,360.9881442,21.430169784007084,868026.2,65038.17495796437,91199.2,5568.732546214083,14114.2,907.3683196938274,116851.0,7585.914277480335,
(Elev),elevators-ippc04-p01,ROC,CG-iLAO*-all,5,0.1702018,0.0154022310175293,39248.8,2552.104055728136,768.8,17.458308738248384,647.4,29.23358233265297,2863.8,123.34677257228904,
(Elev),elevators-ippc04-p02,ROC,CG-iLAO*-all,5,0.0837304,0.0173646039728804,2069.4,66.71374742884707,125.8,1.6860557523403543,69.8,1.1428665713896788,314.8,4.935153898309554,
(Elev),elevators-ippc04-p03,ROC,CG-iLAO*-all,5,0.180111,0.0111305706045934,45204.4,2904.671965054918,746.6,7.580919205478975,638.6,19.547008364453117,2804.4,83.36016180406563,
(Elev),elevators-ippc04-p04,ROC,CG-iLAO*-all,5,0.1249584,0.0181151004054787,26978.6,1122.7899988582012,573.8,12.104487762809296,440.8,5.417547784745419,1971.8,28.473343042221085,
(Elev),elevators-ippc04-p05,ROC,CG-iLAO*-all,5,0.1434836,0.0157071862129235,18375.6,2323.095289637513,547.0,39.7981366397976,392.6,35.27237695421163,1733.8,155.73109665060474,
(Elev),elevators-ippc04-p06,ROC,CG-iLAO*-all,5,1.2833916,0.0602220474142533,518772.6,56326.99749886848,6290.4,229.76400435229183,4711.4,163.3052898592082,21975.6,814.503133410793,
(Elev),elevators-ippc04-p07,ROC,CG-iLAO*-all,5,1.2502338,0.0724918717084936,536455.0,41876.23233350201,6077.6,278.3107519590287,4774.6,261.07950439664927,22305.6,1179.082405031981,
(Elev),elevators-ippc04-p08,ROC,CG-iLAO*-all,5,4.0272044000000005,0.1713862052074223,2782437.6,174304.71973217872,14444.6,21.5920489069472,13971.8,32.24423396516034,63845.4,146.9119042691912,
(Elev),elevators-ippc04-p09,ROC,CG-iLAO*-all,5,3.1290598,0.1337581819435604,1958861.6,153028.12581358268,12134.6,121.37544305171454,11307.0,112.15242627781174,51564.2,542.685173764679,
(Elev),elevators-ippc04-p10,ROC,CG-iLAO*-all,5,7.118387799999999,0.4888483833229236,8392608.6,925916.5214812574,14635.6,48.857103639082005,14427.2,66.27408953731465,65717.2,306.1432162632384,
(Elev),elevators-ippc04-p11,ROC,CG-iLAO*-all,5,418.0491698,35.537541826445846,353258046.4,46252172.18863984,517040.4,1488.448390108303,500725.2,1846.4707806797269,2997630.0,10828.778012204331,
(Elev),elevators-ippc04-p12,ROC,CG-iLAO*-all,5,92.927893,1.8373408352555096,60415239.8,3465310.5812754245,263104.0,2404.0763491703,216663.2,2329.058309665947,1311836.6,13554.157939009565,
(Elev),elevators-ippc04-p13,ROC,CG-iLAO*-all,0,,,,,,,,,,,
(Elev),elevators-ippc04-p14,ROC,CG-iLAO*-all,5,203.8353138,6.895948241369755,157605917.6,11361736.721265871,456886.4,4016.177102003346,428735.0,4774.9337612327145,2569474.4,28307.54839065679,
(Elev),elevators-ippc04-p15,ROC,CG-iLAO*-all,5,520.6992144,46.10848686511996,422234204.0,37882425.01818193,527301.0,787.8695356973767,515568.0,988.460083159659,3084272.2,5788.082348376187,
(ExBW),exploding-blocksworld-ippc04-fixed-p01,ROC,CG-iLAO*-all,5,0.0896854,0.0150982242695787,162.0,0.0,56.0,0.0,15.0,0.0,47.0,0.0,
(ExBW),exploding-blocksworld-ippc04-fixed-p02,ROC,CG-iLAO*-all,5,0.0752974,0.0144275753716532,92.4,9.121899802124554,37.0,2.400499947927514,9.2,0.960199979171006,29.6,2.880599937513017,
(ExBW),exploding-blocksworld-ippc04-fixed-p03,ROC,CG-iLAO*-all,5,0.0804738,0.0152801960196086,239.6,15.930351408553422,85.6,6.635113864885816,17.8,1.1428665713896788,66.0,3.870689860993774,
(ExBW),exploding-blocksworld-ippc04-fixed-p04,ROC,CG-iLAO*-all,5,0.1807574,0.0182617104348945,45602.8,1058.884335847877,669.2,23.596641794967347,241.2,5.2004676712772655,534.6,11.980074123309922,
(ExBW),exploding-blocksworld-ippc04-fixed-p05,ROC,CG-iLAO*-all,5,0.0798202,0.0199062603128539,0.0,0.0,0.0,0.0,,,,,trivial (s0 in G)
(ExBW),exploding-blocksworld-ippc04-fixed-p06,ROC,CG-iLAO*-all,5,0.5486712,0.0414614581503263,9917.0,706.4779149555915,1685.6,132.019640720614,406.2,25.475476521549112,1382.8,101.03871289758196,
(ExBW),exploding-blocksworld-ippc04-fixed-p07,ROC,CG-iLAO*-all,5,11.3350964,0.3549573005255848,923690.2,11449.23532918002,41743.8,866.4018992961637,8038.8,268.7433757025464,34447.4,1030.6481786992106,
(ExBW),exploding-blocksworld-ippc04-fixed-p08,ROC,CG-iLAO*-all,5,0.9117974,0.028243333233355,8352.6,225.1668951156008,2757.8,92.17919800041656,350.4,7.681599833368045,1948.6,49.93039891689229,
(ExBW),exploding-blocksworld-ippc04-fixed-p09,ROC,CG-iLAO*-all,5,52.562185,5.019395152086921,9782974.2,341401.046604562,185873.0,1167.0454582405948,40457.0,352.93771756501167,160976.2,1145.1856493966384,
(ExBW),exploding-blocksworld-ippc04-fixed-p10,ROC,CG-iLAO*-all,5,278.9795882,12.699174711909889,62256728.8,929124.9798541908,739419.8,5864.540279686379,186677.2,1491.129871226514,655329.6,4196.561881552088,
(ExBW),exploding-blocksworld-ippc08-fixed-p01-n2-N5-s1,ROC,CG-iLAO*-all,5,0.0951767999999999,0.0125001112556354,977.8,2.5100247010736765,183.8,1.900290504107201,52.0,0.0,150.0,1.0735362127101256,
(ExBW),exploding-blocksworld-ippc08-fixed-p02-n3-N5-s2,ROC,CG-iLAO*-all,5,0.1910495999999999,0.0126846867696106,50649.8,3141.179273824402,768.4,27.78503078997754,321.8,5.592014306133344,524.8,13.44279970839408,
(ExBW),exploding-blocksworld-ippc08-fixed-p03-n3-N6-s3,ROC,CG-iLAO*-all,5,0.236537,0.0177010422889681,68877.8,3096.0386324824826,851.4,1.4667296956153848,228.2,0.7333648478076924,663.0,0.0,
(ExBW),exploding-blocksworld-ippc08-fixed-p04-n4-N6-s4,ROC,CG-iLAO*-all,5,0.3378841999999999,0.0237937874953455,45499.2,453.6006619748256,1446.6,20.261129682226503,492.8,9.788232935520078,1269.2,20.801870685109066,
(ExBW),exploding-blocksworld-ippc08-fixed-p05-n5-N7-s5,ROC,CG-iLAO*-all,5,0.112488,0.0112025357649917,325.6,29.21386410593436,84.8,2.510024701073677,24.6,0.7839999999999999,75.0,2.055665342413497,
(ExBW),exploding-blocksworld-ippc08-fixed-p06-n6-N8-s6,ROC,CG-iLAO*-all,5,0.3282608,0.0097810845895076,18555.0,434.1021699093429,1112.0,28.785988258178666,301.2,7.023257363930216,921.4,25.028210003913586,
(ExBW),exploding-blocksworld-ippc08-fixed-p07-n7-N9-s7,ROC,CG-iLAO*-all,5,0.4383292,0.0560157411696011,6088.6,812.261127529811,1549.8,278.21880695596406,218.0,37.43548690747858,1126.0,197.79206738390693,
(ExBW),exploding-blocksworld-ippc08-fixed-p08-n8-N10-s8,ROC,CG-iLAO*-all,5,57.5716144,2.870051380871561,17206088.4,123463.10348468492,161578.0,5542.971934881143,36014.8,807.9650162129545,127241.4,3188.06436388226,
(ExBW),exploding-blocksworld-ippc08-fixed-p09-n9-N11-s9,ROC,CG-iLAO*-all,5,7.965262,0.1477660746738901,1893378.4,12680.459731530873,26812.8,670.328997600432,5796.8,88.89502159288784,19505.4,353.857142835919,
(ExBW),exploding-blocksworld-ippc08-fixed-p10-n10-N12-s10,ROC,CG-iLAO*-all,5,296.2540248,44.70242707767781,216254298.6,10275964.879443532,216712.4,2846.161183168655,54978.4,619.0838017070063,148399.4,2752.936529965048,
(ExBW),exploding-blocksworld-ippc08-fixed-p11-n11-N13-s11,ROC,CG-iLAO*-all,5,429.07362219999993,9.451373882828712,14022912.8,103208.13976938013,1567910.8,12010.474198301414,316269.0,2200.784409359536,1045543.6,6938.209273875788,
(Rand),random-ippc04-p03-problem,ROC,CG-iLAO*-all,5,0.2781026,0.0273137540731276,2265.6,395.136,381.0,58.62988725897398,10.8,1.900290504107201,518.4,91.21394419714564,
(Rand),random-ippc04-p04-problem,ROC,CG-iLAO*-all,5,0.4888823999999999,0.0274208139757742,1392.0,0.0,225.2,6.658232798573507,2.0,0.0,557.0,0.0,
(Rand),random-ippc04-p05-problem,ROC,CG-iLAO*-all,5,35.5938078,8.124647159592625,34508.8,3408.480540989489,11662.2,1001.2735151915284,61.0,5.78116943187103,14051.6,1404.9959749180778,
(Rand),random-ippc04-p06-problem,ROC,CG-iLAO*-all,5,1.5615654,0.1523837549825564,10362.0,510.2008381020163,608.6,52.31988623840842,16.0,0.0,1130.4,52.72217840719407,
(Rand),random-ippc04-p07-problem,ROC,CG-iLAO*-all,5,0.6336494,0.2888758525937411,1973.6,1697.476509627158,718.6,590.0572105957184,7.8,4.973922395856212,706.6,582.0423207430881,
(Rand),random-ippc04-p08-problem,ROC,CG-iLAO*-all,0,,,,,,,,,,,
(Rand),random-ippc04-p09-problem,ROC,CG-iLAO*-all,5,5.969438599999999,1.6847488247715816,11283.8,3398.830478629965,2408.8,590.3555790064154,3.6,0.7839999999999999,3689.8,953.7871133035924,
(Rand),random-ippc04-p10-problem,ROC,CG-iLAO*-all,0,,,,,,,,,,,
(Rand),random-ippc04-p13-problem,ROC,CG-iLAO*-all,5,65.98013879999999,11.771107246004824,158768.4,25699.39364007984,20617.6,3160.8991523451045,26.2,3.9880100300776578,48143.4,7393.60420598885,
(RectTW),rectangle-tireworld-ippc08-unit-cost-p01-x5-y5-h2-v2-u0-s1,ROC,CG-iLAO*-all,5,0.1941254,0.0144656728455891,1973.8,39.60655178123943,48.0,0.0,24.0,0.0,141.0,0.0,
(RectTW),rectangle-tireworld-ippc08-unit-cost-p02-x5-y5-h2-v3-u15-s2,ROC,CG-iLAO*-all,5,0.1853638,0.0039247440239669,356.0,0.0,34.0,0.0,11.0,0.0,11.0,0.0,unsolveable
(RectTW),rectangle-tireworld-ippc08-unit-cost-p03-x7-y7-h4-v3-u0-s3,ROC,CG-iLAO*-all,5,0.5140596000000001,0.0236448545158614,4127.8,69.20604297313928,96.0,0.0,48.0,0.0,309.0,0.0,
(RectTW),rectangle-tireworld-ippc08-unit-cost-p04-x7-y7-h3-v4-u20-s4,ROC,CG-iLAO*-all,5,0.4388014,0.0128192218939565,3.0,0.0,5.0,0.0,1.0,0.0,0.0,0.0,unsolveable
(RectTW),rectangle-tireworld-ippc08-unit-cost-p05-x9-y9-h3-v5-u30-s5,ROC,CG-iLAO*-all,5,1.1168348,0.0236935674394056,3.0,0.0,5.0,0.0,1.0,0.0,0.0,0.0,unsolveable
(RectTW),rectangle-tireworld-ippc08-unit-cost-p06-x11-y11-h4-v3-u40-s6,ROC,CG-iLAO*-all,5,5.3388068,0.9564422180691504,22330.8,1328.0742766818428,240.0,0.0,115.0,0.0,599.0,0.0,
(RectTW),rectangle-tireworld-ippc08-unit-cost-p07-x11-y11-h3-v5-u80-s7,ROC,CG-iLAO*-all,5,2.6506672,0.1619385037825801,3.0,0.0,5.0,0.0,1.0,0.0,0.0,0.0,unsolveable
(RectTW),rectangle-tireworld-ippc08-unit-cost-p08-x11-y11-h6-v7-u80-s8,ROC,CG-iLAO*-all,5,2.7107658,0.0718871103495911,3.0,0.0,5.0,0.0,1.0,0.0,0.0,0.0,unsolveable
(RectTW),rectangle-tireworld-ippc08-unit-cost-p09-x15-y15-h4-v4-u60-s9,ROC,CG-iLAO*-all,5,31.8367078,3.34491549685616,92251.2,579.9919188954274,449.0,0.0,223.0,0.0,1214.0,0.0,
(RectTW),rectangle-tireworld-ippc08-unit-cost-p10-x15-y15-h10-v10-u150-s10,ROC,CG-iLAO*-all,5,14.282932399999998,1.2209572050218478,377608.8,64735.72239573004,244.0,0.0,24.0,0.0,45.0,0.0,unsolveable
(RectTW),rectangle-tireworld-ippc08-unit-cost-p11-x20-y20-h5-v5-u80-s11,ROC,CG-iLAO*-all,5,196.3775482,5.395801080798592,165831.4,1855.8915538403637,793.0,0.0,392.0,0.0,2378.0,0.0,
(RectTW),rectangle-tireworld-ippc08-unit-cost-p12-x20-y20-h15-v15-u300-s12,ROC,CG-iLAO*-all,5,235.195882,45.05340894761547,44655884.6,796925.182326636,774.0,0.0,434.6,0.7839999999999999,1358.0,0.0,unsolveable
(RectTW),rectangle-tireworld-ippc08-unit-cost-p14-x30-y30-h25-v20-u700-s14,ROC,CG-iLAO*-all,0,,,,,,,,,,,unsolveable
(Sched),schedule-ippc04-p01,ROC,CG-iLAO*-all,5,0.0740196,0.0096643511697752,1022.0,0.0,36.0,0.0,20.0,0.0,36.0,0.0,
(Sched),schedule-ippc04-p02,ROC,CG-iLAO*-all,5,0.063703,0.0086639746531485,1490.0,0.0,36.0,0.0,20.0,0.0,36.0,0.0,
(Sched),schedule-ippc04-p03,ROC,CG-iLAO*-all,5,0.0827792,0.0076819050758769,3100.0,0.0,50.0,0.0,25.0,0.0,50.0,0.0,
(Sched),schedule-ippc04-p04,ROC,CG-iLAO*-all,5,30.0934254,0.7251197269861167,24610662.4,826642.814127309,69000.8,739.6400661294654,37680.2,394.8314798797076,105529.4,1108.298044361714,
(Sched),schedule-ippc04-p05,ROC,CG-iLAO*-all,5,1455.9232514,61.25059401581286,639483996.6,1212365.1672917309,1509678.8,2872.9877229504477,705166.4,2464.1383628879285,2510474.8,6259.435004348555,
(Sched),schedule-ippc08-p01,ROC,CG-iLAO*-all,5,0.0788003999999999,0.003244526516103,1350.0,0.0,50.0,0.0,25.0,0.0,50.0,0.0,
(Sched),schedule-ippc08-p02,ROC,CG-iLAO*-all,5,0.0845166,0.0191511574083306,1850.0,0.0,50.0,0.0,25.0,0.0,50.0,0.0,
(Sched),schedule-ippc08-p03,ROC,CG-iLAO*-all,5,0.0976418,0.0050100893167192,3669.0,0.0,66.0,0.0,30.0,0.0,66.0,0.0,
(Sched),schedule-ippc08-p04,ROC,CG-iLAO*-all,5,1183.2023012,59.01439787134485,557641857.2,14828283.114670224,1491187.2,7306.025431035948,743407.4,2949.987567990075,2598010.0,6466.2389972409765,
(S&R),search-and-rescue-ippc08-strips-p01-z4,ROC,CG-iLAO*-all,5,0.3286148,0.0079104628104039,438522.4,3881.346019567954,1076.0,0.0,809.0,2.147072425420251,2181.0,1.0735362127101256,
(S&R),search-and-rescue-ippc08-strips-p02-z5,ROC,CG-iLAO*-all,5,1.1835217999999998,0.0187401974391324,1914125.8,20333.051339807906,3906.0,0.0,2858.6,5.170835135642983,9378.8,2.585417567821492,
(S&R),search-and-rescue-ippc08-strips-p03-z6,ROC,CG-iLAO*-all,5,4.8546176,0.5124547511502823,7805174.8,67768.95135357417,13724.0,0.0,9904.2,4.736554021649072,38080.6,2.368277010824536,
(S&R),search-and-rescue-ippc08-strips-p04-z8,ROC,CG-iLAO*-all,5,82.9362092,2.087836757517328,119164391.6,570022.0509542667,159140.0,0.0,113769.0,29.956597937683103,560917.0,14.978298968841552,
(S&R),search-and-rescue-ippc08-strips-p05-z10,ROC,CG-iLAO*-all,5,1524.5262434,40.18586787352973,1646775348.8,10809119.631168708,1749740.0,0.0,1251364.2,51.83597885638893,7485098.6,25.917989428194463,
(Sys),sysadmin-ippc08-unit-cost-p01,ROC,CG-iLAO*-all,5,0.1310236,0.0094226738278991,18741.2,283.6218201478863,442.0,0.0,428.6,0.4800999895855029,485.6,0.4800999895855029,
(Sys),sysadmin-ippc08-unit-cost-p02,ROC,CG-iLAO*-all,5,0.4292156,0.0152464649094882,111928.4,1314.1721219748956,1564.0,0.0,1541.0,0.0,1729.0,0.0,
(Sys),sysadmin-ippc08-unit-cost-p03,ROC,CG-iLAO*-all,5,1.3587935999999998,0.0611281564326052,390467.6,3181.4078936370297,4705.0,0.0,4676.0,0.0,5231.0,0.0,
(Sys),sysadmin-ippc08-unit-cost-p04,ROC,CG-iLAO*-all,5,16.8840726,3.643240749158873,4967462.0,29794.469194648864,33071.0,0.0,33016.0,0.6198064213930023,37041.0,0.6198064213930023,
(TriTW),triangle-tireworld-ippc08-p01,ROC,CG-iLAO*-all,5,0.053258,0.010660729023109,259.6,0.4800999895855029,35.8,0.9601999791710056,24.4,0.4800999895855028,35.8,0.9601999791710056,
(TriTW),triangle-tireworld-ippc08-p02,ROC,CG-iLAO*-all,5,0.098331,0.0115524199368409,3509.4,97.4666044140248,360.2,6.022018266328988,239.2,3.123725980299808,388.8,5.761199875026034,
(TriTW),triangle-tireworld-ippc08-p03,ROC,CG-iLAO*-all,5,0.8011474,0.0168719943712347,57256.0,711.4062937028318,4038.0,63.168583330639926,2757.2,34.28263560463226,4597.0,64.80460724362119,
(TriTW),triangle-tireworld-ippc08-p04,ROC,CG-iLAO*-all,5,12.1373562,0.3273833627118504,1386031.0,33841.72538375665,46468.0,1012.5827414685676,33373.4,446.61110682113576,55038.6,694.1736734391474,
(TriTW),triangle-tireworld-ippc08-p05,ROC,CG-iLAO*-all,5,277.603703,7.37645023765241,35772867.0,253710.13880357053,604412.6,13646.643766826186,469161.6,10411.104904903032,760052.2,23274.899840896072,
(Zeno),zenotravel-ippc04-unit-cost_NO_FORALLS-p01-problem,ROC,CG-iLAO*-all,5,0.163825,0.0157635958615691,0.0,0.0,0.0,0.0,,,,,trivial (s0 in G)
(Zeno),zenotravel-ippc04-unit-cost_NO_FORALLS-p02-problem,ROC,CG-iLAO*-all,5,149.9119246,5.17067399463649,37832272.8,65560.8935762305,406472.6,1339.2452961634772,274776.8,1050.8452582868706,1602481.0,5540.725972549085,
(Zeno),zenotravel-ippc04-unit-cost_NO_FORALLS-p03-problem,ROC,CG-iLAO*-all,4,1557.37194925,18.84571285268989,528699430.25,407676.2880959763,2249928.25,2279.211091547541,1904432.5,3914.877827655247,13129162.25,32913.49334286421,
(Zeno),zenotravel-ippc04-unit-cost_NO_FORALLS-p04-problem,ROC,CG-iLAO*-all,5,168.330173,1.0648002879095957,35819981.8,34612.82361265177,420538.4,2165.1085328768163,229660.6,742.8998836020907,1627419.2,6763.679068405301,
(Zeno),zenotravel-ippc04-unit-cost_NO_FORALLS-p05-problem,ROC,CG-iLAO*-all,5,625.3266582,23.34804178017174,148524611.4,303578.63401511736,1044382.0,2497.209071199285,682359.8,1299.80033035232,4968016.4,8007.125214793133,
(Zeno),zenotravel-ippc08-unit-cost_NO_FORALLS-p01-c4-p2-a2-s3846-problem,ROC,CG-iLAO*-all,5,6.2596984,0.121923505524584,1648040.8,2637.575386339507,28053.2,112.83439291279942,16906.8,74.39587881059003,87614.0,429.7377661783986,
(Zeno),zenotravel-ippc08-unit-cost_NO_FORALLS-p02-c5-p2-a2-s17462-problem,ROC,CG-iLAO*-all,5,4.1700314,0.1416981518717504,863497.2,2001.659094667221,16819.4,61.1903085136854,9673.4,42.19056501162315,56604.6,255.0438279511974,
(Zeno),zenotravel-ippc08-unit-cost_NO_FORALLS-p04-c6-p2-a2-s12861-problem,ROC,CG-iLAO*-all,5,69.465974,1.5040875616209357,17357044.0,37093.75943655859,238477.8,1351.9372472063928,133966.0,602.1166575340695,807199.0,3281.4104940162542,
(Coresec),coresec-icaps16-bigger-p01-problem,ROC,CG-iLAO*-all,5,0.738202,0.0079956830582708,114816.4,1324.5119076610824,8650.0,14.30934240278008,4044.6,33.962903527231,20353.0,71.00233573622772,
(Coresec),coresec-icaps16-bigger-p02-problem,ROC,CG-iLAO*-all,5,2.2088742,0.0687275616135901,394484.0,4274.418581505559,25235.6,59.22509008857648,11330.8,55.63569702987463,65587.4,219.2131855888236,
(Coresec),coresec-icaps16-bigger-p03-problem,ROC,CG-iLAO*-all,5,6.1984276000000005,0.1675905731358671,1427082.6,11266.38079187882,62240.2,37.0611071610118,35424.0,77.25980895653313,208090.0,282.398524925326,
(Coresec),coresec-icaps16-bigger-p04-problem,ROC,CG-iLAO*-all,5,17.0994724,0.3021362271319715,3746151.4,12155.675402053806,167937.4,127.87644449233014,82049.0,115.51868212544667,545509.4,753.6345533055129,
(Coresec),coresec-icaps16-bigger-p05-problem,ROC,CG-iLAO*-all,5,394.1086322,3.319326176958847,82256387.8,115240.51218241986,2758907.0,870.9433734061014,1241361.2,1050.7759800376102,11510664.2,6444.574881661628,
(Coresec),coresec-icaps16-bigger-p06-problem,ROC,CG-iLAO*-all,0,,,,,,,,,,,
(Coresec),coresec-icaps16-bigger-p07-problem,ROC,CG-iLAO*-all,0,,,,,,,,,,,
(PARC-N),no-repair-parc_NOREPAIR_s4_c1_fN.N_uN-facts,ROC,CG-iLAO*-all,5,10.9463046,1.4192998837244994,2180009.0,154980.7742692673,33283.8,1276.8458172481126,9136.2,286.8099550294585,52536.4,1754.944488722079,
(PARC-N),no-repair-parc_NOREPAIR_s4_c2_fN.N_uN-facts,ROC,CG-iLAO*-all,5,15.2202976,0.6032366513580746,3342127.0,227052.9392003241,44234.4,2146.564994351673,11830.0,451.9455705281334,67171.2,2608.5572477183623,
(PARC-N),no-repair-parc_NOREPAIR_s4_c3_fN.N_uN-facts,ROC,CG-iLAO*-all,5,21.1643228,1.870920152473349,5435025.2,468183.27453846624,57465.4,3256.264072451127,14314.4,673.8762763119057,80112.0,4054.984216196162,
(PARC-N),no-repair-parc_NOREPAIR_s5_c1_fN.N_uN-facts,ROC,CG-iLAO*-all,5,123.0733412,3.954848317394162,29435236.2,899446.4388872647,329621.8,18149.849204034286,70986.2,4245.178990231624,535192.8,31349.40568079057,
(PARC-N),no-repair-parc_NOREPAIR_s5_c2_fN.N_uN-facts,ROC,CG-iLAO*-all,5,182.8411366,12.036035546283326,44381084.2,1562303.3049149914,431230.6,28811.75734964488,90999.8,6756.542873682071,679455.0,49029.34015003343,
(PARC-N),no-repair-parc_NOREPAIR_s5_c3_fN.N_uN-facts,ROC,CG-iLAO*-all,5,249.5188556,18.88513077086888,74093537.4,3047302.24398589,548345.2,45822.81186214115,108366.6,10187.9739603562,800947.6,74142.20331971,
(PARC-R),with-repair-parc_REPAIR_s4_c1_fN.N_uN-facts,ROC,CG-iLAO*-all,5,35.2131916,2.500563156061446,8251320.6,13282.263521153916,96092.0,829.6578364603085,24770.6,206.5709825120653,174690.4,1374.1282533213555,
(PARC-R),with-repair-parc_REPAIR_s4_c2_fN.N_uN-facts,ROC,CG-iLAO*-all,5,82.5518138,1.381025625750855,18467202.4,98709.45740506334,208814.4,682.1432464929928,55912.4,177.11026784463965,398269.0,1288.1164138694917,
(PARC-R),with-repair-parc_REPAIR_s4_c3_fN.N_uN-facts,ROC,CG-iLAO*-all,5,113.2964258,3.146295269031412,25911184.0,406418.31232222926,281742.0,515.6316354918499,70332.6,153.91504493063695,487266.2,996.990639747435,
(PARC-R),with-repair-parc_REPAIR_s5_c1_fN.N_uN-facts,ROC,CG-iLAO*-all,5,474.0474752,29.876303002111246,87942476.4,1223978.979021488,1060953.8,6399.973368862093,221457.6,975.374578024258,1951393.2,9927.737226493457,
(PARC-R),with-repair-parc_REPAIR_s5_c2_fN.N_uN-facts,ROC,CG-iLAO*-all,5,1156.8892522,22.920541486325025,212992064.6,3218220.1326586897,2299287.0,4372.279681374465,493723.6,922.4365972444936,4389939.4,8514.97658342382,
(PARC-R),with-repair-parc_REPAIR_s5_c3_fN.N_uN-facts,ROC,CG-iLAO*-all,2,1708.6444285,77.6620374599998,310888467.5,3794143.5,3050055.0,188.16,616368.5,132.3,5335713.0,705.6,
(TriTW),intermediate-triangle-tireworld-tire6-start10,LMCut,CG-iLAO*-all,0,,,,,,,,,,,
(TriTW),intermediate-triangle-tireworld-tire6-start8,LMCut,CG-iLAO*-all,5,1079.0535539999998,35.64307093635403,95912437.8,965865.0891835568,3168781.8,63989.60207831819,2248116.0,28640.800490399703,3772017.6,52199.38476562282,
(TriTW),intermediate-triangle-tireworld-tire6-start9,LMCut,CG-iLAO*-all,0,,,,,,,,,,,
(BW),blocksworld-ippc04-p01,LMCut,CG-iLAO*-all,5,1.9075676,0.1994888230745791,30565.8,3462.250841874979,2554.2,275.10706901859135,1014.8,109.70293516583774,4786.2,562.6836737492922,
(BW),blocksworld-ippc04-p02,LMCut,CG-iLAO*-all,5,1.2186742,0.0186331773832007,25185.4,603.1466826038255,1607.4,17.84138380283323,630.0,7.937395038676103,2893.6,45.93514140611738,
(BW),blocksworld-ippc04-p03,LMCut,CG-iLAO*-all,5,0.615363,0.0227258773795125,7422.0,625.0255306145502,793.0,43.297815187374056,280.8,15.149164465408646,1261.4,82.96057434709573,
(BW),blocksworld-ippc04-p04,LMCut,CG-iLAO*-all,5,2.8089524,0.1575426684911892,57898.4,6829.790491716126,3920.8,361.6863364629634,1699.4,169.29068142103984,8469.2,981.5766101858784,
(BW),blocksworld-ippc04-p05,LMCut,CG-iLAO*-all,5,1.048918,0.1010861297391526,21961.2,2326.7500368161595,1462.6,158.12548262693144,583.4,69.00369219107047,2746.8,369.7707139079567,
(BW),blocksworld-ippc04-p06,LMCut,CG-iLAO*-all,0,,,,,,,,,,,
(BW),blocksworld-ippc04-p07,LMCut,CG-iLAO*-all,0,,,,,,,,,,,
(BW),blocksworld-ippc04-p08,LMCut,CG-iLAO*-all,0,,,,,,,,,,,
(BW),blocksworld-ippc04-p09,LMCut,CG-iLAO*-all,0,,,,,,,,,,,
(BW),blocksworld-ippc04-p10,LMCut,CG-iLAO*-all,0,,,,,,,,,,,
(BW),blocksworld-ippc08-p01-c0-C0-g1-n5,LMCut,CG-iLAO*-all,5,0.6112342,0.0153240496078414,14734.4,1271.7897054214584,759.4,42.80525126663784,562.6,53.90035636245831,1804.4,161.27906180282673,
(BW),blocksworld-ippc08-p02-c1-C1-g20-n5,LMCut,CG-iLAO*-all,5,0.5973219999999999,0.0296342873739106,14734.4,1271.7897054214584,759.4,42.80525126663784,562.6,53.90035636245831,1804.4,161.27906180282673,
(BW),blocksworld-ippc08-p03-c1-C2-g40-n5,LMCut,CG-iLAO*-all,5,0.6026208,0.0208433489111338,14734.4,1271.7897054214584,759.4,42.80525126663784,562.6,53.90035636245831,1804.4,161.27906180282673,
(BW),blocksworld-ippc08-p04-c2-C1-g0-n5,LMCut,CG-iLAO*-all,5,0.619267,0.0533835996548782,14734.4,1271.7897054214584,759.4,42.80525126663784,562.6,53.90035636245831,1804.4,161.27906180282673,
(BW),blocksworld-ippc08-p05-c0-C0-g1-n10,LMCut,CG-iLAO*-all,0,,,,,,,,,,,
(BW),blocksworld-ippc08-p06-c1-C1-g20-n10,LMCut,CG-iLAO*-all,0,,,,,,,,,,,
(BW),blocksworld-ippc08-p07-c1-C2-g0-n10,LMCut,CG-iLAO*-all,0,,,,,,,,,,,
(BW),blocksworld-ippc08-p08-c3-C2-g0-n10,LMCut,CG-iLAO*-all,0,,,,,,,,,,,
(BW),blocksworld-ippc08-p09-c0-C0-g1-n14,LMCut,CG-iLAO*-all,0,,,,,,,,,,,
(BW),blocksworld-ippc08-p10-c1-C1-g20-n14,LMCut,CG-iLAO*-all,0,,,,,,,,,,,
(BW),blocksworld-ippc08-p11-c1-C2-g0-n14,LMCut,CG-iLAO*-all,0,,,,,,,,,,,
(BW),blocksworld-ippc08-p12-c3-C2-g0-n14,LMCut,CG-iLAO*-all,0,,,,,,,,,,,
(Elev),elevators-ippc04-p01,LMCut,CG-iLAO*-all,5,0.0247228,0.0068565240225572,2577.4,403.7926336326605,162.0,36.64204142784624,76.8,10.543998482549208,361.4,53.65032354049694,
(Elev),elevators-ippc04-p02,LMCut,CG-iLAO*-all,5,0.0141561999999999,0.007213268185131,199.0,0.0,34.0,0.0,8.0,0.0,39.0,0.0,
(Elev),elevators-ippc04-p03,LMCut,CG-iLAO*-all,5,0.0222304,0.0065401337035458,2891.6,279.3351402455481,137.6,7.24404969612992,88.2,3.790459602739488,392.0,16.826346008566446,
(Elev),elevators-ippc04-p04,LMCut,CG-iLAO*-all,5,0.0206068,0.0064073285081681,2904.6,193.99109282644912,161.8,4.736554021649072,99.0,4.426303197929395,461.2,23.10307131097508,
(Elev),elevators-ippc04-p05,LMCut,CG-iLAO*-all,5,0.0184712,0.0066997183019873,873.6,147.20578662539052,87.6,13.142234817564324,32.6,4.744657627268801,148.6,23.278661817209336,
(Elev),elevators-ippc04-p06,LMCut,CG-iLAO*-all,5,0.2783646,0.0328141030939432,20145.0,4746.08765075404,658.0,75.28288304787483,345.4,48.54552436631002,1698.8,242.1051472067457,
(Elev),elevators-ippc04-p07,LMCut,CG-iLAO*-all,5,0.1931676,0.0272437407965223,8321.0,1321.949313158413,398.8,36.35998107810288,195.6,26.6487931434052,976.0,132.69069718710503,
(Elev),elevators-ippc04-p08,LMCut,CG-iLAO*-all,5,4.004849,0.1063115100321103,1053166.4,55804.967732189005,7508.4,105.5412227331103,5639.8,61.3495654752338,26199.8,320.28726965647564,
(Elev),elevators-ippc04-p09,LMCut,CG-iLAO*-all,5,1.8182062,0.0343224072712049,218100.8,11906.16806627825,3401.8,44.84675310432182,2408.0,24.30716108475031,11287.6,132.89985197884909,
(Elev),elevators-ippc04-p10,LMCut,CG-iLAO*-all,5,8.894457599999999,0.4672272110497348,5571794.2,594957.3156168727,12151.8,82.72128857797126,11193.2,72.87510894674533,51080.4,328.7958273701173,
(Elev),elevators-ippc04-p11,LMCut,CG-iLAO*-all,5,737.3386871999999,17.58833119287596,272222439.8,42602858.79819316,325703.4,3129.197277145689,278174.0,3190.459860546752,1671912.8,18675.770550680467,
(Elev),elevators-ippc04-p12,LMCut,CG-iLAO*-all,5,119.2107878,4.070685127147437,13651079.4,575542.0497371156,86581.0,1915.5460143572643,63235.8,1341.6055254149785,389325.8,8543.781803182006,
(Elev),elevators-ippc04-p13,LMCut,CG-iLAO*-all,0,,,,,,,,,,,
(Elev),elevators-ippc04-p14,LMCut,CG-iLAO*-all,5,68.0578032,2.323974446935345,3048405.8,141976.36109155207,39732.8,1116.749177812099,24452.8,919.6858858893072,150525.6,5554.5355532876,
(Elev),elevators-ippc04-p15,LMCut,CG-iLAO*-all,5,1078.8572204,112.42291362058056,244175333.2,21326438.504735563,489336.2,2305.253931258767,452195.4,3015.9064991501305,2714150.4,17807.139046854663,
(ExBW),exploding-blocksworld-ippc04-fixed-p01,LMCut,CG-iLAO*-all,5,0.0113392,0.0070234275664624,162.0,0.0,56.0,0.0,15.0,0.0,47.0,0.0,
(ExBW),exploding-blocksworld-ippc04-fixed-p02,LMCut,CG-iLAO*-all,5,0.0118466,0.0065029955515851,61.0,0.0,22.0,0.0,6.0,0.0,19.0,0.0,
(ExBW),exploding-blocksworld-ippc04-fixed-p03,LMCut,CG-iLAO*-all,5,0.0152566,0.0029678282591443,206.0,0.0,71.0,0.0,15.0,0.0,57.0,0.0,
(ExBW),exploding-blocksworld-ippc04-fixed-p04,LMCut,CG-iLAO*-all,5,0.0784234,0.0043643912696384,44030.6,1677.227509891249,579.6,21.37748198455561,216.8,4.129976271118274,468.6,11.720734447977224,
(ExBW),exploding-blocksworld-ippc04-fixed-p05,LMCut,CG-iLAO*-all,5,0.0093524,0.0046651261309525,0.0,0.0,0.0,0.0,,,,,trivial (s0 in G)
(ExBW),exploding-blocksworld-ippc04-fixed-p06,LMCut,CG-iLAO*-all,5,0.5910088,0.0356251014753572,8280.0,315.93534199262984,1491.6,82.28639314005687,367.6,15.552078189103856,1237.8,62.31875403119032,
(ExBW),exploding-blocksworld-ippc04-fixed-p07,LMCut,CG-iLAO*-all,5,5.156517,0.1573959470160025,146226.2,802.7855658293812,15468.6,616.3393199983269,2962.4,111.35077231883037,12933.6,490.2541852712733,
(ExBW),exploding-blocksworld-ippc04-fixed-p08,LMCut,CG-iLAO*-all,5,0.664098,0.031839623716176,5282.6,225.1668951156008,1681.8,92.17919800041656,226.4,7.681599833368045,1240.6,49.93039891689229,
(ExBW),exploding-blocksworld-ippc04-fixed-p09,LMCut,CG-iLAO*-all,5,72.6270116,0.8663766695334271,9999844.8,128276.29141475855,166623.4,1590.5255203284223,35943.2,428.75661914890594,146094.4,1749.3076972379672,
(ExBW),exploding-blocksworld-ippc04-fixed-p10,LMCut,CG-iLAO*-all,5,277.66164,13.68646548322221,51226193.8,705523.0254105204,526422.0,4278.018460081723,139068.6,1296.6346780246165,482188.8,3308.0440454480045,
(ExBW),exploding-blocksworld-ippc08-fixed-p01-n2-N5-s1,LMCut,CG-iLAO*-all,5,0.0181656,0.005808494130421,509.0,0.0,125.0,0.0,39.0,0.0,108.0,0.0,
(ExBW),exploding-blocksworld-ippc08-fixed-p02-n3-N5-s2,LMCut,CG-iLAO*-all,5,0.0857112,0.0062536738518013,46648.2,2522.25304819005,749.6,23.977778379157648,317.0,4.596607444626961,514.4,11.980074123309922,
(ExBW),exploding-blocksworld-ippc08-fixed-p03-n3-N6-s3,LMCut,CG-iLAO*-all,5,0.1361078,0.0039540460856272,73200.2,26.15259956486161,756.0,3.279707304013576,208.0,0.8765386471799175,598.2,1.5679999999999998,
(ExBW),exploding-blocksworld-ippc08-fixed-p04-n4-N6-s4,LMCut,CG-iLAO*-all,5,0.1369224,0.00470928509468,44387.0,207.16652972910464,1046.0,12.732459306826785,373.0,6.901872209770332,911.8,12.647696391042915,
(ExBW),exploding-blocksworld-ippc08-fixed-p05-n5-N7-s5,LMCut,CG-iLAO*-all,5,0.0212122,0.0068214959447253,256.6,14.504,79.4,1.176,20.8,0.3919999999999999,66.4,1.176,
(ExBW),exploding-blocksworld-ippc08-fixed-p06-n6-N8-s6,LMCut,CG-iLAO*-all,5,0.173878,0.006931604303109,15091.2,144.81787315107204,841.6,8.800378173692309,231.4,3.136,718.6,8.800378173692309,
(ExBW),exploding-blocksworld-ippc08-fixed-p07-n7-N9-s7,LMCut,CG-iLAO*-all,5,0.4370777999999999,0.0944938340552579,4816.6,656.9730546194418,1336.4,236.71055594544148,187.6,29.501743948451583,973.2,159.25817148265892,
(ExBW),exploding-blocksworld-ippc08-fixed-p08-n8-N10-s8,LMCut,CG-iLAO*-all,5,91.0960332,4.754182956055653,18292454.6,85835.96303464472,132341.6,5359.393500352069,29835.2,763.8375243361639,102794.2,2926.5682357710366,
(ExBW),exploding-blocksworld-ippc08-fixed-p09-n9-N11-s9,LMCut,CG-iLAO*-all,5,18.9441044,0.1821718692180415,1874390.0,4243.567343582519,26099.2,668.9332122596396,5685.2,87.67446095642674,19107.8,358.9339603659704,
(ExBW),exploding-blocksworld-ippc08-fixed-p10-n10-N12-s10,LMCut,CG-iLAO*-all,5,428.1203408,30.193933303409707,207405691.4,8482493.24169526,209480.6,2642.3070041946294,53035.8,582.0762448202125,144238.0,2344.884154034054,
(ExBW),exploding-blocksworld-ippc08-fixed-p11-n11-N13-s11,LMCut,CG-iLAO*-all,0,,,,,,,,,,,
(Rand),random-ippc04-p03-problem,LMCut,CG-iLAO*-all,5,1.8996596,0.0747017735947002,111552.0,2952.223804199132,1385.0,0.0,60.0,0.0,2880.0,0.0,
(Rand),random-ippc04-p04-problem,LMCut,CG-iLAO*-all,0,,,,,,,,,,,
(Rand),random-ippc04-p05-problem,LMCut,CG-iLAO*-all,0,,,,,,,,,,,
(Rand),random-ippc04-p06-problem,LMCut,CG-iLAO*-all,5,5.7858196,0.6867712342018318,10362.0,510.2008381020163,608.6,52.31988623840842,16.0,0.0,1130.4,52.72217840719407,
(Rand),random-ippc04-p07-problem,LMCut,CG-iLAO*-all,5,0.2054456,0.0602662015520043,643.6,105.1565116195854,270.4,52.26846330245418,3.4,0.4800999895855028,264.2,51.85820729643476,
(Rand),random-ippc04-p08-problem,LMCut,CG-iLAO*-all,0,,,,,,,,,,,
(Rand),random-ippc04-p09-problem,LMCut,CG-iLAO*-all,0,,,,,,,,,,,
(Rand),random-ippc04-p10-problem,LMCut,CG-iLAO*-all,0,,,,,,,,,,,
(Rand),random-ippc04-p13-problem,LMCut,CG-iLAO*-all,5,22.6831154,1.721743656398231,35659.4,126.74639725057276,5359.2,38.57467231228284,7.0,0.0,12000.8,42.248799083524254,
(RectTW),rectangle-tireworld-ippc08-unit-cost-p01-x5-y5-h2-v2-u0-s1,LMCut,CG-iLAO*-all,5,0.0211324,0.0027105508608428,1890.2,51.73211984831087,48.0,0.0,24.0,0.0,141.0,0.0,
(RectTW),rectangle-tireworld-ippc08-unit-cost-p02-x5-y5-h2-v3-u15-s2,LMCut,CG-iLAO*-all,5,0.0242456,0.0073497888030457,356.0,0.0,34.0,0.0,11.0,0.0,11.0,0.0,unsolveable
(RectTW),rectangle-tireworld-ippc08-unit-cost-p03-x7-y7-h4-v3-u0-s3,LMCut,CG-iLAO*-all,5,0.163911,0.0141128255850173,3750.0,94.21873104643258,96.0,0.0,48.0,0.0,309.0,0.0,
(RectTW),rectangle-tireworld-ippc08-unit-cost-p04-x7-y7-h3-v4-u20-s4,LMCut,CG-iLAO*-all,5,0.0363242,0.0050281797138829,3.0,0.0,5.0,0.0,1.0,0.0,0.0,0.0,unsolveable
(RectTW),rectangle-tireworld-ippc08-unit-cost-p05-x9-y9-h3-v5-u30-s5,LMCut,CG-iLAO*-all,5,0.0884028,0.0104588807797882,3.0,0.0,5.0,0.0,1.0,0.0,0.0,0.0,unsolveable
(RectTW),rectangle-tireworld-ippc08-unit-cost-p06-x11-y11-h4-v3-u40-s6,LMCut,CG-iLAO*-all,5,4.3462678,0.7456494313902453,20734.8,1283.2334798874288,239.0,0.0,114.0,0.0,591.0,0.0,
(RectTW),rectangle-tireworld-ippc08-unit-cost-p07-x11-y11-h3-v5-u80-s7,LMCut,CG-iLAO*-all,5,0.1900995999999999,0.0328887654523537,3.0,0.0,5.0,0.0,1.0,0.0,0.0,0.0,unsolveable
(RectTW),rectangle-tireworld-ippc08-unit-cost-p08-x11-y11-h6-v7-u80-s8,LMCut,CG-iLAO*-all,5,0.18518,0.0063125247479213,3.0,0.0,5.0,0.0,1.0,0.0,0.0,0.0,unsolveable
(RectTW),rectangle-tireworld-ippc08-unit-cost-p09-x15-y15-h4-v4-u60-s9,LMCut,CG-iLAO*-all,5,39.2839658,4.099282029646567,88700.0,348.48833070850446,449.0,0.0,223.0,0.0,1214.0,0.0,
(RectTW),rectangle-tireworld-ippc08-unit-cost-p10-x15-y15-h10-v10-u150-s10,LMCut,CG-iLAO*-all,5,7.671929199999999,0.860004318312706,377608.8,64735.72239573004,244.0,0.0,24.0,0.0,45.0,0.0,unsolveable
(RectTW),rectangle-tireworld-ippc08-unit-cost-p11-x20-y20-h5-v5-u80-s11,LMCut,CG-iLAO*-all,5,366.2342992,41.06810913529713,159555.2,1759.881959014297,793.0,0.0,392.0,0.0,2378.0,0.0,
(RectTW),rectangle-tireworld-ippc08-unit-cost-p12-x20-y20-h15-v15-u300-s12,LMCut,CG-iLAO*-all,5,319.2232362,24.44485962807553,44608914.4,853206.6836871485,774.0,0.0,434.6,0.4800999895855029,1358.0,0.0,unsolveable
(RectTW),rectangle-tireworld-ippc08-unit-cost-p14-x30-y30-h25-v20-u700-s14,LMCut,CG-iLAO*-all,5,14.069163,0.5864182869420468,3.0,0.0,5.0,0.0,1.0,0.0,0.0,0.0,unsolveable
(Sched),schedule-ippc04-p01,LMCut,CG-iLAO*-all,5,0.005099,0.0032390938889016,1274.0,0.0,36.0,0.0,20.0,0.0,36.0,0.0,
(Sched),schedule-ippc04-p02,LMCut,CG-iLAO*-all,5,0.0096178,0.0014203475622198,1958.0,0.0,36.0,0.0,20.0,0.0,36.0,0.0,
(Sched),schedule-ippc04-p03,LMCut,CG-iLAO*-all,5,0.0146133999999999,0.0047686113874225,4350.0,0.0,50.0,0.0,25.0,0.0,50.0,0.0,
(Sched),schedule-ippc04-p04,LMCut,CG-iLAO*-all,5,25.0796444,0.3763791154664759,25397969.2,883832.0277684403,60814.4,433.2405210226762,29699.8,251.22383625762905,86401.0,667.9049066446511,
(Sched),schedule-ippc04-p05,LMCut,CG-iLAO*-all,0,,,,,,,,,,,
(Sched),schedule-ippc08-p01,LMCut,CG-iLAO*-all,5,0.0085548,0.0021851876768607,1600.0,0.0,50.0,0.0,25.0,0.0,50.0,0.0,
(Sched),schedule-ippc08-p02,LMCut,CG-iLAO*-all,5,0.0112058,0.0043746796670183,2400.0,0.0,50.0,0.0,25.0,0.0,50.0,0.0,
(Sched),schedule-ippc08-p03,LMCut,CG-iLAO*-all,5,0.0146456,0.0038822181473503,5055.0,0.0,66.0,0.0,30.0,0.0,66.0,0.0,
(Sched),schedule-ippc08-p04,LMCut,CG-iLAO*-all,5,1221.2866988,64.8052421044943,577721417.8,14311697.04042293,1375042.6,6454.52877771383,635927.2,2602.3944857426973,2227098.8,8520.831837574544,
(S&R),search-and-rescue-ippc08-strips-p01-z4,LMCut,CG-iLAO*-all,5,0.2491826,0.0272836213305685,429822.4,5098.851364134474,1076.0,0.0,808.6,2.8805999375130176,2180.8,1.4402999687565088,
(S&R),search-and-rescue-ippc08-strips-p02-z5,LMCut,CG-iLAO*-all,5,0.9512623999999998,0.0133027467625876,1873016.2,16218.83331505888,3906.0,0.0,2863.0,1.753077294359835,9381.0,0.8765386471799175,
(S&R),search-and-rescue-ippc08-strips-p03-z6,LMCut,CG-iLAO*-all,5,4.085596799999999,0.2461872995584217,7646590.6,57299.611401932,13724.0,0.0,9918.6,13.881450068346604,38087.8,6.940725034173303,
(S&R),search-and-rescue-ippc08-strips-p04-z8,LMCut,CG-iLAO*-all,5,80.6015676,10.438654950090996,116714998.0,578619.2985215161,159140.0,0.0,113799.4,25.62732791377205,560932.2,12.813663956886025,
(S&R),search-and-rescue-ippc08-strips-p05-z10,LMCut,CG-iLAO*-all,5,1433.8264986,52.98546618597431,1615243800.4,7191772.2581720445,1749740.0,0.0,1251455.4,60.416344278680086,7485144.2,30.208172139340043,
(Sys),sysadmin-ippc08-unit-cost-p01,LMCut,CG-iLAO*-all,5,0.0342979999999999,0.0070183220650864,18711.2,144.59088845428678,442.0,0.0,430.0,0.0,487.0,0.0,
(Sys),sysadmin-ippc08-unit-cost-p02,LMCut,CG-iLAO*-all,5,0.1442192,0.0044725544619673,106087.0,730.4310202613248,1601.0,0.0,1580.0,0.0,1768.0,0.0,
(Sys),sysadmin-ippc08-unit-cost-p03,LMCut,CG-iLAO*-all,5,0.5932394000000001,0.0086591843197067,397567.6,2577.158796926569,4715.0,0.0,4692.0,0.0,5247.0,0.0,
(Sys),sysadmin-ippc08-unit-cost-p04,LMCut,CG-iLAO*-all,5,8.686483599999999,0.5023862293993699,4999186.4,24886.2098924737,33079.0,4.46948766638862,33021.8,3.184623054617296,37046.8,3.184623054617296,
(TriTW),triangle-tireworld-ippc08-p01,LMCut,CG-iLAO*-all,5,0.0093266,0.0048192641499648,235.6,0.4800999895855028,33.8,0.9601999791710056,21.4,0.4800999895855028,33.8,0.9601999791710056,
(TriTW),triangle-tireworld-ippc08-p02,LMCut,CG-iLAO*-all,5,0.0263698,0.0097474499493838,3020.6,138.3051886806854,410.0,9.024517715645528,253.2,5.893052180322179,452.2,10.6707555496319,
(TriTW),triangle-tireworld-ippc08-p03,LMCut,CG-iLAO*-all,5,0.5129058000000001,0.0132653211431394,77615.0,1861.5819572825687,6017.4,97.8167646980823,3951.8,50.32049506910678,7163.0,98.52972830572506,
(TriTW),triangle-tireworld-ippc08-p04,LMCut,CG-iLAO*-all,5,17.1987752,1.447963104373138,2227745.4,11304.84933208824,101039.0,1610.554910631736,69606.2,839.551397678546,119831.6,2021.1438459882063,
(TriTW),triangle-tireworld-ippc08-p05,LMCut,CG-iLAO*-all,5,560.6598238,21.27898037033006,62669465.6,1086956.8848294308,1705549.4,27478.74107796527,1204637.0,14224.126794789196,2048298.8,38902.90805069955,
(Zeno),zenotravel-ippc04-unit-cost_NO_FORALLS-p01-problem,LMCut,CG-iLAO*-all,5,0.0187318,0.0066861721458831,0.0,0.0,0.0,0.0,,,,,trivial (s0 in G)
(Zeno),zenotravel-ippc04-unit-cost_NO_FORALLS-p02-problem,LMCut,CG-iLAO*-all,5,1371.024441,75.42420611503587,48355535.4,122794.45528478724,479339.8,1665.882672574512,332899.6,818.6557976194878,2021882.2,5398.557601247208,
(Zeno),zenotravel-ippc04-unit-cost_NO_FORALLS-p03-problem,LMCut,CG-iLAO*-all,0,,,,,,,,,,,
(Zeno),zenotravel-ippc04-unit-cost_NO_FORALLS-p04-problem,LMCut,CG-iLAO*-all,0,,,,,,,,,,,
(Zeno),zenotravel-ippc04-unit-cost_NO_FORALLS-p05-problem,LMCut,CG-iLAO*-all,0,,,,,,,,,,,
(Zeno),zenotravel-ippc08-unit-cost_NO_FORALLS-p01-c4-p2-a2-s3846-problem,LMCut,CG-iLAO*-all,5,26.9310482,0.8160561100536246,1837179.0,8242.178613895721,31405.6,153.25971817800004,19421.0,87.59467837717082,100575.4,455.6435569345845,
(Zeno),zenotravel-ippc08-unit-cost_NO_FORALLS-p02-c5-p2-a2-s17462-problem,LMCut,CG-iLAO*-all,5,24.312221,0.3319782054104735,989666.6,8730.821366213833,20248.8,251.05633802794145,11123.8,101.49961765445228,67193.0,681.3364280295013,
(Zeno),zenotravel-ippc08-unit-cost_NO_FORALLS-p04-c6-p2-a2-s12861-problem,LMCut,CG-iLAO*-all,5,683.55305,18.18329155628762,22103690.4,170693.67795104615,297823.8,1627.7902542723373,167324.8,624.2824303662566,1051656.6,4439.92828591814,
(Coresec),coresec-icaps16-bigger-p01-problem,LMCut,CG-iLAO*-all,5,0.4361566,0.0329121530319013,273162.2,3217.0797446976653,9146.0,0.0,7652.4,21.97124156710312,30129.0,0.0,
(Coresec),coresec-icaps16-bigger-p02-problem,LMCut,CG-iLAO*-all,5,1.3861392,0.0552975357001527,877651.6,5734.746867809948,26474.0,0.0,21827.8,64.93903282310262,100056.0,0.0,
(Coresec),coresec-icaps16-bigger-p03-problem,LMCut,CG-iLAO*-all,5,4.5700038,0.0897363631136127,2961348.2,16314.580337734214,64018.0,0.0,54632.0,46.91734007805643,269988.0,0.0,
(Coresec),coresec-icaps16-bigger-p04-problem,LMCut,CG-iLAO*-all,5,13.8051276,0.6432414578474398,8363114.6,26328.91867447837,173762.0,0.0,145434.0,61.757108740613816,786427.0,0.0,
(Coresec),coresec-icaps16-bigger-p05-problem,LMCut,CG-iLAO*-all,5,474.6461680000001,8.268029475291183,180804771.6,119051.43560509068,2872981.2,15.93999447929641,2384923.6,1906.3601835791685,17795986.0,242.83205620345927,
(Coresec),coresec-icaps16-bigger-p06-problem,LMCut,CG-iLAO*-all,0,,,,,,,,,,,
(Coresec),coresec-icaps16-bigger-p07-problem,LMCut,CG-iLAO*-all,0,,,,,,,,,,,
(PARC-N),no-repair-parc_NOREPAIR_s4_c1_fN.N_uN-facts,LMCut,CG-iLAO*-all,5,16.8299978,0.2826689281252713,3288859.8,156358.3807584253,50298.6,1684.9330806224916,14880.8,353.2186471634814,79610.4,1929.171517003089,
(PARC-N),no-repair-parc_NOREPAIR_s4_c2_fN.N_uN-facts,LMCut,CG-iLAO*-all,5,28.654717,0.5191918926302936,6156147.4,394523.2789064364,82016.0,2687.923948299133,23852.4,569.7715617473374,127002.2,2788.288959642454,
(PARC-N),no-repair-parc_NOREPAIR_s4_c3_fN.N_uN-facts,LMCut,CG-iLAO*-all,5,48.8602632,0.5631153034715067,10220352.8,848315.079308733,145808.0,3039.0304691068827,41245.8,727.2142545797626,223722.0,3842.883685525754,
(PARC-N),no-repair-parc_NOREPAIR_s5_c1_fN.N_uN-facts,LMCut,CG-iLAO*-all,5,235.337934,8.555628937423247,44350401.4,2211973.208740008,531554.2,22709.325567899723,121618.8,5211.770593775594,856535.8,38220.79260271488,
(PARC-N),no-repair-parc_NOREPAIR_s5_c2_fN.N_uN-facts,LMCut,CG-iLAO*-all,5,420.2829986,12.585793501750052,86084487.2,3493327.856938977,904478.0,25873.50586723647,204641.4,6247.669867431857,1429404.8,46920.455484153004,
(PARC-N),no-repair-parc_NOREPAIR_s5_c3_fN.N_uN-facts,LMCut,CG-iLAO*-all,5,761.0914722,21.46071823692058,142659559.2,7680714.394909495,1631064.8,74184.0688321749,361093.6,17280.741066723265,2573742.2,127839.89238169776,
(PARC-R),with-repair-parc_REPAIR_s4_c1_fN.N_uN-facts,LMCut,CG-iLAO*-all,5,83.4251462,1.8455990487755076,12066243.2,90142.5575433725,149170.6,1051.362452485345,44012.6,363.90534123038094,313469.2,2671.747987438935,
(PARC-R),with-repair-parc_REPAIR_s4_c2_fN.N_uN-facts,LMCut,CG-iLAO*-all,5,221.1409278,20.64757041811318,32892765.2,347763.0848286564,346937.4,900.78444157079,109018.6,362.7623787770722,751157.2,2194.758553113303,
(PARC-R),with-repair-parc_REPAIR_s4_c3_fN.N_uN-facts,LMCut,CG-iLAO*-all,5,316.1563406,7.092468994079403,46503479.4,1041812.3615319466,504581.2,1893.79115090973,147146.8,847.2593726504298,982439.4,4796.957536515827,
(PARC-R),with-repair-parc_REPAIR_s5_c1_fN.N_uN-facts,LMCut,CG-iLAO*-all,5,1245.518895,18.139393039404965,144582103.8,1411614.2802394754,1668411.0,8497.216416855581,386476.0,1686.036043600492,3433724.4,17138.216111922968,
(PARC-R),with-repair-parc_REPAIR_s5_c2_fN.N_uN-facts,LMCut,CG-iLAO*-all,0,,,,,,,,,,,
(PARC-R),with-repair-parc_REPAIR_s5_c3_fN.N_uN-facts,LMCut,CG-iLAO*-all,0,,,,,,,,,,,
(TriTW),intermediate-triangle-tireworld-tire6-start10,PDB,CG-iLAO*-all,2,1652.149146,74.11827024000014,301273330.5,11969732.739999998,5699943.0,279654.76,4284422.0,175780.63999999996,6670718.0,415747.3599999999,
(TriTW),intermediate-triangle-tireworld-tire6-start8,PDB,CG-iLAO*-all,5,201.492625,10.759298235386504,53108189.2,1128414.890018477,1355458.6,30493.12732361992,1013092.8,22093.24594598593,1570912.8,54247.43079794198,
(TriTW),intermediate-triangle-tireworld-tire6-start9,PDB,CG-iLAO*-all,5,582.9368622,40.613630155661774,129205637.8,2910914.593684264,2786962.2,61323.676739280265,2085550.8,44288.29697859857,3232662.6,109797.62035984028,
(BW),blocksworld-ippc04-p01,PDB,CG-iLAO*-all,5,0.5772134,0.1250490882738976,4369.0,541.8366736942046,401.2,21.80274257977652,132.2,8.507393490370596,560.8,29.552484565599556,
(BW),blocksworld-ippc04-p02,PDB,CG-iLAO*-all,5,0.4878862,0.0107834147484692,2918.6,95.18741563883326,317.8,8.090788836695713,106.6,2.9465260901610897,465.8,18.45316840003364,
(BW),blocksworld-ippc04-p03,PDB,CG-iLAO*-all,5,0.5024732000000001,0.0183852580701143,734.8,191.79518884476744,103.8,27.38674832834303,30.6,7.656553793972847,129.6,34.718012846359734,
(BW),blocksworld-ippc04-p04,PDB,CG-iLAO*-all,5,0.5047200000000001,0.0207435534067275,8198.2,189.05457345433356,648.6,18.287965879233266,236.8,6.48283148014816,1069.6,35.44078915599933,
(BW),blocksworld-ippc04-p05,PDB,CG-iLAO*-all,5,0.4855364,0.0045244697312387,1823.8,155.05495459352466,216.6,19.239973388754983,68.0,7.01230917743934,290.8,31.98705588202828,
(BW),blocksworld-ippc04-p06,PDB,CG-iLAO*-all,5,22.202259,0.408645425947202,864742.0,44389.41313372277,90745.0,1481.738610956737,17637.8,300.6312889637404,132045.6,2413.312637603342,
(BW),blocksworld-ippc04-p07,PDB,CG-iLAO*-all,0,,,,,,,,,,,
(BW),blocksworld-ippc04-p08,PDB,CG-iLAO*-all,5,10.5968714,0.3497889696440534,456149.4,16905.523256226526,22676.6,700.6460225363447,4015.6,160.9452421663964,31946.2,1230.8997246827216,
(BW),blocksworld-ippc04-p09,PDB,CG-iLAO*-all,5,9.2211198,0.2519962697989299,282272.0,19482.28554473422,17241.2,1388.2546482486562,2947.2,254.7708998767324,23812.2,1897.2391392294223,
(BW),blocksworld-ippc04-p10,PDB,CG-iLAO*-all,5,47.1779638,1.3237039279250808,2313503.8,21699.12637493556,208452.2,1533.1131275884372,42229.4,397.7103224408438,310212.8,3083.261877152831,
(BW),blocksworld-ippc08-p01-c0-C0-g1-n5,PDB,CG-iLAO*-all,5,0.2023056,0.0093547675897552,3655.6,134.24726654945346,274.8,4.529254243250206,153.0,2.5555273428394383,502.8,8.04316753524381,
(BW),blocksworld-ippc08-p02-c1-C1-g20-n5,PDB,CG-iLAO*-all,5,0.1938876,0.0130119215535821,3655.6,134.24726654945346,274.8,4.529254243250206,153.0,2.5555273428394383,502.8,8.04316753524381,
(BW),blocksworld-ippc08-p03-c1-C2-g40-n5,PDB,CG-iLAO*-all,5,0.1776266,0.0108730342501482,3655.6,134.24726654945346,274.8,4.529254243250206,153.0,2.5555273428394383,502.8,8.04316753524381,
(BW),blocksworld-ippc08-p04-c2-C1-g0-n5,PDB,CG-iLAO*-all,5,0.1957758,0.03610680836589,3655.6,134.24726654945346,274.8,4.529254243250206,153.0,2.5555273428394383,502.8,8.04316753524381,
(BW),blocksworld-ippc08-p05-c0-C0-g1-n10,PDB,CG-iLAO*-all,5,112.048,9.977230557162578,8338742.2,313953.9647633856,414855.2,938.9446229805036,135354.8,210.7792055777799,789585.2,1561.2258660629473,
(BW),blocksworld-ippc08-p06-c1-C1-g20-n10,PDB,CG-iLAO*-all,5,108.2690416,2.102931214404177,8338742.2,313953.9647633856,414855.2,938.9446229805036,135354.8,210.7792055777799,789585.2,1561.2258660629473,
(BW),blocksworld-ippc08-p07-c1-C2-g0-n10,PDB,CG-iLAO*-all,5,105.8796948,1.0333129618032688,8338742.2,313953.9647633856,414855.2,938.9446229805036,135354.8,210.7792055777799,789585.2,1561.2258660629473,
(BW),blocksworld-ippc08-p08-c3-C2-g0-n10,PDB,CG-iLAO*-all,5,106.8500534,2.517808990091864,8338742.2,313953.9647633856,414855.2,938.9446229805036,135354.8,210.7792055777799,789585.2,1561.2258660629473,
(BW),blocksworld-ippc08-p09-c0-C0-g1-n14,PDB,CG-iLAO*-all,0,,,,,,,,,,,
(BW),blocksworld-ippc08-p10-c1-C1-g20-n14,PDB,CG-iLAO*-all,0,,,,,,,,,,,
(BW),blocksworld-ippc08-p11-c1-C2-g0-n14,PDB,CG-iLAO*-all,0,,,,,,,,,,,
(BW),blocksworld-ippc08-p12-c3-C2-g0-n14,PDB,CG-iLAO*-all,0,,,,,,,,,,,
(Elev),elevators-ippc04-p01,PDB,CG-iLAO*-all,5,0.080162,0.0096566156919782,22308.8,2413.042710650601,620.4,34.25573143285661,460.6,44.03941616325085,2046.4,186.7825497630868,
(Elev),elevators-ippc04-p02,PDB,CG-iLAO*-all,5,0.0603618,0.0131837765889226,1079.0,49.44874518124802,75.8,1.6860557523403543,45.2,1.5679999999999998,200.6,7.217485434692611,
(Elev),elevators-ippc04-p03,PDB,CG-iLAO*-all,5,0.070294,0.0165991745855364,23873.4,2907.9493349809245,600.4,29.28609936471568,422.2,40.63586278153818,1894.4,171.92965380061696,
(Elev),elevators-ippc04-p04,PDB,CG-iLAO*-all,5,0.080936,0.0180119081057971,14246.4,652.2833473391759,403.4,17.938015943799357,285.0,11.76,1291.6,52.51410263919588,
(Elev),elevators-ippc04-p05,PDB,CG-iLAO*-all,5,0.0660251999999999,0.0131231705285904,8250.8,1299.1673970909214,353.0,32.35484507766959,205.4,22.904342295730736,939.6,96.867633892854,
(Elev),elevators-ippc04-p06,PDB,CG-iLAO*-all,5,0.2867582,0.0140436641311099,230162.8,31949.658750631806,3427.6,188.14019479101216,2448.2,133.28489990992978,11430.6,607.2574092228105,
(Elev),elevators-ippc04-p07,PDB,CG-iLAO*-all,5,0.2531516,0.0253836372630861,214768.4,19624.68091719853,3163.4,213.0643510679344,2367.2,156.18802074422993,10965.0,726.0579195628953,
(Elev),elevators-ippc04-p08,PDB,CG-iLAO*-all,5,1.7177942000000002,0.0848573521965086,2121036.2,133556.84775322507,13657.2,45.91339220750302,12667.0,57.60199579875683,57979.4,270.5862168256173,
(Elev),elevators-ippc04-p09,PDB,CG-iLAO*-all,5,1.0453478,0.0332603496378746,1190636.4,84853.12895929633,10082.6,65.78304292140946,8707.2,89.14316162219063,39847.6,424.3681089997221,
(Elev),elevators-ippc04-p10,PDB,CG-iLAO*-all,5,4.4982456,0.4463151313935422,7303225.8,759729.1563202087,14321.0,45.65159361950029,13969.0,47.42633023964641,63648.2,214.0499479654223,
(Elev),elevators-ippc04-p11,PDB,CG-iLAO*-all,5,384.191048,32.62201206023511,325193433.6,45370287.23619422,504886.6,2064.470949395026,482339.4,2808.0657128664207,2888267.6,15998.02200618864,
(Elev),elevators-ippc04-p12,PDB,CG-iLAO*-all,5,66.379818,2.301955225062658,41161804.6,2615397.1542899185,196322.4,4987.162963635336,152845.6,4413.999269625676,931898.4,26103.92087445746,
(Elev),elevators-ippc04-p13,PDB,CG-iLAO*-all,0,,,,,,,,,,,
(Elev),elevators-ippc04-p14,PDB,CG-iLAO*-all,5,152.0783672,4.313329647824336,80439432.2,4791376.038869307,352061.6,5624.0930579157375,308947.6,6126.578603228395,1859039.0,36689.784888309165,
(Elev),elevators-ippc04-p15,PDB,CG-iLAO*-all,5,553.8881026,85.20609445855844,366651467.0,32602132.03580477,523014.4,949.801641657878,510224.2,1156.8003022406242,3052950.0,6776.1860580240855,
(ExBW),exploding-blocksworld-ippc04-fixed-p01,PDB,CG-iLAO*-all,5,0.0796436,0.0165849020117435,212.8,20.16419956259112,75.8,8.16169982295355,20.6,1.920399958342012,62.2,6.241299864611537,
(ExBW),exploding-blocksworld-ippc04-fixed-p02,PDB,CG-iLAO*-all,5,0.088714,0.0162020730747987,61.0,0.0,22.0,0.0,6.0,0.0,19.0,0.0,
(ExBW),exploding-blocksworld-ippc04-fixed-p03,PDB,CG-iLAO*-all,5,0.0799046,0.0231977367605535,278.4,13.922899697979584,95.8,6.241299864611537,23.2,0.960199979171006,76.2,3.36069992709852,
(ExBW),exploding-blocksworld-ippc04-fixed-p04,PDB,CG-iLAO*-all,5,0.241218,0.0129728983798502,242005.2,1789.0926165584608,1166.6,22.014909856731187,674.4,8.80037817369231,1122.0,16.860557523403543,
(ExBW),exploding-blocksworld-ippc04-fixed-p05,PDB,CG-iLAO*-all,5,0.074591,0.0132018824936021,0.0,0.0,0.0,0.0,,,,,trivial (s0 in G)
(ExBW),exploding-blocksworld-ippc04-fixed-p06,PDB,CG-iLAO*-all,5,0.2420285999999999,0.005722688920605,13641.0,482.8276109751802,2746.6,133.57022518510627,651.0,23.68277010824536,2202.8,97.24918788349854,
(ExBW),exploding-blocksworld-ippc04-fixed-p07,PDB,CG-iLAO*-all,5,1.4610718,0.0641173641733799,802552.2,8162.991199175948,47200.0,529.4598177010225,10636.6,115.60112566925984,39602.6,498.3296049162642,
(ExBW),exploding-blocksworld-ippc04-fixed-p08,PDB,CG-iLAO*-all,5,0.2966154,0.0081408267339635,23798.8,617.2314792231516,7651.8,227.8447521976313,1052.4,16.510600715903706,5544.0,113.69351643783386,
(ExBW),exploding-blocksworld-ippc04-fixed-p09,PDB,CG-iLAO*-all,5,14.1217646,0.5404729293240462,10961624.8,487549.2764940851,250990.2,2040.632931985564,63730.0,494.3646887066268,226139.8,1708.249848676709,
(ExBW),exploding-blocksworld-ippc04-fixed-p10,PDB,CG-iLAO*-all,0,,,,,,,,,,,
(ExBW),exploding-blocksworld-ippc08-fixed-p01-n2-N5-s1,PDB,CG-iLAO*-all,5,0.6234724,0.028622771976021,807837.0,22880.56635641347,339.0,0.0,216.0,0.0,382.0,0.0,
(ExBW),exploding-blocksworld-ippc08-fixed-p02-n3-N5-s2,PDB,CG-iLAO*-all,5,0.616601,0.0187948939995223,777101.8,7348.310008696148,1229.6,26.511490640852312,759.0,4.800999895855028,1148.8,13.44279970839408,
(ExBW),exploding-blocksworld-ippc08-fixed-p03-n3-N6-s3,PDB,CG-iLAO*-all,5,1.0696976,0.0212533542093913,1469161.8,22229.78431493531,3907.2,14.763887834848925,2006.0,9.024517715645528,4177.4,19.984312247360428,
(ExBW),exploding-blocksworld-ippc08-fixed-p04-n4-N6-s4,PDB,CG-iLAO*-all,5,14.822391200000002,0.6572826611349973,18816886.0,41601.99608362272,30593.2,120.23829233650984,19380.6,50.1338729403584,36737.6,105.8211242427522,
(ExBW),exploding-blocksworld-ippc08-fixed-p05-n5-N7-s5,PDB,CG-iLAO*-all,5,0.1036605999999999,0.0161008099564194,1058.4,126.2148692349677,275.4,28.99607863142876,77.6,14.087478695636063,237.6,31.88601348553939,
(ExBW),exploding-blocksworld-ippc08-fixed-p06-n6-N8-s6,PDB,CG-iLAO*-all,5,32.720086200000004,1.04512159055786,47762361.8,607415.6538756667,12045.2,72.51046423792914,7099.0,24.667984108961964,10243.0,54.55000788267587,
(ExBW),exploding-blocksworld-ippc08-fixed-p07-n7-N9-s7,PDB,CG-iLAO*-all,5,0.1851132,0.0132939776755666,6906.4,843.3082160728662,1740.4,223.78067712829895,242.4,30.52570221960504,1248.2,161.26334011175632,
(ExBW),exploding-blocksworld-ippc08-fixed-p08-n8-N10-s8,PDB,CG-iLAO*-all,5,700.0652404,123.0877065034243,374674793.6,1107459.7408177424,1593466.4,7349.42916311301,548782.6,1290.3983573827113,1389562.8,5291.972683336904,
(ExBW),exploding-blocksworld-ippc08-fixed-p09-n9-N11-s9,PDB,CG-iLAO*-all,5,30.0430052,1.2214656554616994,10293062.2,50460.1731309775,608232.2,3741.9814392142566,168640.4,1533.7223050135249,539682.4,4054.46954923773,
(ExBW),exploding-blocksworld-ippc08-fixed-p10-n10-N12-s10,PDB,CG-iLAO*-all,0,,,,,,,,,,,
(ExBW),exploding-blocksworld-ippc08-fixed-p11-n11-N13-s11,PDB,CG-iLAO*-all,0,,,,,,,,,,,
(Rand),random-ippc04-p03-problem,PDB,CG-iLAO*-all,5,1.954946,0.0775448906070418,1053318.8,37344.32491107456,33212.2,743.5883017261634,3232.8,58.50000806837551,154596.6,2789.541629260262,
(Rand),random-ippc04-p04-problem,PDB,CG-iLAO*-all,5,123.5037906,4.837769100671974,245909830.0,0.0,84993.0,0.0,1024.0,0.0,289792.0,0.0,
(Rand),random-ippc04-p05-problem,PDB,CG-iLAO*-all,5,41.6254922,34.64696205365181,50135487.0,40116429.82904288,154586.8,123192.69712766088,616.2,490.662189356384,241856.6,192974.27041393452,
(Rand),random-ippc04-p06-problem,PDB,CG-iLAO*-all,0,,,,,,,,,,,
(Rand),random-ippc04-p07-problem,PDB,CG-iLAO*-all,5,0.2818736,0.0196415858186353,645.6,103.59040387989612,270.4,52.26846330245418,3.8,0.3919999999999999,264.6,51.54315566590777,
(Rand),random-ippc04-p08-problem,PDB,CG-iLAO*-all,0,,,,,,,,,,,
(Rand),random-ippc04-p09-problem,PDB,CG-iLAO*-all,5,1.059675,0.0291910349778146,26284.2,6699.7188753845485,6404.4,1539.7340849692196,9.6,2.368277010824536,9448.0,2299.90696124865,
(Rand),random-ippc04-p10-problem,PDB,CG-iLAO*-all,0,,,,,,,,,,,
(Rand),random-ippc04-p13-problem,PDB,CG-iLAO*-all,5,6.5941912,0.829246203870232,906529.2,146838.56560261894,125017.0,16074.461762684308,196.6,28.568975060369244,325904.8,48161.439704994526,
(RectTW),rectangle-tireworld-ippc08-unit-cost-p01-x5-y5-h2-v2-u0-s1,PDB,CG-iLAO*-all,5,0.3414245999999999,0.0128910965030945,1764.6,28.86328768522393,47.0,0.0,23.0,0.0,138.0,0.0,
(RectTW),rectangle-tireworld-ippc08-unit-cost-p02-x5-y5-h2-v3-u15-s2,PDB,CG-iLAO*-all,5,0.3974768,0.0157813573833147,356.0,0.0,34.0,0.0,11.0,0.0,11.0,0.0,unsolveable
(RectTW),rectangle-tireworld-ippc08-unit-cost-p03-x7-y7-h4-v3-u0-s3,PDB,CG-iLAO*-all,5,0.8637522000000001,0.0289425513690314,2493.8,22.68356021439315,92.0,0.6198064213930023,44.0,0.6198064213930023,292.6,3.1966632603388176,
(RectTW),rectangle-tireworld-ippc08-unit-cost-p04-x7-y7-h3-v4-u20-s4,PDB,CG-iLAO*-all,5,0.9528944,0.0203772823933657,3.0,0.0,5.0,0.0,1.0,0.0,0.0,0.0,unsolveable
(RectTW),rectangle-tireworld-ippc08-unit-cost-p05-x9-y9-h3-v5-u30-s5,PDB,CG-iLAO*-all,5,2.0555668,0.0276379984007392,3.0,0.0,5.0,0.0,1.0,0.0,0.0,0.0,unsolveable
(RectTW),rectangle-tireworld-ippc08-unit-cost-p06-x11-y11-h4-v3-u40-s6,PDB,CG-iLAO*-all,5,4.995799,0.5517805521271655,12819.4,1271.9138470572605,209.8,0.7333648478076924,84.6,0.4800999895855028,446.2,3.840799916684023,
(RectTW),rectangle-tireworld-ippc08-unit-cost-p07-x11-y11-h3-v5-u80-s7,PDB,CG-iLAO*-all,5,4.426806399999999,0.0937285796269602,3.0,0.0,5.0,0.0,1.0,0.0,0.0,0.0,unsolveable
(RectTW),rectangle-tireworld-ippc08-unit-cost-p08-x11-y11-h6-v7-u80-s8,PDB,CG-iLAO*-all,5,4.432991599999999,0.039385992063885,3.0,0.0,5.0,0.0,1.0,0.0,0.0,0.0,unsolveable
(RectTW),rectangle-tireworld-ippc08-unit-cost-p09-x15-y15-h4-v4-u60-s9,PDB,CG-iLAO*-all,5,27.3224364,9.251631316933164,65886.6,523.4200458675614,444.8,0.3919999999999999,203.6,1.3293366766925525,1113.4,5.8995674417706265,
(RectTW),rectangle-tireworld-ippc08-unit-cost-p10-x15-y15-h10-v10-u150-s10,PDB,CG-iLAO*-all,5,14.8454024,0.3188391989090701,377157.6,64657.94619741719,244.0,0.0,24.0,0.0,45.0,0.0,unsolveable
(RectTW),rectangle-tireworld-ippc08-unit-cost-p11-x20-y20-h5-v5-u80-s11,PDB,CG-iLAO*-all,5,122.2026108,11.314075719584274,98543.4,645.6796320900945,785.6,1.9203999583420115,381.2,1.1428665713896788,2334.2,6.9958547726493,
(RectTW),rectangle-tireworld-ippc08-unit-cost-p12-x20-y20-h15-v15-u300-s12,PDB,CG-iLAO*-all,5,136.6822176,3.8087089854101936,44526156.6,750069.74438188,774.0,0.0,435.4,0.4800999895855029,1358.0,0.0,unsolveable
(RectTW),rectangle-tireworld-ippc08-unit-cost-p14-x30-y30-h25-v20-u700-s14,PDB,CG-iLAO*-all,0,,,,,,,,,,,unsolveable
(Sched),schedule-ippc04-p01,PDB,CG-iLAO*-all,5,0.0575162,0.0100915698098276,1274.0,0.0,36.0,0.0,20.0,0.0,36.0,0.0,
(Sched),schedule-ippc04-p02,PDB,CG-iLAO*-all,5,0.0589868,0.0073225251490605,1958.0,0.0,36.0,0.0,20.0,0.0,36.0,0.0,
(Sched),schedule-ippc04-p03,PDB,CG-iLAO*-all,5,0.0711232,0.0087618201492374,4350.0,0.0,50.0,0.0,25.0,0.0,50.0,0.0,
(Sched),schedule-ippc04-p04,PDB,CG-iLAO*-all,0,,,,,,,,,,,
(Sched),schedule-ippc04-p05,PDB,CG-iLAO*-all,0,,,,,,,,,,,
(Sched),schedule-ippc08-p01,PDB,CG-iLAO*-all,5,0.0624164,0.0079376616048365,1600.0,0.0,50.0,0.0,25.0,0.0,50.0,0.0,
(Sched),schedule-ippc08-p02,PDB,CG-iLAO*-all,5,0.070701,0.007878513433769,2400.0,0.0,50.0,0.0,25.0,0.0,50.0,0.0,
(Sched),schedule-ippc08-p03,PDB,CG-iLAO*-all,5,0.0814208,0.0049393141920133,5055.0,0.0,66.0,0.0,30.0,0.0,66.0,0.0,
(Sched),schedule-ippc08-p04,PDB,CG-iLAO*-all,0,,,,,,,,,,,
(S&R),search-and-rescue-ippc08-strips-p01-z4,PDB,CG-iLAO*-all,5,0.290533,0.0066055761697038,495152.2,9793.745906243636,1076.0,0.0,794.0,0.0,2193.0,0.0,
(S&R),search-and-rescue-ippc08-strips-p02-z5,PDB,CG-iLAO*-all,5,0.9661856,0.0458888557081696,2005098.4,109129.0615467939,3906.0,0.0,2837.6,2.2857331427793577,9397.8,1.1428665713896788,
(S&R),search-and-rescue-ippc08-strips-p03-z6,PDB,CG-iLAO*-all,5,3.8543176,0.3326131774639311,7900288.0,207360.9056169626,13724.0,0.0,9863.2,2.352,38101.6,1.176,
(S&R),search-and-rescue-ippc08-strips-p04-z8,PDB,CG-iLAO*-all,5,66.1546864,3.7258796898069626,118443777.8,1612345.1318944315,159140.0,0.0,113624.0,14.349556090694932,560916.0,7.174778045347466,
(S&R),search-and-rescue-ippc08-strips-p05-z10,PDB,CG-iLAO*-all,5,1382.5996476,164.06776957329672,1614095241.4,36753949.07770485,1749740.0,0.0,1250770.8,39.6017017816154,7484911.4,19.80085089080769,
(Sys),sysadmin-ippc08-unit-cost-p01,PDB,CG-iLAO*-all,5,0.0868864,0.0142334318725996,24685.6,197.78293863728487,496.0,0.0,489.0,0.0,546.0,0.0,
(Sys),sysadmin-ippc08-unit-cost-p02,PDB,CG-iLAO*-all,5,0.207497,0.0103028702152904,127070.8,826.7331114114155,1605.0,0.0,1592.0,0.0,1780.0,0.0,
(Sys),sysadmin-ippc08-unit-cost-p03,PDB,CG-iLAO*-all,5,0.7337862,0.0243494439407076,477653.6,3422.630468691588,4716.0,0.0,4699.2,0.9601999791710056,5254.2,0.9601999791710056,
(Sys),sysadmin-ippc08-unit-cost-p04,PDB,CG-iLAO*-all,5,35.6136986,5.212575822760462,5621926.6,42035.52502562107,33117.0,3.6140614272588114,33073.8,4.176226047521853,37098.8,4.176226047521853,
(TriTW),triangle-tireworld-ippc08-p01,PDB,CG-iLAO*-all,5,0.0410504,0.0076717195628161,260.0,0.0,35.0,0.0,24.0,0.0,35.0,0.0,
(TriTW),triangle-tireworld-ippc08-p02,PDB,CG-iLAO*-all,5,0.0443256,0.0122283150701744,3146.8,41.38525031940727,355.6,4.452264143107414,232.4,2.880599937513017,371.0,6.441217276260753,
(TriTW),triangle-tireworld-ippc08-p03,PDB,CG-iLAO*-all,5,0.1455746,0.0179676928985848,54296.8,593.9131185484961,4468.2,39.11857543418471,2961.0,27.905059039536184,4917.0,43.97569146699117,
(TriTW),triangle-tireworld-ippc08-p04,PDB,CG-iLAO*-all,5,3.8093308,1.683665111562317,1411686.4,19072.112576700463,58692.4,1158.5060124556971,40822.2,906.1165852935262,65828.6,2009.7970933843048,
(TriTW),triangle-tireworld-ippc08-p05,PDB,CG-iLAO*-all,5,141.37638099999998,9.017551244565706,38359071.6,462718.82654764113,848008.2,17314.798674074842,622295.6,13356.484917561806,980387.8,31631.20725754589,
(Zeno),zenotravel-ippc04-unit-cost_NO_FORALLS-p01-problem,PDB,CG-iLAO*-all,5,0.1604315999999999,0.0071537366463307,0.0,0.0,0.0,0.0,,,,,trivial (s0 in G)
(Zeno),zenotravel-ippc04-unit-cost_NO_FORALLS-p02-problem,PDB,CG-iLAO*-all,5,30.7762612,1.0609067492280528,18738405.2,34901.549070014415,182834.4,400.3107953777914,112836.6,289.63176720794974,743770.6,1759.3986262402277,
(Zeno),zenotravel-ippc04-unit-cost_NO_FORALLS-p03-problem,PDB,CG-iLAO*-all,5,526.0060976,28.14097480576641,340854767.2,307315.89844636555,1241187.2,1480.174870663598,907422.6,1615.350216323383,6662332.8,11566.337618509326,
(Zeno),zenotravel-ippc04-unit-cost_NO_FORALLS-p04-problem,PDB,CG-iLAO*-all,5,33.1941116,1.077407864639802,18547148.4,16468.656355210525,180692.2,371.2673575524786,88376.2,170.11558019182132,739049.4,1216.761559261304,
(Zeno),zenotravel-ippc04-unit-cost_NO_FORALLS-p05-problem,PDB,CG-iLAO*-all,5,123.4654978,4.657966883529367,70481402.4,200720.31930199332,447836.4,561.276244514232,268598.2,414.6409531920357,2056354.4,6418.811974895042,
(Zeno),zenotravel-ippc08-unit-cost_NO_FORALLS-p01-c4-p2-a2-s3846-problem,PDB,CG-iLAO*-all,5,2.1533092,0.1083714309765531,1400713.0,2606.1693342375124,24862.4,115.63103016059311,14955.6,23.46767512984616,77685.8,235.2844281800221,
(Zeno),zenotravel-ippc08-unit-cost_NO_FORALLS-p02-c5-p2-a2-s17462-problem,PDB,CG-iLAO*-all,5,1.585347,0.055065781170929,761808.2,3810.939718261626,14615.0,89.89543792651548,8464.6,26.785391839583006,52191.6,156.71128490316195,
(Zeno),zenotravel-ippc08-unit-cost_NO_FORALLS-p04-c6-p2-a2-s12861-problem,PDB,CG-iLAO*-all,5,11.5366518,0.6340386064321759,7770764.4,24063.140118631567,93584.2,402.2898925700222,47638.0,367.36904866904615,301844.4,2338.855820801273,
(Coresec),coresec-icaps16-bigger-p01-problem,PDB,CG-iLAO*-all,5,0.0682908,0.0079768925919147,10338.0,172.72927441519573,1277.2,10.397241172541875,420.6,4.537728065893768,1638.6,17.29470948006933,
(Coresec),coresec-icaps16-bigger-p02-problem,PDB,CG-iLAO*-all,5,0.085982,0.0053408929002105,10803.2,158.62976386542343,1762.0,3.0990321069650117,415.0,1.2396128427860047,1786.8,3.061617872955409,
(Coresec),coresec-icaps16-bigger-p03-problem,PDB,CG-iLAO*-all,5,0.3893408,0.0124289607574721,264573.4,2294.803841537659,11521.8,41.86057123356058,6034.4,31.534688455730784,33234.6,106.15639375939634,
(Coresec),coresec-icaps16-bigger-p04-problem,PDB,CG-iLAO*-all,5,0.4451622,0.0151500672566924,277385.8,3874.756633480869,18114.8,120.69271951530465,5975.6,43.04688346442748,35057.0,202.10346855014637,
(Coresec),coresec-icaps16-bigger-p05-problem,PDB,CG-iLAO*-all,5,1.5382064,0.0550761668006299,993078.0,7805.437296520931,79526.8,364.3441253320821,15069.2,58.19384902204012,118650.2,532.4419997558418,
(Coresec),coresec-icaps16-bigger-p06-problem,PDB,CG-iLAO*-all,5,26.4522242,1.5979862121328685,15192990.4,63586.90328672733,934404.6,2440.0906311233607,191429.2,367.4272898737925,1961313.6,3860.118097563338,
(Coresec),coresec-icaps16-bigger-p07-problem,PDB,CG-iLAO*-all,0,,,,,,,,,,,
(PARC-N),no-repair-parc_NOREPAIR_s4_c1_fN.N_uN-facts,PDB,CG-iLAO*-all,0,,,,,,,,,,,
(PARC-N),no-repair-parc_NOREPAIR_s4_c2_fN.N_uN-facts,PDB,CG-iLAO*-all,0,,,,,,,,,,,
(PARC-N),no-repair-parc_NOREPAIR_s4_c3_fN.N_uN-facts,PDB,CG-iLAO*-all,0,,,,,,,,,,,
(PARC-N),no-repair-parc_NOREPAIR_s5_c1_fN.N_uN-facts,PDB,CG-iLAO*-all,0,,,,,,,,,,,
(PARC-N),no-repair-parc_NOREPAIR_s5_c2_fN.N_uN-facts,PDB,CG-iLAO*-all,0,,,,,,,,,,,
(PARC-N),no-repair-parc_NOREPAIR_s5_c3_fN.N_uN-facts,PDB,CG-iLAO*-all,0,,,,,,,,,,,
(PARC-R),with-repair-parc_REPAIR_s4_c1_fN.N_uN-facts,PDB,CG-iLAO*-all,0,,,,,,,,,,,
(PARC-R),with-repair-parc_REPAIR_s4_c2_fN.N_uN-facts,PDB,CG-iLAO*-all,0,,,,,,,,,,,
(PARC-R),with-repair-parc_REPAIR_s4_c3_fN.N_uN-facts,PDB,CG-iLAO*-all,0,,,,,,,,,,,
(PARC-R),with-repair-parc_REPAIR_s5_c1_fN.N_uN-facts,PDB,CG-iLAO*-all,0,,,,,,,,,,,
(PARC-R),with-repair-parc_REPAIR_s5_c2_fN.N_uN-facts,PDB,CG-iLAO*-all,0,,,,,,,,,,,
(PARC-R),with-repair-parc_REPAIR_s5_c3_fN.N_uN-facts,PDB,CG-iLAO*-all,0,,,,,,,,,,,
(TriTW),intermediate-triangle-tireworld-tire6-start10,ROC,CG-iLAO*-all-elim,0,,,,,,,,,,,
(TriTW),intermediate-triangle-tireworld-tire6-start8,ROC,CG-iLAO*-all-elim,5,432.0554042,21.344725028440298,60113615.4,3682172.128622689,910701.6,23822.78857983036,741486.0,8801.893882114235,1095561.4,9612.590210282346,
(TriTW),intermediate-triangle-tireworld-tire6-start9,ROC,CG-iLAO*-all-elim,5,1038.3590958,47.24996808786538,153624521.2,6909589.998046896,1874449.8,49710.84343988607,1530868.2,18126.00392903588,2255477.2,19560.181248851044,
(BW),blocksworld-ippc04-p01,ROC,CG-iLAO*-all-elim,5,0.2055391999999999,0.0074478399333326,5288.4,542.2939957771983,392.2,9.56993960273522,129.0,3.2206086381303765,538.2,29.06753350389399,
(BW),blocksworld-ippc04-p02,ROC,CG-iLAO*-all-elim,5,0.1792002,0.0108913279470918,3191.8,425.8955976104941,321.8,9.387561131625189,105.4,3.196663260338817,458.0,26.931284410514102,
(BW),blocksworld-ippc04-p03,ROC,CG-iLAO*-all-elim,5,0.1416002,0.0049737786752271,780.4,236.60585507548203,109.8,32.91633126580178,32.6,9.14293257111743,136.0,40.68121532107909,
(BW),blocksworld-ippc04-p04,ROC,CG-iLAO*-all-elim,5,0.2579476,0.0040859749425095,11280.8,196.5669918984365,645.6,19.703606167399915,232.8,6.829130544952262,1010.0,38.52783720895841,
(BW),blocksworld-ippc04-p05,ROC,CG-iLAO*-all-elim,5,0.172331,0.0159544730543781,2044.2,281.4981723279922,233.4,19.26990025921255,72.8,6.48283148014816,317.0,35.99682874921067,
(BW),blocksworld-ippc04-p06,ROC,CG-iLAO*-all-elim,5,90.4246176,12.14759356140114,1371419.2,57252.67467650034,90954.8,1420.2115097914111,17692.2,290.641235450168,131804.0,2337.966756889413,
(BW),blocksworld-ippc04-p07,ROC,CG-iLAO*-all-elim,0,,,,,,,,,,,
(BW),blocksworld-ippc04-p08,ROC,CG-iLAO*-all-elim,5,21.9489434,0.6014313264281478,558007.2,10641.7408325999,22749.2,419.701129929382,4019.2,108.69503348359574,30727.6,750.7743094805521,
(BW),blocksworld-ippc04-p09,ROC,CG-iLAO*-all-elim,5,15.5029096,0.7841950453668943,301814.0,11701.410558574553,16539.6,749.3051033163995,2800.8,135.4491889381402,22044.8,925.7122536425668,
(BW),blocksworld-ippc04-p10,ROC,CG-iLAO*-all-elim,5,197.8928768,8.513584967115118,3710234.2,64769.74696216424,208414.0,1373.769299176539,42269.2,332.2332398541723,309628.2,2594.7482337490856,
(BW),blocksworld-ippc08-p01-c0-C0-g1-n5,ROC,CG-iLAO*-all-elim,5,0.1519962,0.0117634958982533,2017.8,261.1360011641443,184.0,21.772768312734144,96.6,13.784249562453518,309.4,44.87330003465312,
(BW),blocksworld-ippc08-p02-c1-C1-g20-n5,ROC,CG-iLAO*-all-elim,5,0.1550242,0.0109710777107768,2017.8,261.1360011641443,184.0,21.772768312734144,96.6,13.784249562453518,309.4,44.87330003465312,
(BW),blocksworld-ippc08-p03-c1-C2-g40-n5,ROC,CG-iLAO*-all-elim,5,0.1506146,0.008837172865188,2017.8,261.1360011641443,184.0,21.772768312734144,96.6,13.784249562453518,309.4,44.87330003465312,
(BW),blocksworld-ippc08-p04-c2-C1-g0-n5,ROC,CG-iLAO*-all-elim,5,0.1549318,0.0102375852494884,2017.8,261.1360011641443,184.0,21.772768312734144,96.6,13.784249562453518,309.4,44.87330003465312,
(BW),blocksworld-ippc08-p05-c0-C0-g1-n10,ROC,CG-iLAO*-all-elim,5,406.28876520000006,29.93945216552196,9412576.4,110043.94230150252,398550.2,4334.177360457691,131891.0,1656.2114816170065,757331.6,9639.315939908598,
(BW),blocksworld-ippc08-p06-c1-C1-g20-n10,ROC,CG-iLAO*-all-elim,5,390.1136892,7.452880324881754,9412576.4,110043.94230150252,398550.2,4334.177360457691,131891.0,1656.2114816170065,757331.6,9639.315939908598,
(BW),blocksworld-ippc08-p07-c1-C2-g0-n10,ROC,CG-iLAO*-all-elim,5,406.1275326,28.39106597734573,9412576.4,110043.94230150252,398550.2,4334.177360457691,131891.0,1656.2114816170065,757331.6,9639.315939908598,
(BW),blocksworld-ippc08-p08-c3-C2-g0-n10,ROC,CG-iLAO*-all-elim,5,436.2067152,29.93132276157912,9412576.4,110043.94230150252,398550.2,4334.177360457691,131891.0,1656.2114816170065,757331.6,9639.315939908598,
(BW),blocksworld-ippc08-p09-c0-C0-g1-n14,ROC,CG-iLAO*-all-elim,5,362.0367574,28.015244950846057,1423164.2,83335.49837205501,91199.2,5568.732546214083,14114.2,907.3683196938274,116339.8,7506.427370699326,
(BW),blocksworld-ippc08-p10-c1-C1-g20-n14,ROC,CG-iLAO*-all-elim,5,345.4293864,52.26021779733775,1423164.2,83335.49837205501,91199.2,5568.732546214083,14114.2,907.3683196938274,116339.8,7506.427370699326,
(BW),blocksworld-ippc08-p11-c1-C2-g0-n14,ROC,CG-iLAO*-all-elim,5,320.8248026,56.19643117168428,1423164.2,83335.49837205501,91199.2,5568.732546214083,14114.2,907.3683196938274,116339.8,7506.427370699326,
(BW),blocksworld-ippc08-p12-c3-C2-g0-n14,ROC,CG-iLAO*-all-elim,5,342.6118136,133.63875397178296,1423164.2,83335.49837205501,91199.2,5568.732546214083,14114.2,907.3683196938274,116339.8,7506.427370699326,
(Elev),elevators-ippc04-p01,ROC,CG-iLAO*-all-elim,5,0.1703342,0.007511470956508,44445.8,7626.028903426999,768.8,17.458308738248384,647.4,29.23358233265297,2850.4,111.27657262874338,
(Elev),elevators-ippc04-p02,ROC,CG-iLAO*-all-elim,5,0.0703704,0.0074452076783563,2069.4,66.71374742884707,125.8,1.6860557523403543,69.8,1.1428665713896788,314.8,4.935153898309554,
(Elev),elevators-ippc04-p03,ROC,CG-iLAO*-all-elim,5,0.1726844,0.010710534186563,45251.2,2924.875657128692,746.6,7.580919205478975,638.6,19.547008364453117,2799.0,82.24529944015038,
(Elev),elevators-ippc04-p04,ROC,CG-iLAO*-all-elim,5,0.1367232,0.0110859275724958,33892.8,1454.4810439136013,573.8,12.104487762809296,440.8,5.417547784745419,1831.6,55.84658786353916,
(Elev),elevators-ippc04-p05,ROC,CG-iLAO*-all-elim,5,0.1226097999999999,0.0177231620993474,18434.2,2325.4283194422483,547.0,39.7981366397976,392.6,35.27237695421163,1727.6,155.7214757700427,
(Elev),elevators-ippc04-p06,ROC,CG-iLAO*-all-elim,5,1.3087244,0.0926090032249172,628421.4,110104.4014191684,6290.4,229.76400435229183,4711.4,163.3052898592082,21930.2,791.9475501218499,
(Elev),elevators-ippc04-p07,ROC,CG-iLAO*-all-elim,5,1.2366674,0.0680539367208576,536855.6,41819.7069397835,6077.6,278.3107519590287,4774.6,261.07950439664927,22292.6,1177.756742530477,
(Elev),elevators-ippc04-p08,ROC,CG-iLAO*-all-elim,5,4.6092838,0.3999606125437128,3755931.0,166344.199377384,14444.6,21.5920489069472,13971.8,32.24423396516034,61782.0,133.03044283170675,
(Elev),elevators-ippc04-p09,ROC,CG-iLAO*-all-elim,5,2.9960668,0.0990375056010248,1958919.0,152974.57429976002,12134.6,121.37544305171454,11307.0,112.15242627781174,51557.0,545.0956983136081,
(Elev),elevators-ippc04-p10,ROC,CG-iLAO*-all-elim,5,8.560019800000001,0.5627108732564617,12428507.4,1378805.210439083,14635.6,48.857103639082005,14427.2,66.27408953731465,61183.4,271.7019557088244,
(Elev),elevators-ippc04-p11,ROC,CG-iLAO*-all-elim,5,543.7189172000001,50.180398953898425,564674079.0,68584831.29321969,517040.4,1488.448390108303,500725.2,1846.4707806797269,2863596.8,17960.381863986746,
(Elev),elevators-ippc04-p12,ROC,CG-iLAO*-all-elim,5,105.6836514,4.795335333116952,93067469.8,9438368.5395316,263104.0,2404.0763491703,216663.2,2329.058309665947,1306762.0,14280.045887534114,
(Elev),elevators-ippc04-p13,ROC,CG-iLAO*-all-elim,0,,,,,,,,,,,
(Elev),elevators-ippc04-p14,ROC,CG-iLAO*-all-elim,5,200.3163794,5.841372064866529,164368774.2,13409183.915647397,456886.4,4016.177102003346,428735.0,4774.9337612327145,2569268.6,28325.041835321903,
(Elev),elevators-ippc04-p15,ROC,CG-iLAO*-all-elim,5,669.5565188,38.03061610765922,661477421.6,52133530.65814655,527301.0,787.8695356973767,515568.0,988.460083159659,2942408.2,4903.2694593285405,
(ExBW),exploding-blocksworld-ippc04-fixed-p01,ROC,CG-iLAO*-all-elim,5,0.0670892,0.0082024451749307,162.0,0.0,56.0,0.0,15.0,0.0,47.0,0.0,
(ExBW),exploding-blocksworld-ippc04-fixed-p02,ROC,CG-iLAO*-all-elim,5,0.0774448,0.0108693054686113,92.4,9.121899802124554,37.0,2.400499947927514,9.2,0.960199979171006,29.6,2.880599937513017,
(ExBW),exploding-blocksworld-ippc04-fixed-p03,ROC,CG-iLAO*-all-elim,5,0.0751824,0.0146702736648808,239.6,15.930351408553422,85.6,6.635113864885816,17.8,1.1428665713896788,66.0,3.870689860993774,
(ExBW),exploding-blocksworld-ippc04-fixed-p04,ROC,CG-iLAO*-all-elim,5,0.1763702,0.0069468727790786,42538.6,1036.2361886442686,669.2,23.596641794967347,241.2,5.2004676712772655,400.6,19.239973388754983,
(ExBW),exploding-blocksworld-ippc04-fixed-p05,ROC,CG-iLAO*-all-elim,5,0.0635868,0.0128987948963515,0.0,0.0,0.0,0.0,,,,,trivial (s0 in G)
(ExBW),exploding-blocksworld-ippc04-fixed-p06,ROC,CG-iLAO*-all-elim,5,0.5339778,0.0337105520211826,11054.2,851.4302716159439,1685.6,132.019640720614,406.2,25.475476521549112,1096.0,251.62308701707,
(ExBW),exploding-blocksworld-ippc04-fixed-p07,ROC,CG-iLAO*-all-elim,5,11.245955599999998,0.3189189142333071,792125.6,12757.12357516756,41743.8,866.4018992961637,8038.8,268.7433757025464,29045.2,1142.629469208632,
(ExBW),exploding-blocksworld-ippc04-fixed-p08,ROC,CG-iLAO*-all-elim,5,0.8929904000000001,0.0229326195241785,8352.6,225.1668951156008,2757.8,92.17919800041656,350.4,7.681599833368045,1948.6,49.93039891689229,
(ExBW),exploding-blocksworld-ippc04-fixed-p09,ROC,CG-iLAO*-all-elim,5,47.7603456,0.7005141968785956,6777934.6,217889.2359706957,185871.0,1165.6390415561757,40456.2,353.20015750845863,141824.4,1435.613315881404,
(ExBW),exploding-blocksworld-ippc04-fixed-p10,ROC,CG-iLAO*-all-elim,5,261.7306596,4.888799540587299,52602483.2,502065.2083762612,739345.4,5821.891984056042,186650.8,1482.367890121747,568888.6,4675.022371190965,
(ExBW),exploding-blocksworld-ippc08-fixed-p01-n2-N5-s1,ROC,CG-iLAO*-all-elim,5,0.0902332,0.0084986919780342,1217.0,3.7701352760875833,183.8,1.900290504107201,52.0,0.0,107.0,1.0735362127101256,
(ExBW),exploding-blocksworld-ippc08-fixed-p02-n3-N5-s2,ROC,CG-iLAO*-all-elim,5,0.1760746,0.0047758523147618,52172.4,3183.5327135897314,768.4,27.78503078997754,321.8,5.592014306133344,455.8,13.44279970839408,
(ExBW),exploding-blocksworld-ippc08-fixed-p03-n3-N6-s3,ROC,CG-iLAO*-all-elim,5,0.2343012,0.0154305352258975,57213.0,1909.2571170169824,851.4,1.4667296956153848,228.2,0.7333648478076924,453.0,0.0,
(ExBW),exploding-blocksworld-ippc08-fixed-p04-n4-N6-s4,ROC,CG-iLAO*-all-elim,5,0.3157502,0.0150377348556777,46092.8,462.9383080109054,1446.6,20.261129682226503,492.8,9.788232935520078,1047.6,23.921637402151216,
(ExBW),exploding-blocksworld-ippc08-fixed-p05-n5-N7-s5,ROC,CG-iLAO*-all-elim,5,0.1022764,0.021372408566795,382.4,57.04105132270968,84.8,2.510024701073677,24.6,0.7839999999999999,61.4,4.744657627268801,
(ExBW),exploding-blocksworld-ippc08-fixed-p06-n6-N8-s6,ROC,CG-iLAO*-all-elim,5,0.3205352,0.0134128850629558,14792.4,321.79511359869963,1112.0,28.785988258178666,301.2,7.023257363930216,661.4,25.028210003913586,
(ExBW),exploding-blocksworld-ippc08-fixed-p07-n7-N9-s7,ROC,CG-iLAO*-all-elim,5,0.4515042,0.0494543425571836,6655.4,868.0009095479106,1549.8,278.21880695596406,218.0,37.43548690747858,914.0,256.7682288757704,
(ExBW),exploding-blocksworld-ippc08-fixed-p08-n8-N10-s8,ROC,CG-iLAO*-all-elim,5,52.7822868,2.4553042251598,12672241.0,95227.2940839581,161578.0,5542.971934881143,36014.8,807.9650162129545,107448.0,3268.3548619083576,
(ExBW),exploding-blocksworld-ippc08-fixed-p09-n9-N11-s9,ROC,CG-iLAO*-all-elim,5,8.029292799999999,0.2183381695189508,1735846.8,5333.061113085429,26812.8,670.328997600432,5796.8,88.89502159288784,16168.4,354.2173905612202,
(ExBW),exploding-blocksworld-ippc08-fixed-p10-n10-N12-s10,ROC,CG-iLAO*-all-elim,5,212.7072646,16.356141803631527,129529235.6,6128563.759952205,216712.4,2846.161183168655,54978.4,619.0838017070063,135101.6,1610.8884076856473,
(ExBW),exploding-blocksworld-ippc08-fixed-p11-n11-N13-s11,ROC,CG-iLAO*-all-elim,5,455.9490354,33.570149216966215,14542952.6,139334.92486900682,1567910.8,12010.474198301414,316269.0,2200.784409359536,1020073.2,9102.575553074195,
(Rand),random-ippc04-p03-problem,ROC,CG-iLAO*-all-elim,5,0.2746503999999999,0.0224176224844566,3254.4,577.1944096194972,381.0,58.62988725897398,10.8,1.900290504107201,518.4,91.21394419714564,
(Rand),random-ippc04-p04-problem,ROC,CG-iLAO*-all-elim,5,0.4793459999999999,0.0122327370610047,1949.0,0.0,225.2,6.658232798573507,2.0,0.0,557.0,0.0,
(Rand),random-ippc04-p05-problem,ROC,CG-iLAO*-all-elim,5,32.524821,2.6323269935384683,54763.0,5418.122624142055,11662.2,1001.2735151915284,61.0,5.78116943187103,14051.6,1404.9959749180778,
(Rand),random-ippc04-p06-problem,ROC,CG-iLAO*-all-elim,5,1.4640254,0.1018014661572263,10362.0,510.2008381020163,608.6,52.31988623840842,16.0,0.0,1130.4,52.72217840719407,
(Rand),random-ippc04-p07-problem,ROC,CG-iLAO*-all-elim,5,0.6218678,0.2874824705746152,1973.6,1697.476509627158,718.6,590.0572105957184,7.8,4.973922395856212,706.6,582.0423207430881,
(Rand),random-ippc04-p08-problem,ROC,CG-iLAO*-all-elim,0,,,,,,,,,,,
(Rand),random-ippc04-p09-problem,ROC,CG-iLAO*-all-elim,5,4.999834,0.5501455196995471,11283.8,3398.830478629965,2408.8,590.3555790064154,3.6,0.7839999999999999,3689.8,953.7871133035924,
(Rand),random-ippc04-p10-problem,ROC,CG-iLAO*-all-elim,0,,,,,,,,,,,
(Rand),random-ippc04-p13-problem,ROC,CG-iLAO*-all-elim,5,59.8501584,16.19516084872198,158768.4,25699.39364007984,20617.6,3160.8991523451045,26.2,3.9880100300776578,48143.4,7393.60420598885,
(RectTW),rectangle-tireworld-ippc08-unit-cost-p01-x5-y5-h2-v2-u0-s1,ROC,CG-iLAO*-all-elim,5,0.1865846,0.0104978025702647,1949.2,44.217009215911474,48.0,0.0,24.0,0.0,79.6,1.4667296956153848,
(RectTW),rectangle-tireworld-ippc08-unit-cost-p02-x5-y5-h2-v3-u15-s2,ROC,CG-iLAO*-all-elim,5,0.1840214,0.0055906245316186,356.0,0.0,34.0,0.0,11.0,0.0,11.0,0.0,unsolveable
(RectTW),rectangle-tireworld-ippc08-unit-cost-p03-x7-y7-h4-v3-u0-s3,ROC,CG-iLAO*-all-elim,5,0.5169273999999999,0.0225154866498154,4876.6,150.54356690340506,96.0,0.0,48.0,0.0,157.2,3.528,
(RectTW),rectangle-tireworld-ippc08-unit-cost-p04-x7-y7-h3-v4-u20-s4,ROC,CG-iLAO*-all-elim,5,0.4342711999999999,0.010983467674132,3.0,0.0,5.0,0.0,1.0,0.0,0.0,0.0,unsolveable
(RectTW),rectangle-tireworld-ippc08-unit-cost-p05-x9-y9-h3-v5-u30-s5,ROC,CG-iLAO*-all-elim,5,1.0977718,0.0470852782652946,3.0,0.0,5.0,0.0,1.0,0.0,0.0,0.0,unsolveable
(RectTW),rectangle-tireworld-ippc08-unit-cost-p06-x11-y11-h4-v3-u40-s6,ROC,CG-iLAO*-all-elim,5,5.2154238,0.7192388828600498,21702.0,933.3755839103572,240.0,0.0,115.0,0.0,454.6,10.063030159946852,
(RectTW),rectangle-tireworld-ippc08-unit-cost-p07-x11-y11-h3-v5-u80-s7,ROC,CG-iLAO*-all-elim,5,2.627496,0.0833323502952259,3.0,0.0,5.0,0.0,1.0,0.0,0.0,0.0,unsolveable
(RectTW),rectangle-tireworld-ippc08-unit-cost-p08-x11-y11-h6-v7-u80-s8,ROC,CG-iLAO*-all-elim,5,2.7633632,0.2368184788479478,3.0,0.0,5.0,0.0,1.0,0.0,0.0,0.0,unsolveable
(RectTW),rectangle-tireworld-ippc08-unit-cost-p09-x15-y15-h4-v4-u60-s9,ROC,CG-iLAO*-all-elim,5,29.738219800000003,3.290329661484646,97722.8,1283.9405437573812,449.0,0.0,223.0,0.0,877.2,12.783648305550336,
(RectTW),rectangle-tireworld-ippc08-unit-cost-p10-x15-y15-h10-v10-u150-s10,ROC,CG-iLAO*-all-elim,5,14.5474766,0.84619426802719,377608.8,64735.72239573004,244.0,0.0,24.0,0.0,45.0,0.0,unsolveable
(RectTW),rectangle-tireworld-ippc08-unit-cost-p11-x20-y20-h5-v5-u80-s11,ROC,CG-iLAO*-all-elim,5,200.713166,2.1104124012806698,185483.4,2775.6909794168364,793.0,0.0,392.0,0.0,1790.0,8.85260639585879,
(RectTW),rectangle-tireworld-ippc08-unit-cost-p12-x20-y20-h15-v15-u300-s12,ROC,CG-iLAO*-all-elim,5,208.2500312,9.157242071032352,44655884.6,796925.182326636,774.0,0.0,434.6,0.7839999999999999,1358.0,0.0,unsolveable
(RectTW),rectangle-tireworld-ippc08-unit-cost-p14-x30-y30-h25-v20-u700-s14,ROC,CG-iLAO*-all-elim,0,,,,,,,,,,,unsolveable
(Sched),schedule-ippc04-p01,ROC,CG-iLAO*-all-elim,5,0.0649838,0.0087236976440442,1595.0,0.0,36.0,0.0,20.0,0.0,28.0,0.0,
(Sched),schedule-ippc04-p02,ROC,CG-iLAO*-all-elim,5,0.0592438,0.0088973386528278,2323.0,0.0,36.0,0.0,20.0,0.0,28.0,0.0,
(Sched),schedule-ippc04-p03,ROC,CG-iLAO*-all-elim,5,0.0792248,0.0081555926289181,4964.0,0.0,50.0,0.0,25.0,0.0,40.0,0.0,
(Sched),schedule-ippc04-p04,ROC,CG-iLAO*-all-elim,5,33.0877352,0.9612973375389148,34120156.8,1074382.174625161,69000.8,739.6400661294654,37680.2,394.8314798797076,88347.6,906.1611427202116,
(Sched),schedule-ippc04-p05,ROC,CG-iLAO*-all-elim,5,1528.8748788,132.58874763841445,772297760.8,2039002.3503593376,1509678.8,2872.9877229504477,705166.4,2464.1383628879285,2196915.6,5779.930753392811,
(Sched),schedule-ippc08-p01,ROC,CG-iLAO*-all-elim,5,0.0761464,0.0138998287835935,2164.0,0.0,50.0,0.0,25.0,0.0,40.0,0.0,
(Sched),schedule-ippc08-p02,ROC,CG-iLAO*-all-elim,5,0.0773868,0.0131309187873105,2964.0,0.0,50.0,0.0,25.0,0.0,40.0,0.0,
(Sched),schedule-ippc08-p03,ROC,CG-iLAO*-all-elim,5,0.088234,0.0073901161782153,6005.0,0.0,66.0,0.0,30.0,0.0,54.0,0.0,
(Sched),schedule-ippc08-p04,ROC,CG-iLAO*-all-elim,5,1218.9642722,61.664084032070775,762974124.8,20777803.963139623,1491187.2,7306.025431035948,743407.4,2949.987567990075,2188413.8,8651.431616488915,
(S&R),search-and-rescue-ippc08-strips-p01-z4,ROC,CG-iLAO*-all-elim,5,0.3665312,0.0252953898008863,498318.2,5745.034948452793,1076.0,0.0,809.0,2.147072425420251,1830.0,6.984863635032541,
(S&R),search-and-rescue-ippc08-strips-p02-z5,ROC,CG-iLAO*-all-elim,5,1.256827,0.0354331626582375,2116147.4,22696.95956341148,3906.0,0.0,2858.6,5.170835135642983,8256.6,25.02053428686126,
(S&R),search-and-rescue-ippc08-strips-p03-z6,ROC,CG-iLAO*-all-elim,5,4.9579084,0.2279031585760233,8299788.0,57107.19953925249,13724.0,0.0,9904.2,4.736554021649072,34696.2,62.297174767400165,
(S&R),search-and-rescue-ippc08-strips-p04-z8,ROC,CG-iLAO*-all-elim,5,83.6995406,2.5129981483004307,123925087.4,1845461.3166926363,159140.0,0.0,113769.0,29.956597937683103,533223.8,325.5898055897942,
(S&R),search-and-rescue-ippc08-strips-p05-z10,ROC,CG-iLAO*-all-elim,5,1511.3650496,74.84641489226671,1693793245.2,11024682.543551467,1749740.0,0.0,1251364.2,51.83597885638893,7303091.0,1472.7593116052603,
(Sys),sysadmin-ippc08-unit-cost-p01,ROC,CG-iLAO*-all-elim,5,0.1500497999999999,0.0083156799079271,29511.4,510.9433171849887,442.0,0.0,428.6,0.4800999895855029,456.4,2.2000945434230776,
(Sys),sysadmin-ippc08-unit-cost-p02,ROC,CG-iLAO*-all-elim,5,0.4611542,0.0208321258702702,184032.4,3367.7699985741306,1564.0,0.0,1541.0,0.0,1636.6,8.166405329151866,
(Sys),sysadmin-ippc08-unit-cost-p03,ROC,CG-iLAO*-all-elim,5,1.4768464,0.0627976701453467,603483.2,11876.75272905452,4705.0,0.0,4676.0,0.0,5162.2,11.283200964265411,
(Sys),sysadmin-ippc08-unit-cost-p04,ROC,CG-iLAO*-all-elim,5,15.7331786,1.11659860239271,7077779.6,55957.81542879543,33071.0,0.0,33016.0,0.6198064213930023,35595.6,51.319073413303165,
(TriTW),triangle-tireworld-ippc08-p01,ROC,CG-iLAO*-all-elim,5,0.056479,0.0123771581711926,351.2,0.9601999791710056,35.8,0.9601999791710056,24.4,0.4800999895855028,24.4,0.4800999895855028,
(TriTW),triangle-tireworld-ippc08-p02,ROC,CG-iLAO*-all-elim,5,0.1127288,0.015091069078198,5595.2,126.81124265616198,360.2,6.022018266328988,239.2,3.123725980299808,310.2,2.432296034614208,
(TriTW),triangle-tireworld-ippc08-p03,ROC,CG-iLAO*-all-elim,5,0.8623626,0.0329339087216919,93214.0,1821.9276966553855,4038.0,63.168583330639926,2757.2,34.28263560463226,4119.0,62.597380136871536,
(TriTW),triangle-tireworld-ippc08-p04,ROC,CG-iLAO*-all-elim,5,12.868852,0.2620512534177846,2315297.6,74223.98830330753,46468.0,1012.5827414685676,33373.4,446.61110682113576,49683.2,543.3070504825056,
(TriTW),triangle-tireworld-ippc08-p05,ROC,CG-iLAO*-all-elim,5,304.820322,18.578608956589,61678195.6,1408195.104227163,604412.6,13646.643766826186,469161.6,10411.104904903032,697401.6,13852.11896192983,
(Zeno),zenotravel-ippc04-unit-cost_NO_FORALLS-p01-problem,ROC,CG-iLAO*-all-elim,5,0.1623096,0.0113335913495527,0.0,0.0,0.0,0.0,,,,,trivial (s0 in G)
(Zeno),zenotravel-ippc04-unit-cost_NO_FORALLS-p02-problem,ROC,CG-iLAO*-all-elim,5,169.856804,6.3172724773748605,68632374.4,157120.6930882002,406472.6,1339.2452961634772,274776.8,1050.8452582868706,1601664.6,5562.007715256784,
(Zeno),zenotravel-ippc04-unit-cost_NO_FORALLS-p03-problem,ROC,CG-iLAO*-all-elim,0,,,,,,,,,,,
(Zeno),zenotravel-ippc04-unit-cost_NO_FORALLS-p04-problem,ROC,CG-iLAO*-all-elim,5,196.0569946,4.860925120393945,65044165.2,227804.042503745,420538.4,2165.1085328768163,229660.6,742.8998836020907,1626920.6,6760.968921621811,
(Zeno),zenotravel-ippc04-unit-cost_NO_FORALLS-p05-problem,ROC,CG-iLAO*-all-elim,5,693.4255412,23.860481786423485,263582700.4,966029.661492359,1044382.0,2497.209071199285,682359.8,1299.80033035232,4967130.2,7996.370767696054,
(Zeno),zenotravel-ippc08-unit-cost_NO_FORALLS-p01-c4-p2-a2-s3846-problem,ROC,CG-iLAO*-all-elim,5,6.965442400000001,0.0752837027011742,3049135.6,11094.394993917243,28053.2,112.83439291279942,16906.8,74.39587881059003,87271.6,428.2963728261074,
(Zeno),zenotravel-ippc08-unit-cost_NO_FORALLS-p02-c5-p2-a2-s17462-problem,ROC,CG-iLAO*-all-elim,5,4.4578472,0.1069062555584688,1572443.2,4425.8979730201645,16819.4,61.1903085136854,9673.4,42.19056501162315,56536.6,254.7484317046917,
(Zeno),zenotravel-ippc08-unit-cost_NO_FORALLS-p04-c6-p2-a2-s12861-problem,ROC,CG-iLAO*-all-elim,5,78.57401899999999,3.0671486775626646,31085593.6,71249.68338266168,238477.8,1351.9372472063928,133966.0,602.1166575340695,806955.2,3280.6485269446343,
(Coresec),coresec-icaps16-bigger-p01-problem,ROC,CG-iLAO*-all-elim,5,0.773262,0.0330727178076044,172276.8,2520.932570598428,8650.0,14.30934240278008,4044.6,33.962903527231,13840.0,222.10527665951568,
(Coresec),coresec-icaps16-bigger-p02-problem,ROC,CG-iLAO*-all-elim,5,2.3106492,0.0727301409109872,596910.2,6793.755534128674,25235.6,59.22509008857648,11330.8,55.63569702987463,43497.8,595.3337954996339,
(Coresec),coresec-icaps16-bigger-p03-problem,ROC,CG-iLAO*-all-elim,5,6.751803,0.0508937369321325,2277861.8,16214.729188662512,62240.2,37.0611071610118,35424.0,77.25980895653313,162226.4,895.6609407225482,
(Coresec),coresec-icaps16-bigger-p04-problem,ROC,CG-iLAO*-all-elim,5,18.3425626,0.3410403012448833,6106571.8,33027.22714308884,167937.4,127.87644449233014,82049.0,115.51868212544667,448069.4,1224.4125804384728,
(Coresec),coresec-icaps16-bigger-p05-problem,ROC,CG-iLAO*-all-elim,5,434.384026,10.125846030574072,141246700.8,222876.94417593375,2758907.0,870.9433734061014,1241361.2,1050.7759800376102,10783130.4,6837.4510694509545,
(Coresec),coresec-icaps16-bigger-p06-problem,ROC,CG-iLAO*-all-elim,0,,,,,,,,,,,
(Coresec),coresec-icaps16-bigger-p07-problem,ROC,CG-iLAO*-all-elim,0,,,,,,,,,,,
(PARC-N),no-repair-parc_NOREPAIR_s4_c1_fN.N_uN-facts,ROC,CG-iLAO*-all-elim,5,10.7450122,0.3444161416281566,2339918.8,17542.424322823346,33283.8,1276.8458172481126,9136.2,286.8099550294585,24061.4,1819.7740936105224,
(PARC-N),no-repair-parc_NOREPAIR_s4_c2_fN.N_uN-facts,ROC,CG-iLAO*-all-elim,5,16.3332066,0.9347161887623058,3631007.8,77902.89390770887,44226.6,2147.940436589432,11823.2,465.05492912558185,32364.4,1596.2532408913066,
(PARC-N),no-repair-parc_NOREPAIR_s4_c3_fN.N_uN-facts,ROC,CG-iLAO*-all-elim,5,22.1625574,1.6097278703638536,6175839.6,154225.9471517161,57468.6,3509.5287674695014,14317.4,778.5305536560527,40262.2,3019.791559227888,
(PARC-N),no-repair-parc_NOREPAIR_s5_c1_fN.N_uN-facts,ROC,CG-iLAO*-all-elim,5,125.9404476,6.225662364218968,29732078.4,561282.7091349374,329621.8,18149.849204034286,70986.2,4245.178990231624,201425.0,19182.116210116128,
(PARC-N),no-repair-parc_NOREPAIR_s5_c2_fN.N_uN-facts,ROC,CG-iLAO*-all-elim,5,182.53522,9.56473435568054,44874783.2,954194.5559004904,432426.6,28834.87467023944,91208.2,6773.775890953583,289380.6,28960.952588981185,
(PARC-N),no-repair-parc_NOREPAIR_s5_c3_fN.N_uN-facts,ROC,CG-iLAO*-all-elim,5,255.0134816,14.04789502765502,75708359.4,2383028.6476092115,550144.8,45862.91671195873,108626.4,10170.138546852546,358990.2,45912.46719653283,
(PARC-R),with-repair-parc_REPAIR_s4_c1_fN.N_uN-facts,ROC,CG-iLAO*-all-elim,5,38.1709502,0.567309766446471,13587390.2,71704.63201031007,95762.4,1050.7297676262913,24682.6,271.15138992083365,145930.6,2118.2551265265474,
(PARC-R),with-repair-parc_REPAIR_s4_c2_fN.N_uN-facts,ROC,CG-iLAO*-all-elim,5,94.521062,1.6618080108529212,34306036.2,203887.7928205089,208840.2,549.1965467334987,55916.4,161.13131271109287,376821.4,1253.0520207301847,
(PARC-R),with-repair-parc_REPAIR_s4_c3_fN.N_uN-facts,ROC,CG-iLAO*-all-elim,5,128.9033776,3.820335298844242,49582756.6,869289.897577222,281704.6,498.54656474195065,70321.4,144.91625532009854,463686.4,1656.0546288863782,
(PARC-R),with-repair-parc_REPAIR_s5_c1_fN.N_uN-facts,ROC,CG-iLAO*-all-elim,5,513.9498394,22.06575187524138,148659910.2,1577740.5601855705,1060855.2,6848.9677922373085,221409.6,1067.7249270181903,1784885.6,11436.930853963224,
(PARC-R),with-repair-parc_REPAIR_s5_c2_fN.N_uN-facts,ROC,CG-iLAO*-all-elim,5,1452.0171192,40.28862420131865,413309937.4,4914507.875103287,2299334.8,3773.6131196379943,493731.2,794.5283502959476,4322276.2,10076.186652311677,
(PARC-R),with-repair-parc_REPAIR_s5_c3_fN.N_uN-facts,ROC,CG-iLAO*-all-elim,0,,,,,,,,,,,
(TriTW),intermediate-triangle-tireworld-tire6-start10,LMCut,CG-iLAO*-all-elim,0,,,,,,,,,,,
(TriTW),intermediate-triangle-tireworld-tire6-start8,LMCut,CG-iLAO*-all-elim,5,1195.8350382,61.21407556421158,175112487.8,3271479.496107313,3168781.8,63989.60207831819,2248116.0,28640.800490399703,3630754.4,42575.702887124906,
(TriTW),intermediate-triangle-tireworld-tire6-start9,LMCut,CG-iLAO*-all-elim,0,,,,,,,,,,,
(BW),blocksworld-ippc04-p01,LMCut,CG-iLAO*-all-elim,5,1.915993,0.1852221531916326,47005.0,5429.426633536915,2554.2,275.10706901859135,1014.8,109.70293516583774,4722.8,553.2175604443516,
(BW),blocksworld-ippc04-p02,LMCut,CG-iLAO*-all-elim,5,1.2258156,0.0164929244177185,34138.4,356.97922888593945,1607.4,17.84138380283323,630.0,7.937395038676103,2823.4,45.71718381527891,
(BW),blocksworld-ippc04-p03,LMCut,CG-iLAO*-all-elim,5,0.6189702,0.024870550923797,10917.0,834.5584715285082,793.0,43.297815187374056,280.8,15.149164465408646,1245.0,81.78157249649826,
(BW),blocksworld-ippc04-p04,LMCut,CG-iLAO*-all-elim,5,2.8311412,0.1877024264521967,88724.6,10166.257918889132,3921.2,362.0557710408716,1699.6,169.50838780426176,8360.6,983.8488595795596,
(BW),blocksworld-ippc04-p05,LMCut,CG-iLAO*-all-elim,5,1.0588668,0.0994578753429229,27575.2,3069.001171362436,1462.6,158.12548262693144,583.4,69.00369219107047,2693.8,369.7707139079567,
(BW),blocksworld-ippc04-p06,LMCut,CG-iLAO*-all-elim,0,,,,,,,,,,,
(BW),blocksworld-ippc04-p07,LMCut,CG-iLAO*-all-elim,0,,,,,,,,,,,
(BW),blocksworld-ippc04-p08,LMCut,CG-iLAO*-all-elim,0,,,,,,,,,,,
(BW),blocksworld-ippc04-p09,LMCut,CG-iLAO*-all-elim,0,,,,,,,,,,,
(BW),blocksworld-ippc04-p10,LMCut,CG-iLAO*-all-elim,0,,,,,,,,,,,
(BW),blocksworld-ippc08-p01-c0-C0-g1-n5,LMCut,CG-iLAO*-all-elim,5,0.6128952,0.0331704545623828,21578.8,2017.2340948298488,759.4,42.80525126663784,562.6,53.90035636245831,1744.8,162.05466801052043,
(BW),blocksworld-ippc08-p02-c1-C1-g20-n5,LMCut,CG-iLAO*-all-elim,5,0.6041338,0.023323633183939,21578.8,2017.2340948298488,759.4,42.80525126663784,562.6,53.90035636245831,1744.8,162.05466801052043,
(BW),blocksworld-ippc08-p03-c1-C2-g40-n5,LMCut,CG-iLAO*-all-elim,5,0.6073405999999999,0.0221249874845057,21578.8,2017.2340948298488,759.4,42.80525126663784,562.6,53.90035636245831,1744.8,162.05466801052043,
(BW),blocksworld-ippc08-p04-c2-C1-g0-n5,LMCut,CG-iLAO*-all-elim,5,0.6004486,0.0247370064545428,21578.8,2017.2340948298488,759.4,42.80525126663784,562.6,53.90035636245831,1744.8,162.05466801052043,
(BW),blocksworld-ippc08-p05-c0-C0-g1-n10,LMCut,CG-iLAO*-all-elim,0,,,,,,,,,,,
(BW),blocksworld-ippc08-p06-c1-C1-g20-n10,LMCut,CG-iLAO*-all-elim,0,,,,,,,,,,,
(BW),blocksworld-ippc08-p07-c1-C2-g0-n10,LMCut,CG-iLAO*-all-elim,0,,,,,,,,,,,
(BW),blocksworld-ippc08-p08-c3-C2-g0-n10,LMCut,CG-iLAO*-all-elim,0,,,,,,,,,,,
(BW),blocksworld-ippc08-p09-c0-C0-g1-n14,LMCut,CG-iLAO*-all-elim,0,,,,,,,,,,,
(BW),blocksworld-ippc08-p10-c1-C1-g20-n14,LMCut,CG-iLAO*-all-elim,0,,,,,,,,,,,
(BW),blocksworld-ippc08-p11-c1-C2-g0-n14,LMCut,CG-iLAO*-all-elim,0,,,,,,,,,,,
(BW),blocksworld-ippc08-p12-c3-C2-g0-n14,LMCut,CG-iLAO*-all-elim,0,,,,,,,,,,,
(Elev),elevators-ippc04-p01,LMCut,CG-iLAO*-all-elim,5,0.0225026,0.0065600715883484,2577.4,403.7926336326605,162.0,36.64204142784624,76.8,10.543998482549208,361.4,53.65032354049694,
(Elev),elevators-ippc04-p02,LMCut,CG-iLAO*-all-elim,5,0.0129597999999999,0.0047038426420347,199.0,0.0,34.0,0.0,8.0,0.0,39.0,0.0,
(Elev),elevators-ippc04-p03,LMCut,CG-iLAO*-all-elim,5,0.0290993999999999,0.0084233025901872,2891.6,279.3351402455481,137.6,7.24404969612992,88.2,3.790459602739488,392.0,16.826346008566446,
(Elev),elevators-ippc04-p04,LMCut,CG-iLAO*-all-elim,5,0.0255868,0.0071244428585696,2904.6,193.99109282644912,161.8,4.736554021649072,99.0,4.426303197929395,461.2,23.10307131097508,
(Elev),elevators-ippc04-p05,LMCut,CG-iLAO*-all-elim,5,0.0131202,0.0071674214756538,873.6,147.20578662539052,87.6,13.142234817564324,32.6,4.744657627268801,148.6,23.278661817209336,
(Elev),elevators-ippc04-p06,LMCut,CG-iLAO*-all-elim,5,0.2766407999999999,0.0325611610008571,20463.8,5311.38234875103,658.0,75.28288304787483,345.4,48.54552436631002,1698.8,242.1051472067457,
(Elev),elevators-ippc04-p07,LMCut,CG-iLAO*-all-elim,5,0.2164057999999999,0.0699191052009373,8321.0,1321.949313158413,398.8,36.35998107810288,195.6,26.6487931434052,976.0,132.69069718710503,
(Elev),elevators-ippc04-p08,LMCut,CG-iLAO*-all-elim,5,4.1260492,0.0557165320990191,1465547.0,81837.36535791849,7508.4,105.5412227331103,5640.0,61.216670932026354,23879.6,235.11635846108197,
(Elev),elevators-ippc04-p09,LMCut,CG-iLAO*-all-elim,5,1.7977557999999998,0.017713709617371,277389.4,13894.781490344352,3401.8,44.84675310432182,2408.0,24.30716108475031,11098.4,110.19942039774982,
(Elev),elevators-ippc04-p10,LMCut,CG-iLAO*-all-elim,5,9.7055176,0.3574516840555989,8033253.0,778082.6378804683,12152.0,82.73893400328528,11193.2,72.87510894674533,46598.4,474.3566878373277,
(Elev),elevators-ippc04-p11,LMCut,CG-iLAO*-all-elim,5,750.3279128,23.882444778597467,382537397.2,46806915.4247152,325697.0,3188.011367783998,278148.6,3217.599876071604,1428735.6,10283.098907723095,
(Elev),elevators-ippc04-p12,LMCut,CG-iLAO*-all-elim,5,121.9699138,3.728580458349777,23866657.4,1048026.5651242468,86579.6,1917.0530052807612,63234.8,1342.5506986568514,381739.4,8143.175313899117,
(Elev),elevators-ippc04-p13,LMCut,CG-iLAO*-all-elim,0,,,,,,,,,,,
(Elev),elevators-ippc04-p14,LMCut,CG-iLAO*-all-elim,5,66.04685359999999,1.6530161226259863,3153223.4,228848.8228707668,39732.8,1116.749177812099,24452.8,919.6858858893072,150497.4,5567.005448340787,
(Elev),elevators-ippc04-p15,LMCut,CG-iLAO*-all-elim,5,1048.0168938,13.398788155225075,370607376.6,26017977.72430461,489259.0,2258.7335426738587,452166.0,3015.956201618319,2529234.8,8289.868146024037,
(ExBW),exploding-blocksworld-ippc04-fixed-p01,LMCut,CG-iLAO*-all-elim,5,0.0092538,0.0055982813521922,162.0,0.0,56.0,0.0,15.0,0.0,47.0,0.0,
(ExBW),exploding-blocksworld-ippc04-fixed-p02,LMCut,CG-iLAO*-all-elim,5,0.0106192,0.002818802836309,61.0,0.0,22.0,0.0,6.0,0.0,19.0,0.0,
(ExBW),exploding-blocksworld-ippc04-fixed-p03,LMCut,CG-iLAO*-all-elim,5,0.013149,0.0056312499709815,206.0,0.0,71.0,0.0,15.0,0.0,57.0,0.0,
(ExBW),exploding-blocksworld-ippc04-fixed-p04,LMCut,CG-iLAO*-all-elim,5,0.0785256,0.0065241162082182,40874.2,1598.462543791377,579.6,21.37748198455561,216.8,4.129976271118274,324.2,8.641799812539052,
(ExBW),exploding-blocksworld-ippc04-fixed-p05,LMCut,CG-iLAO*-all-elim,5,0.007639,0.0046959515613174,0.0,0.0,0.0,0.0,,,,,trivial (s0 in G)
(ExBW),exploding-blocksworld-ippc04-fixed-p06,LMCut,CG-iLAO*-all-elim,5,0.583893,0.0225761826659265,8280.0,315.93534199262984,1491.6,82.28639314005687,367.6,15.552078189103856,1237.8,62.31875403119032,
(ExBW),exploding-blocksworld-ippc04-fixed-p07,LMCut,CG-iLAO*-all-elim,5,5.1557624,0.122242083432371,142133.6,2912.5702616239146,15468.6,616.3393199983269,2962.4,111.35077231883037,9180.2,623.2804314463915,
(ExBW),exploding-blocksworld-ippc04-fixed-p08,LMCut,CG-iLAO*-all-elim,5,0.6696671999999999,0.033979211066282,5282.6,225.1668951156008,1681.8,92.17919800041656,226.4,7.681599833368045,1240.6,49.93039891689229,
(ExBW),exploding-blocksworld-ippc04-fixed-p09,LMCut,CG-iLAO*-all-elim,5,71.7328668,1.223329754326988,6650489.0,90579.24337421858,166623.4,1590.5255203284223,35943.2,428.75661914890594,125525.8,1980.5112290880847,
(ExBW),exploding-blocksworld-ippc04-fixed-p10,LMCut,CG-iLAO*-all-elim,5,264.6763986,5.796070987449664,45107746.4,1945749.396827077,526422.0,4278.018460081723,139068.6,1296.6346780246165,421273.8,2532.1725709406137,
(ExBW),exploding-blocksworld-ippc08-fixed-p01-n2-N5-s1,LMCut,CG-iLAO*-all-elim,5,0.0136858,0.0056330301931716,602.0,0.0,125.0,0.0,39.0,0.0,108.0,0.0,
(ExBW),exploding-blocksworld-ippc08-fixed-p02-n3-N5-s2,LMCut,CG-iLAO*-all-elim,5,0.0824091999999999,0.0095216294344478,48038.4,2539.1530772791148,749.6,23.977778379157648,317.0,4.596607444626961,445.4,11.980074123309922,
(ExBW),exploding-blocksworld-ippc08-fixed-p03-n3-N6-s3,LMCut,CG-iLAO*-all-elim,5,0.1366563999999999,0.0216116836609111,59563.0,18.17629225117157,756.0,3.279707304013576,208.0,0.8765386471799175,388.2,1.5679999999999998,
(ExBW),exploding-blocksworld-ippc08-fixed-p04-n4-N6-s4,LMCut,CG-iLAO*-all-elim,5,0.1300944,0.0059886239645193,43422.4,186.13252251017283,1046.0,12.732459306826785,373.0,6.901872209770332,780.6,24.025794804750998,
(ExBW),exploding-blocksworld-ippc08-fixed-p05-n5-N7-s5,LMCut,CG-iLAO*-all-elim,5,0.0222036,0.0077224375234621,294.2,32.928,79.4,1.176,20.8,0.3919999999999999,66.4,1.176,
(ExBW),exploding-blocksworld-ippc08-fixed-p06-n6-N8-s6,LMCut,CG-iLAO*-all-elim,5,0.1738902,0.0076560502661819,11788.0,129.52619626932614,841.6,8.800378173692309,231.4,3.136,526.6,8.800378173692309,
(ExBW),exploding-blocksworld-ippc08-fixed-p07-n7-N9-s7,LMCut,CG-iLAO*-all-elim,5,0.4426228,0.0912224049606668,5241.0,639.0159116641776,1336.4,236.71055594544148,187.6,29.501743948451583,973.2,159.25817148265892,
(ExBW),exploding-blocksworld-ippc08-fixed-p08-n8-N10-s8,LMCut,CG-iLAO*-all-elim,5,90.317099,3.5041486701660154,13550100.4,252415.6115980013,132341.6,5359.393500352069,29835.2,763.8375243361639,81496.8,2772.528348678152,
(ExBW),exploding-blocksworld-ippc08-fixed-p09-n9-N11-s9,LMCut,CG-iLAO*-all-elim,5,19.329239,0.8017166626464794,1744999.4,7256.239580968643,26099.2,668.9332122596396,5685.2,87.67446095642674,15826.4,359.6450994188576,
(ExBW),exploding-blocksworld-ippc08-fixed-p10-n10-N12-s10,LMCut,CG-iLAO*-all-elim,5,378.4311288,18.47935209184513,124235803.6,5058267.005382786,209480.6,2642.3070041946294,53035.8,582.0762448202125,132737.0,1389.0542263281154,
(ExBW),exploding-blocksworld-ippc08-fixed-p11-n11-N13-s11,LMCut,CG-iLAO*-all-elim,0,,,,,,,,,,,
(Rand),random-ippc04-p03-problem,LMCut,CG-iLAO*-all-elim,5,1.786679,0.0271093527053995,54662.0,1057.885556456841,1385.0,0.0,60.0,0.0,128.0,0.0,
(Rand),random-ippc04-p04-problem,LMCut,CG-iLAO*-all-elim,0,,,,,,,,,,,
(Rand),random-ippc04-p05-problem,LMCut,CG-iLAO*-all-elim,0,,,,,,,,,,,
(Rand),random-ippc04-p06-problem,LMCut,CG-iLAO*-all-elim,5,5.442297,0.5652595968357145,10362.0,510.2008381020163,608.6,52.31988623840842,16.0,0.0,1130.4,52.72217840719407,
(Rand),random-ippc04-p07-problem,LMCut,CG-iLAO*-all-elim,5,0.1789792,0.0401287295636717,643.6,105.1565116195854,270.4,52.26846330245418,3.4,0.4800999895855028,264.2,51.85820729643476,
(Rand),random-ippc04-p08-problem,LMCut,CG-iLAO*-all-elim,0,,,,,,,,,,,
(Rand),random-ippc04-p09-problem,LMCut,CG-iLAO*-all-elim,0,,,,,,,,,,,
(Rand),random-ippc04-p10-problem,LMCut,CG-iLAO*-all-elim,0,,,,,,,,,,,
(Rand),random-ippc04-p13-problem,LMCut,CG-iLAO*-all-elim,5,23.0051332,1.5142028471766928,35659.4,126.74639725057276,5359.2,38.57467231228284,7.0,0.0,12000.8,42.248799083524254,
(RectTW),rectangle-tireworld-ippc08-unit-cost-p01-x5-y5-h2-v2-u0-s1,LMCut,CG-iLAO*-all-elim,5,0.0267488,0.0054333793614861,1826.6,62.96940412613096,48.0,0.0,24.0,0.0,80.4,1.4667296956153848,
(RectTW),rectangle-tireworld-ippc08-unit-cost-p02-x5-y5-h2-v3-u15-s2,LMCut,CG-iLAO*-all-elim,5,0.0190764,0.0051606994883034,356.0,0.0,34.0,0.0,11.0,0.0,11.0,0.0,unsolveable
(RectTW),rectangle-tireworld-ippc08-unit-cost-p03-x7-y7-h4-v3-u0-s3,LMCut,CG-iLAO*-all-elim,5,0.1722197999999999,0.006876085659983,4323.4,37.66363253856431,96.0,0.0,48.0,0.0,162.4,10.400935342554533,
(RectTW),rectangle-tireworld-ippc08-unit-cost-p04-x7-y7-h3-v4-u20-s4,LMCut,CG-iLAO*-all-elim,5,0.0347668,0.0047926011378941,3.0,0.0,5.0,0.0,1.0,0.0,0.0,0.0,unsolveable
(RectTW),rectangle-tireworld-ippc08-unit-cost-p05-x9-y9-h3-v5-u30-s5,LMCut,CG-iLAO*-all-elim,5,0.0761456,0.0038543803210705,3.0,0.0,5.0,0.0,1.0,0.0,0.0,0.0,unsolveable
(RectTW),rectangle-tireworld-ippc08-unit-cost-p06-x11-y11-h4-v3-u40-s6,LMCut,CG-iLAO*-all-elim,5,4.2654742,0.9408261662301252,20549.2,673.3900549785392,239.0,0.0,114.0,0.0,444.4,4.320899906269526,
(RectTW),rectangle-tireworld-ippc08-unit-cost-p07-x11-y11-h3-v5-u80-s7,LMCut,CG-iLAO*-all-elim,5,0.1728867999999999,0.0105150412645611,3.0,0.0,5.0,0.0,1.0,0.0,0.0,0.0,unsolveable
(RectTW),rectangle-tireworld-ippc08-unit-cost-p08-x11-y11-h6-v7-u80-s8,LMCut,CG-iLAO*-all-elim,5,0.1909171999999999,0.02610229856431,3.0,0.0,5.0,0.0,1.0,0.0,0.0,0.0,unsolveable
(RectTW),rectangle-tireworld-ippc08-unit-cost-p09-x15-y15-h4-v4-u60-s9,LMCut,CG-iLAO*-all-elim,5,37.3383742,2.5453676486312995,91933.4,1127.7375026911182,449.0,0.0,223.0,0.0,923.2,19.818304266510797,
(RectTW),rectangle-tireworld-ippc08-unit-cost-p10-x15-y15-h10-v10-u150-s10,LMCut,CG-iLAO*-all-elim,5,7.4422066,0.2868729856368923,377608.8,64735.72239573004,244.0,0.0,24.0,0.0,45.0,0.0,unsolveable
(RectTW),rectangle-tireworld-ippc08-unit-cost-p11-x20-y20-h5-v5-u80-s11,LMCut,CG-iLAO*-all-elim,5,311.99454660000004,18.591032830380406,175729.0,2636.275265840045,793.0,0.0,392.0,0.0,1809.2,18.50514047501396,
(RectTW),rectangle-tireworld-ippc08-unit-cost-p12-x20-y20-h15-v15-u300-s12,LMCut,CG-iLAO*-all-elim,5,304.3252742,4.099315759557441,44608914.4,853206.6836871485,774.0,0.0,434.6,0.4800999895855029,1358.0,0.0,unsolveable
(RectTW),rectangle-tireworld-ippc08-unit-cost-p14-x30-y30-h25-v20-u700-s14,LMCut,CG-iLAO*-all-elim,5,13.604773,0.5479270572022292,3.0,0.0,5.0,0.0,1.0,0.0,0.0,0.0,unsolveable
(Sched),schedule-ippc04-p01,LMCut,CG-iLAO*-all-elim,5,0.0099671999999999,0.0027024064200456,1987.0,0.0,36.0,0.0,20.0,0.0,28.0,0.0,
(Sched),schedule-ippc04-p02,LMCut,CG-iLAO*-all-elim,5,0.0111012,0.0046876425301492,3051.0,0.0,36.0,0.0,20.0,0.0,28.0,0.0,
(Sched),schedule-ippc04-p03,LMCut,CG-iLAO*-all-elim,5,0.0127403999999999,0.0041980858640594,6964.0,0.0,50.0,0.0,25.0,0.0,40.0,0.0,
(Sched),schedule-ippc04-p04,LMCut,CG-iLAO*-all-elim,5,28.867058,0.90387032136321,34874711.8,1159593.8599661202,60814.4,433.2405210226762,29699.8,251.22383625762905,67016.4,611.4369456419853,
(Sched),schedule-ippc04-p05,LMCut,CG-iLAO*-all-elim,0,,,,,,,,,,,
(Sched),schedule-ippc08-p01,LMCut,CG-iLAO*-all-elim,5,0.0122034,0.0065933369768407,2564.0,0.0,50.0,0.0,25.0,0.0,40.0,0.0,
(Sched),schedule-ippc08-p02,LMCut,CG-iLAO*-all-elim,5,0.0117831999999999,0.0019382124165694,3844.0,0.0,50.0,0.0,25.0,0.0,40.0,0.0,
(Sched),schedule-ippc08-p03,LMCut,CG-iLAO*-all-elim,5,0.0173223999999999,0.0039767679169415,8273.0,0.0,66.0,0.0,30.0,0.0,54.0,0.0,
(Sched),schedule-ippc08-p04,LMCut,CG-iLAO*-all-elim,5,1182.983978,31.486020506228208,782676467.8,19910960.795287654,1375042.6,6454.52877771383,635927.2,2602.3944857426973,1707311.2,10164.61805907059,
(S&R),search-and-rescue-ippc08-strips-p01-z4,LMCut,CG-iLAO*-all-elim,5,0.259468,0.0053858430901317,491985.8,9108.19152052832,1076.0,0.0,808.6,2.8805999375130176,1802.8,17.524197670649574,
(S&R),search-and-rescue-ippc08-strips-p02-z5,LMCut,CG-iLAO*-all-elim,5,1.0068096,0.0126431999887534,2062550.8,23521.047314115585,3906.0,0.0,2863.0,1.753077294359835,8225.0,35.83639044323521,
(S&R),search-and-rescue-ippc08-strips-p03-z6,LMCut,CG-iLAO*-all-elim,5,4.2423422,0.1878292324718748,8208954.0,142748.47223109493,13724.0,0.0,9918.6,13.881450068346604,34622.6,120.98551490157818,
(S&R),search-and-rescue-ippc08-strips-p04-z8,LMCut,CG-iLAO*-all-elim,5,77.02420359999999,2.25164513996122,121624005.2,1852160.9329595023,159140.0,0.0,113799.4,25.62732791377205,532860.6,865.8863412342291,
(S&R),search-and-rescue-ippc08-strips-p05-z10,LMCut,CG-iLAO*-all-elim,5,1499.1813258,83.18772771485767,1662522818.2,7762110.690678123,1749740.0,0.0,1251455.4,60.416344278680086,7300764.2,842.0289570697672,
(Sys),sysadmin-ippc08-unit-cost-p01,LMCut,CG-iLAO*-all-elim,5,0.03598,0.0031471793300032,29129.2,379.98096950242126,442.0,0.0,430.0,0.0,452.0,2.319103274975049,
(Sys),sysadmin-ippc08-unit-cost-p02,LMCut,CG-iLAO*-all-elim,5,0.176009,0.005202872885397,167569.8,2443.4031195658235,1601.0,0.0,1580.0,0.0,1673.2,6.829130544952263,
(Sys),sysadmin-ippc08-unit-cost-p03,LMCut,CG-iLAO*-all-elim,5,0.7087032,0.0569571512668214,596352.4,3830.025693962901,4715.0,0.0,4692.0,0.0,5162.2,14.16633982368064,
(Sys),sysadmin-ippc08-unit-cost-p04,LMCut,CG-iLAO*-all-elim,5,10.826367,1.1841827201790869,7063847.2,60609.0285974364,33079.0,4.46948766638862,33021.8,3.184623054617296,35597.0,78.73249494332057,
(TriTW),triangle-tireworld-ippc08-p01,LMCut,CG-iLAO*-all-elim,5,0.0080324,0.0045251737693149,322.6,0.4800999895855029,33.8,0.9601999791710056,21.4,0.4800999895855028,22.4,0.4800999895855028,
(TriTW),triangle-tireworld-ippc08-p02,LMCut,CG-iLAO*-all-elim,5,0.0261843999999999,0.003637964738204,4486.8,330.34658924226835,410.0,9.024517715645528,253.2,5.893052180322179,385.4,8.668430999898424,
(TriTW),triangle-tireworld-ippc08-p03,LMCut,CG-iLAO*-all-elim,5,0.5384642,0.008112623576855,122436.4,2688.891247413327,6017.4,97.8167646980823,3951.8,50.32049506910678,6626.0,87.71520096311698,
(TriTW),triangle-tireworld-ippc08-p04,LMCut,CG-iLAO*-all-elim,5,17.5498106,0.6353523827456584,3720481.6,29932.100875055465,101039.0,1610.554910631736,69606.2,839.551397678546,113301.8,2006.344634618888,
(TriTW),triangle-tireworld-ippc08-p05,LMCut,CG-iLAO*-all-elim,5,600.1799533999999,8.93098240756871,108921015.2,2907025.134123308,1705549.4,27478.74107796527,1204637.0,14224.126794789196,1967371.2,32521.650399570804,
(Zeno),zenotravel-ippc04-unit-cost_NO_FORALLS-p01-problem,LMCut,CG-iLAO*-all-elim,5,0.0240804,0.0039785401515148,0.0,0.0,0.0,0.0,,,,,trivial (s0 in G)
(Zeno),zenotravel-ippc04-unit-cost_NO_FORALLS-p02-problem,LMCut,CG-iLAO*-all-elim,5,1365.1293744,66.92437954888358,92611403.2,519443.9747543782,479339.8,1665.882672574512,332899.6,818.6557976194878,2021299.4,5397.350212637308,
(Zeno),zenotravel-ippc04-unit-cost_NO_FORALLS-p03-problem,LMCut,CG-iLAO*-all-elim,0,,,,,,,,,,,
(Zeno),zenotravel-ippc04-unit-cost_NO_FORALLS-p04-problem,LMCut,CG-iLAO*-all-elim,0,,,,,,,,,,,
(Zeno),zenotravel-ippc04-unit-cost_NO_FORALLS-p05-problem,LMCut,CG-iLAO*-all-elim,0,,,,,,,,,,,
(Zeno),zenotravel-ippc08-unit-cost_NO_FORALLS-p01-c4-p2-a2-s3846-problem,LMCut,CG-iLAO*-all-elim,5,27.426784,0.52109135292027,3533737.0,16521.910768479534,31405.6,153.25971817800004,19421.0,87.59467837717082,100226.6,454.8038836421694,
(Zeno),zenotravel-ippc08-unit-cost_NO_FORALLS-p02-c5-p2-a2-s17462-problem,LMCut,CG-iLAO*-all-elim,5,24.7555372,0.3434240749454312,1866748.2,16499.5897413549,20248.8,251.05633802794145,11123.8,101.49961765445228,67128.0,679.9680406607357,
(Zeno),zenotravel-ippc08-unit-cost_NO_FORALLS-p04-c6-p2-a2-s12861-problem,LMCut,CG-iLAO*-all-elim,5,697.6997362,8.82354432990644,41109267.2,199860.06110489665,297823.8,1627.7902542723373,167324.8,624.2824303662566,1051384.2,4435.874121773972,
(Coresec),coresec-icaps16-bigger-p01-problem,LMCut,CG-iLAO*-all-elim,5,0.5151346,0.027950044780388,435207.4,6178.668902196977,9146.0,0.0,7652.4,21.97124156710312,21519.6,228.70151467797493,
(Coresec),coresec-icaps16-bigger-p02-problem,LMCut,CG-iLAO*-all-elim,5,1.6990804000000002,0.057589335605613,1447340.2,9878.658576615751,26474.0,0.0,21827.8,64.93903282310262,79203.4,417.3758217434258,
(Coresec),coresec-icaps16-bigger-p03-problem,LMCut,CG-iLAO*-all-elim,5,5.6017116,0.1327216554417508,4922586.8,42225.99365009832,64018.0,0.0,54632.0,46.91734007805643,219880.8,1007.2781916749713,
(Coresec),coresec-icaps16-bigger-p04-problem,LMCut,CG-iLAO*-all-elim,5,17.1532022,0.6515849492323647,14046465.2,36790.35174250422,173762.0,0.0,145434.0,61.757108740613816,678454.2,1346.9496479022516,
(Coresec),coresec-icaps16-bigger-p05-problem,LMCut,CG-iLAO*-all-elim,5,620.8684824,23.41755806356825,316779169.6,331286.1438427556,2872981.2,15.93999447929641,2384923.6,1906.3601835791685,16859111.4,5943.489295457341,
(Coresec),coresec-icaps16-bigger-p06-problem,LMCut,CG-iLAO*-all-elim,0,,,,,,,,,,,
(Coresec),coresec-icaps16-bigger-p07-problem,LMCut,CG-iLAO*-all-elim,0,,,,,,,,,,,
(PARC-N),no-repair-parc_NOREPAIR_s4_c1_fN.N_uN-facts,LMCut,CG-iLAO*-all-elim,5,17.2705166,0.3638982722752447,3840285.6,120047.26838268238,50298.6,1684.9330806224916,14880.8,353.2186471634814,47730.6,1157.025967528819,
(PARC-N),no-repair-parc_NOREPAIR_s4_c2_fN.N_uN-facts,LMCut,CG-iLAO*-all-elim,5,29.624181,1.1742389294744726,7058983.4,104421.54960530288,82016.0,2687.923948299133,23852.4,569.7715617473374,83090.2,1812.0582561672784,
(PARC-N),no-repair-parc_NOREPAIR_s4_c3_fN.N_uN-facts,LMCut,CG-iLAO*-all-elim,5,50.6417438,1.0300858045452472,12620914.0,171100.8354191214,145808.0,3039.0304691068827,41245.8,727.2142545797626,152749.8,2507.683730725228,
(PARC-N),no-repair-parc_NOREPAIR_s5_c1_fN.N_uN-facts,LMCut,CG-iLAO*-all-elim,5,239.6591404,7.767800445646595,48937285.6,2398238.742841323,531554.2,22709.325567899723,121618.8,5211.770593775594,465512.2,28573.11159716813,
(PARC-N),no-repair-parc_NOREPAIR_s5_c2_fN.N_uN-facts,LMCut,CG-iLAO*-all-elim,5,426.9994444,13.58669644905299,91398848.6,2478419.3844190734,904478.0,25873.50586723647,204641.4,6247.669867431857,851110.4,35074.414666166216,
(PARC-N),no-repair-parc_NOREPAIR_s5_c3_fN.N_uN-facts,LMCut,CG-iLAO*-all-elim,5,772.5691286,26.80822269833564,160840555.2,5346793.546786254,1631064.8,74184.0688321749,361093.6,17280.741066723265,1658150.2,93904.23496748794,
(PARC-R),with-repair-parc_REPAIR_s4_c1_fN.N_uN-facts,LMCut,CG-iLAO*-all-elim,5,86.51761300000001,1.3350777530758862,19139778.2,140708.2119275132,149170.6,1051.362452485345,44012.6,363.90534123038094,264280.6,2161.228961627157,
(PARC-R),with-repair-parc_REPAIR_s4_c2_fN.N_uN-facts,LMCut,CG-iLAO*-all-elim,5,229.3892008,2.740909368327605,58938134.4,574694.7917769038,346937.4,900.78444157079,109018.6,362.7623787770722,690635.6,3659.496185796072,
(PARC-R),with-repair-parc_REPAIR_s4_c3_fN.N_uN-facts,LMCut,CG-iLAO*-all-elim,5,341.0127198,9.281945878120885,87938523.8,1951965.1800231044,504581.2,1893.79115090973,147146.8,847.2593726504298,929910.0,4871.563065349765,
(PARC-R),with-repair-parc_REPAIR_s5_c1_fN.N_uN-facts,LMCut,CG-iLAO*-all-elim,5,1345.316601,24.880383298242197,233188196.6,3067098.219067349,1668411.0,8497.216416855581,386476.0,1686.036043600492,3032693.6,17060.125087094057,
(PARC-R),with-repair-parc_REPAIR_s5_c2_fN.N_uN-facts,LMCut,CG-iLAO*-all-elim,0,,,,,,,,,,,
(PARC-R),with-repair-parc_REPAIR_s5_c3_fN.N_uN-facts,LMCut,CG-iLAO*-all-elim,0,,,,,,,,,,,
(TriTW),intermediate-triangle-tireworld-tire6-start10,PDB,CG-iLAO*-all-elim,0,,,,,,,,,,,
(TriTW),intermediate-triangle-tireworld-tire6-start8,PDB,CG-iLAO*-all-elim,5,241.77575,19.395423705874705,96139804.8,1879830.4125149415,1355458.6,30493.12732361992,1013092.8,22093.24594598593,1446534.6,47452.98078655224,
(TriTW),intermediate-triangle-tireworld-tire6-start9,PDB,CG-iLAO*-all-elim,5,696.3869268000001,25.473914154785767,235340049.2,5978275.126561977,2786962.2,61323.676739280265,2085550.8,44288.29697859857,2982846.8,95411.71644440605,
(BW),blocksworld-ippc04-p01,PDB,CG-iLAO*-all-elim,5,0.4843168,0.0090345459261959,5796.0,1045.7045445057604,401.2,21.80274257977652,132.2,8.507393490370596,530.6,22.921108524676548,
(BW),blocksworld-ippc04-p02,PDB,CG-iLAO*-all-elim,5,0.4988366,0.0263091585619627,3167.8,380.2689947708069,317.8,8.090788836695713,106.6,2.9465260901610897,460.4,22.59192280440069,
(BW),blocksworld-ippc04-p03,PDB,CG-iLAO*-all-elim,5,0.5033226000000001,0.0069692003798955,734.8,191.79518884476744,103.8,27.38674832834303,30.6,7.656553793972847,129.6,34.718012846359734,
(BW),blocksworld-ippc04-p04,PDB,CG-iLAO*-all-elim,5,0.5027112,0.0103554621228752,11351.2,333.1120189725972,648.6,18.287965879233266,236.8,6.48283148014816,1011.0,34.63714306925443,
(BW),blocksworld-ippc04-p05,PDB,CG-iLAO*-all-elim,5,0.4789127999999999,0.0127568006021597,2141.2,425.5301287382598,216.6,19.239973388754983,68.0,7.01230917743934,285.4,39.0704258487158,
(BW),blocksworld-ippc04-p06,PDB,CG-iLAO*-all-elim,5,23.767973,1.2046253192544991,1353853.0,64700.485280402034,90745.0,1481.738610956737,17637.8,300.6312889637404,131283.2,2361.981711847913,
(BW),blocksworld-ippc04-p07,PDB,CG-iLAO*-all-elim,0,,,,,,,,,,,
(BW),blocksworld-ippc04-p08,PDB,CG-iLAO*-all-elim,5,11.0029818,0.3527935017661718,569396.4,14974.412257691316,22676.6,700.6460225363447,4015.6,160.9452421663964,30569.6,1132.745131764423,
(BW),blocksworld-ippc04-p09,PDB,CG-iLAO*-all-elim,5,9.3485342,0.3560472364520473,324629.6,21869.45962272904,17241.2,1388.2546482486562,2947.2,254.7708998767324,23058.0,1790.8258400190678,
(BW),blocksworld-ippc04-p10,PDB,CG-iLAO*-all-elim,5,50.3334364,2.1612688933027817,3753205.0,97738.11050307448,208452.2,1533.1131275884372,42229.4,397.7103224408438,308943.6,3124.5723830719617,
(BW),blocksworld-ippc08-p01-c0-C0-g1-n5,PDB,CG-iLAO*-all-elim,5,0.1937114,0.0102849072682847,4504.4,173.50661294602,274.8,4.529254243250206,153.0,2.5555273428394383,483.4,4.495199216942448,
(BW),blocksworld-ippc08-p02-c1-C1-g20-n5,PDB,CG-iLAO*-all-elim,5,0.1790922,0.0105432483782591,4504.4,173.50661294602,274.8,4.529254243250206,153.0,2.5555273428394383,483.4,4.495199216942448,
(BW),blocksworld-ippc08-p03-c1-C2-g40-n5,PDB,CG-iLAO*-all-elim,5,0.1822312,0.0079332060233063,4504.4,173.50661294602,274.8,4.529254243250206,153.0,2.5555273428394383,483.4,4.495199216942448,
(BW),blocksworld-ippc08-p04-c2-C1-g0-n5,PDB,CG-iLAO*-all-elim,5,0.1845196,0.010378459083225,4504.4,173.50661294602,274.8,4.529254243250206,153.0,2.5555273428394383,483.4,4.495199216942448,
(BW),blocksworld-ippc08-p05-c0-C0-g1-n10,PDB,CG-iLAO*-all-elim,5,115.6315078,1.8959582933612145,10519609.4,160989.8903817735,414855.2,938.9446229805036,135354.8,210.7792055777799,775812.6,1533.8236190435975,
(BW),blocksworld-ippc08-p06-c1-C1-g20-n10,PDB,CG-iLAO*-all-elim,5,114.953716,0.6734451018974073,10519609.4,160989.8903817735,414855.2,938.9446229805036,135354.8,210.7792055777799,775812.6,1533.8236190435975,
(BW),blocksworld-ippc08-p07-c1-C2-g0-n10,PDB,CG-iLAO*-all-elim,5,113.8549848,1.919783114211492,10519609.4,160989.8903817735,414855.2,938.9446229805036,135354.8,210.7792055777799,775812.6,1533.8236190435975,
(BW),blocksworld-ippc08-p08-c3-C2-g0-n10,PDB,CG-iLAO*-all-elim,5,119.109813,5.841833093280807,10519609.4,160989.8903817735,414855.2,938.9446229805036,135354.8,210.7792055777799,775812.6,1533.8236190435975,
(BW),blocksworld-ippc08-p09-c0-C0-g1-n14,PDB,CG-iLAO*-all-elim,0,,,,,,,,,,,
(BW),blocksworld-ippc08-p10-c1-C1-g20-n14,PDB,CG-iLAO*-all-elim,0,,,,,,,,,,,
(BW),blocksworld-ippc08-p11-c1-C2-g0-n14,PDB,CG-iLAO*-all-elim,0,,,,,,,,,,,
(BW),blocksworld-ippc08-p12-c3-C2-g0-n14,PDB,CG-iLAO*-all-elim,0,,,,,,,,,,,
(Elev),elevators-ippc04-p01,PDB,CG-iLAO*-all-elim,5,0.0730344,0.0051768542659897,23635.6,3766.865283167954,620.4,34.25573143285661,460.6,44.03941616325085,2044.6,184.52918581080883,
(Elev),elevators-ippc04-p02,PDB,CG-iLAO*-all-elim,5,0.0512129999999999,0.0045983610501655,1079.0,49.44874518124802,75.8,1.6860557523403543,45.2,1.5679999999999998,200.6,7.217485434692611,
(Elev),elevators-ippc04-p03,PDB,CG-iLAO*-all-elim,5,0.0697704,0.0137410951050728,23873.4,2907.9493349809245,600.4,29.28609936471568,422.2,40.63586278153818,1894.4,171.92965380061696,
(Elev),elevators-ippc04-p04,PDB,CG-iLAO*-all-elim,5,0.0688112,0.0170644182893008,19083.8,1312.8319950031685,403.4,17.938015943799357,285.0,11.76,1147.0,47.170485687556784,
(Elev),elevators-ippc04-p05,PDB,CG-iLAO*-all-elim,5,0.057409,0.0113507297066364,8321.6,1382.969472206816,353.0,32.35484507766959,205.4,22.904342295730736,934.2,94.064482053536,
(Elev),elevators-ippc04-p06,PDB,CG-iLAO*-all-elim,5,0.3131462,0.0312360885215352,318449.0,69975.7325392705,3427.6,188.14019479101216,2448.2,133.28489990992978,11385.6,610.5825018914314,
(Elev),elevators-ippc04-p07,PDB,CG-iLAO*-all-elim,5,0.2626138,0.0194570229199655,214978.2,19583.97208710184,3163.4,213.0643510679344,2367.2,156.18802074422993,10952.6,726.7595954206589,
(Elev),elevators-ippc04-p08,PDB,CG-iLAO*-all-elim,5,2.1081184,0.0956360000923088,3041017.8,242016.40816523109,13657.2,45.91339220750302,12667.0,57.60199579875683,55806.6,236.2093575115092,
(Elev),elevators-ippc04-p09,PDB,CG-iLAO*-all-elim,5,1.0106892,0.027268828502474,1191319.0,84714.3802307712,10082.6,65.78304292140946,8707.2,89.14316162219063,39815.6,384.2232947857274,
(Elev),elevators-ippc04-p10,PDB,CG-iLAO*-all-elim,5,5.805930999999999,0.4928417676204903,11016170.0,1253197.4526755398,14321.0,45.65159361950029,13969.0,47.42633023964641,59005.0,275.254070850914,
(Elev),elevators-ippc04-p11,PDB,CG-iLAO*-all-elim,5,494.889986,44.18787556208824,527073103.8,63578100.25132092,504886.6,2064.470949395026,482339.4,2808.0657128664207,2727002.4,14193.394255478708,
(Elev),elevators-ippc04-p12,PDB,CG-iLAO*-all-elim,5,78.45220859999999,3.65818867633698,69603863.6,4592637.512948338,196322.4,4987.162963635336,152845.6,4413.999269625676,928394.8,26385.06444675821,
(Elev),elevators-ippc04-p13,PDB,CG-iLAO*-all-elim,0,,,,,,,,,,,
(Elev),elevators-ippc04-p14,PDB,CG-iLAO*-all-elim,5,156.98826739999998,3.0489422265992725,88913300.0,8252380.972213937,352061.6,5624.0930579157375,308947.6,6126.578603228395,1858732.6,36711.92254379844,
(Elev),elevators-ippc04-p15,PDB,CG-iLAO*-all-elim,5,605.8076366,37.35706446121129,585876018.6,47340707.42223343,523014.4,949.801641657878,510224.2,1156.8003022406242,2900007.2,5437.403244967583,
(ExBW),exploding-blocksworld-ippc04-fixed-p01,PDB,CG-iLAO*-all-elim,5,0.068967,0.0056592072142447,212.8,20.16419956259112,75.8,8.16169982295355,20.6,1.920399958342012,62.2,6.241299864611537,
(ExBW),exploding-blocksworld-ippc04-fixed-p02,PDB,CG-iLAO*-all-elim,5,0.0638316,0.0103610121435203,61.0,0.0,22.0,0.0,6.0,0.0,19.0,0.0,
(ExBW),exploding-blocksworld-ippc04-fixed-p03,PDB,CG-iLAO*-all-elim,5,0.067246,0.006058695968038,278.4,13.922899697979584,95.8,6.241299864611537,23.2,0.960199979171006,76.2,3.36069992709852,
(ExBW),exploding-blocksworld-ippc04-fixed-p04,PDB,CG-iLAO*-all-elim,5,0.2445404,0.008960065914995,254586.6,1463.1914737094392,1166.6,22.014909856731187,674.4,8.80037817369231,989.6,15.845724218223664,
(ExBW),exploding-blocksworld-ippc04-fixed-p05,PDB,CG-iLAO*-all-elim,5,0.0682446,0.0122074133015809,0.0,0.0,0.0,0.0,,,,,trivial (s0 in G)
(ExBW),exploding-blocksworld-ippc04-fixed-p06,PDB,CG-iLAO*-all-elim,5,0.2350486,0.0125332289976979,14680.2,575.5420439759375,2746.6,133.57022518510627,651.0,23.68277010824536,2012.0,264.0229856660211,
(ExBW),exploding-blocksworld-ippc04-fixed-p07,PDB,CG-iLAO*-all-elim,5,1.5088684,0.0688029169769672,707934.8,6339.313945990055,47200.0,529.4598177010225,10636.6,115.60112566925984,33856.2,574.3814695339674,
(ExBW),exploding-blocksworld-ippc04-fixed-p08,PDB,CG-iLAO*-all-elim,5,0.3156424,0.0456432529240247,24410.8,872.9881364967109,7651.8,227.8447521976313,1052.4,16.510600715903706,5488.6,92.4230928718575,
(ExBW),exploding-blocksworld-ippc04-fixed-p09,PDB,CG-iLAO*-all-elim,5,12.5891538,0.7916092911292604,7591503.4,221508.45212695305,250994.6,2043.1465878140025,63731.6,495.764400755036,205097.0,2224.8904409520933,
(ExBW),exploding-blocksworld-ippc04-fixed-p10,PDB,CG-iLAO*-all-elim,0,,,,,,,,,,,
(ExBW),exploding-blocksworld-ippc08-fixed-p01-n2-N5-s1,PDB,CG-iLAO*-all-elim,5,0.5974316,0.022276066740114,771017.0,20316.404434986027,339.0,0.0,216.0,0.0,320.0,0.0,
(ExBW),exploding-blocksworld-ippc08-fixed-p02-n3-N5-s2,PDB,CG-iLAO*-all-elim,5,0.671666,0.0152743869784525,938600.0,8624.11465923778,1229.6,26.511490640852312,759.0,4.800999895855028,1079.8,13.44279970839408,
(ExBW),exploding-blocksworld-ippc08-fixed-p03-n3-N6-s3,PDB,CG-iLAO*-all-elim,5,1.1286428000000002,0.0479450732946732,1582898.8,23595.575326062804,3907.2,14.763887834848925,2006.0,9.024517715645528,3825.8,17.589839794608704,
(ExBW),exploding-blocksworld-ippc08-fixed-p04-n4-N6-s4,PDB,CG-iLAO*-all-elim,5,15.966189600000002,0.1717799124916115,22155235.0,400025.657344829,30593.2,120.23829233650984,19380.6,50.1338729403584,36458.8,104.97149586435356,
(ExBW),exploding-blocksworld-ippc08-fixed-p05-n5-N7-s5,PDB,CG-iLAO*-all-elim,5,0.1160582,0.0177387255251842,1144.8,120.7499991884058,275.4,28.99607863142876,77.6,14.087478695636063,210.4,29.015944857956978,
(ExBW),exploding-blocksworld-ippc08-fixed-p06-n6-N8-s6,PDB,CG-iLAO*-all-elim,5,28.404293000000003,0.6671021739298028,36511196.0,447093.6607970045,12045.2,72.51046423792914,7099.0,24.667984108961964,9794.2,54.15561932062082,
(ExBW),exploding-blocksworld-ippc08-fixed-p07-n7-N9-s7,PDB,CG-iLAO*-all-elim,5,0.2036682,0.0095304530989488,7422.8,991.535969162995,1740.4,223.78067712829895,242.4,30.52570221960504,1037.8,203.66974813162605,
(ExBW),exploding-blocksworld-ippc08-fixed-p08-n8-N10-s8,PDB,CG-iLAO*-all-elim,5,453.9161514000001,27.45562507247983,286537899.0,859871.361797487,1593466.4,7349.42916311301,548782.6,1290.3983573827113,1364307.2,4942.215511697563,
(ExBW),exploding-blocksworld-ippc08-fixed-p09-n9-N11-s9,PDB,CG-iLAO*-all-elim,5,34.0544694,1.2425900198327595,11256415.8,81636.04993520291,608232.2,3741.9814392142566,168640.4,1533.7223050135249,536230.8,4073.6585209739897,
(ExBW),exploding-blocksworld-ippc08-fixed-p10-n10-N12-s10,PDB,CG-iLAO*-all-elim,0,,,,,,,,,,,
(ExBW),exploding-blocksworld-ippc08-fixed-p11-n11-N13-s11,PDB,CG-iLAO*-all-elim,0,,,,,,,,,,,
(Rand),random-ippc04-p03-problem,PDB,CG-iLAO*-all-elim,5,2.0689436,0.1006467260706974,1031912.6,39325.26783827944,33212.2,743.5883017261634,3232.8,58.50000806837551,151776.6,2794.77558073202,
(Rand),random-ippc04-p04-problem,PDB,CG-iLAO*-all-elim,5,33.6606578,0.3079013852833364,67860058.8,218682.9870675252,84993.0,0.0,1024.0,0.0,30720.0,0.0,
(Rand),random-ippc04-p05-problem,PDB,CG-iLAO*-all-elim,5,9.5420284,6.881107856621361,7807437.4,6245987.868831364,154586.8,123192.69712766088,616.2,490.662189356384,6420.2,4585.915100520723,
(Rand),random-ippc04-p06-problem,PDB,CG-iLAO*-all-elim,0,,,,,,,,,,,
(Rand),random-ippc04-p07-problem,PDB,CG-iLAO*-all-elim,5,0.2740932,0.0057467812797551,645.6,103.59040387989612,270.4,52.26846330245418,3.8,0.3919999999999999,264.6,51.54315566590777,
(Rand),random-ippc04-p08-problem,PDB,CG-iLAO*-all-elim,0,,,,,,,,,,,
(Rand),random-ippc04-p09-problem,PDB,CG-iLAO*-all-elim,5,1.0913354,0.0478336258467962,26284.2,6699.7188753845485,6404.4,1539.7340849692196,9.6,2.368277010824536,9448.0,2299.90696124865,
(Rand),random-ippc04-p10-problem,PDB,CG-iLAO*-all-elim,0,,,,,,,,,,,
(Rand),random-ippc04-p13-problem,PDB,CG-iLAO*-all-elim,5,6.686009200000001,1.236027990525516,906529.2,146838.56560261894,125017.0,16074.461762684308,196.6,28.568975060369244,325904.8,48161.439704994526,
(RectTW),rectangle-tireworld-ippc08-unit-cost-p01-x5-y5-h2-v2-u0-s1,PDB,CG-iLAO*-all-elim,5,0.3340684,0.0114418522422524,1735.4,57.64732861113341,47.0,0.0,23.0,0.0,77.0,1.2396128427860047,
(RectTW),rectangle-tireworld-ippc08-unit-cost-p02-x5-y5-h2-v3-u15-s2,PDB,CG-iLAO*-all-elim,5,0.3885324,0.0120900315101696,356.0,0.0,34.0,0.0,11.0,0.0,11.0,0.0,unsolveable
(RectTW),rectangle-tireworld-ippc08-unit-cost-p03-x7-y7-h4-v3-u0-s3,PDB,CG-iLAO*-all-elim,5,0.8560606,0.0103698476053342,2997.8,102.95952944725416,92.0,0.6198064213930023,44.0,0.6198064213930023,161.4,5.866918782461539,
(RectTW),rectangle-tireworld-ippc08-unit-cost-p04-x7-y7-h3-v4-u20-s4,PDB,CG-iLAO*-all-elim,5,0.9475534,0.014224861351038,3.0,0.0,5.0,0.0,1.0,0.0,0.0,0.0,unsolveable
(RectTW),rectangle-tireworld-ippc08-unit-cost-p05-x9-y9-h3-v5-u30-s5,PDB,CG-iLAO*-all-elim,5,2.0544468,0.029523632828337,3.0,0.0,5.0,0.0,1.0,0.0,0.0,0.0,unsolveable
(RectTW),rectangle-tireworld-ippc08-unit-cost-p06-x11-y11-h4-v3-u40-s6,PDB,CG-iLAO*-all-elim,5,4.8942132,0.2730295434734059,12543.6,541.1831525241709,209.8,0.7333648478076924,84.6,0.4800999895855028,297.6,8.623999999999999,
(RectTW),rectangle-tireworld-ippc08-unit-cost-p07-x11-y11-h3-v5-u80-s7,PDB,CG-iLAO*-all-elim,5,4.4109722,0.0899049181142125,3.0,0.0,5.0,0.0,1.0,0.0,0.0,0.0,unsolveable
(RectTW),rectangle-tireworld-ippc08-unit-cost-p08-x11-y11-h6-v7-u80-s8,PDB,CG-iLAO*-all-elim,5,4.508477,0.2332286320153185,3.0,0.0,5.0,0.0,1.0,0.0,0.0,0.0,unsolveable
(RectTW),rectangle-tireworld-ippc08-unit-cost-p09-x15-y15-h4-v4-u60-s9,PDB,CG-iLAO*-all-elim,5,23.6809678,3.5035801046836594,68072.0,854.5988844364355,444.8,0.3919999999999999,203.6,1.3293366766925525,837.6,6.862799428804545,
(RectTW),rectangle-tireworld-ippc08-unit-cost-p10-x15-y15-h10-v10-u150-s10,PDB,CG-iLAO*-all-elim,5,15.7387832,0.6460917154135082,377157.6,64657.94619741719,244.0,0.0,24.0,0.0,45.0,0.0,unsolveable
(RectTW),rectangle-tireworld-ippc08-unit-cost-p11-x20-y20-h5-v5-u80-s11,PDB,CG-iLAO*-all-elim,5,126.7479584,7.155963636258755,108999.8,1430.5550327282065,785.6,1.9203999583420115,381.2,1.1428665713896788,1828.6,23.606407943607174,
(RectTW),rectangle-tireworld-ippc08-unit-cost-p12-x20-y20-h15-v15-u300-s12,PDB,CG-iLAO*-all-elim,5,140.534796,2.219857270824628,44526156.6,750069.74438188,774.0,0.0,435.4,0.4800999895855029,1358.0,0.0,unsolveable
(RectTW),rectangle-tireworld-ippc08-unit-cost-p14-x30-y30-h25-v20-u700-s14,PDB,CG-iLAO*-all-elim,0,,,,,,,,,,,unsolveable
(Sched),schedule-ippc04-p01,PDB,CG-iLAO*-all-elim,5,0.0612708,0.0057370185147674,1987.0,0.0,36.0,0.0,20.0,0.0,28.0,0.0,
(Sched),schedule-ippc04-p02,PDB,CG-iLAO*-all-elim,5,0.058265,0.0091788568503142,3051.0,0.0,36.0,0.0,20.0,0.0,28.0,0.0,
(Sched),schedule-ippc04-p03,PDB,CG-iLAO*-all-elim,5,0.068591,0.0054122558227046,6964.0,0.0,50.0,0.0,25.0,0.0,40.0,0.0,
(Sched),schedule-ippc04-p04,PDB,CG-iLAO*-all-elim,0,,,,,,,,,,,
(Sched),schedule-ippc04-p05,PDB,CG-iLAO*-all-elim,0,,,,,,,,,,,
(Sched),schedule-ippc08-p01,PDB,CG-iLAO*-all-elim,5,0.0728658,0.0090659529633582,2564.0,0.0,50.0,0.0,25.0,0.0,40.0,0.0,
(Sched),schedule-ippc08-p02,PDB,CG-iLAO*-all-elim,5,0.0660956,0.0090771621402603,3844.0,0.0,50.0,0.0,25.0,0.0,40.0,0.0,
(Sched),schedule-ippc08-p03,PDB,CG-iLAO*-all-elim,5,0.0893668,0.0191612413910598,8273.0,0.0,66.0,0.0,30.0,0.0,54.0,0.0,
(Sched),schedule-ippc08-p04,PDB,CG-iLAO*-all-elim,0,,,,,,,,,,,
(S&R),search-and-rescue-ippc08-strips-p01-z4,PDB,CG-iLAO*-all-elim,5,0.3184218,0.012586994369538,557558.0,10213.182003751816,1076.0,0.0,794.0,0.0,1844.6,1.176,
(S&R),search-and-rescue-ippc08-strips-p02-z5,PDB,CG-iLAO*-all-elim,5,1.0207898,0.0530753095590292,2134486.4,111103.92678362405,3906.0,0.0,2837.6,2.2857331427793577,8259.6,18.245905184451654,
(S&R),search-and-rescue-ippc08-strips-p03-z6,PDB,CG-iLAO*-all-elim,5,3.8750322,0.1985581218711887,8194348.6,209915.06189871428,13724.0,0.0,9863.2,2.352,34794.2,26.89845616387677,
(S&R),search-and-rescue-ippc08-strips-p04-z8,PDB,CG-iLAO*-all-elim,5,67.7136472,2.2262566737608265,121284960.4,1649597.7776240353,159140.0,0.0,113624.0,14.349556090694932,536075.8,335.5021949019112,
(S&R),search-and-rescue-ippc08-strips-p05-z10,PDB,CG-iLAO*-all-elim,5,1284.6381158,60.05926949360949,1657068074.2,36954876.36187781,1749740.0,0.0,1250770.8,39.6017017816154,7317278.4,1381.634933119455,
(Sys),sysadmin-ippc08-unit-cost-p01,PDB,CG-iLAO*-all-elim,5,0.085657,0.010868161259444,34440.4,463.1155257341304,496.0,0.0,489.0,0.0,505.2,1.6860557523403548,
(Sys),sysadmin-ippc08-unit-cost-p02,PDB,CG-iLAO*-all-elim,5,0.2229782,0.0017998782983479,169230.8,904.1211255490052,1605.0,0.0,1592.0,0.0,1683.4,4.942931923464048,
(Sys),sysadmin-ippc08-unit-cost-p03,PDB,CG-iLAO*-all-elim,5,0.8251516000000001,0.0340088372081436,613406.6,6964.956774844766,4716.0,0.0,4699.2,0.9601999791710056,5180.6,14.583242986386807,
(Sys),sysadmin-ippc08-unit-cost-p04,PDB,CG-iLAO*-all-elim,5,32.9050236,2.0030251824228418,7027584.8,72348.07636503672,33117.0,3.6140614272588114,33073.8,4.176226047521853,35873.6,190.30540238259127,
(TriTW),triangle-tireworld-ippc08-p01,PDB,CG-iLAO*-all-elim,5,0.0400668,0.0099666112049494,346.0,0.0,35.0,0.0,24.0,0.0,23.0,0.0,
(TriTW),triangle-tireworld-ippc08-p02,PDB,CG-iLAO*-all-elim,5,0.0498363999999999,0.0116877474319227,4816.0,36.531792181605326,355.6,4.452264143107414,232.4,2.880599937513017,291.6,5.598879887977594,
(TriTW),triangle-tireworld-ippc08-p03,PDB,CG-iLAO*-all-elim,5,0.1721922,0.0164080639773906,85933.6,971.2761361096028,4468.2,39.11857543418471,2961.0,27.905059039536184,4439.6,44.53385696298941,
(TriTW),triangle-tireworld-ippc08-p04,PDB,CG-iLAO*-all-elim,5,3.4940086,0.1404351108896858,2355402.4,29049.66973702964,58692.4,1158.5060124556971,40822.2,906.1165852935262,60385.8,1747.9561316417523,
(TriTW),triangle-tireworld-ippc08-p05,PDB,CG-iLAO*-all-elim,5,170.95009420000002,16.18045754693407,65673401.0,677433.6031403077,848008.2,17314.798674074842,622295.6,13356.484917561806,910476.0,27649.81049024676,
(Zeno),zenotravel-ippc04-unit-cost_NO_FORALLS-p01-problem,PDB,CG-iLAO*-all-elim,5,0.1684816,0.0082337159551551,0.0,0.0,0.0,0.0,,,,,trivial (s0 in G)
(Zeno),zenotravel-ippc04-unit-cost_NO_FORALLS-p02-problem,PDB,CG-iLAO*-all-elim,5,33.457854,0.906008206347422,23035159.8,224945.56421963085,182834.4,400.3107953777914,112836.6,289.63176720794974,743217.8,1756.9138038458232,
(Zeno),zenotravel-ippc04-unit-cost_NO_FORALLS-p03-problem,PDB,CG-iLAO*-all-elim,5,775.110809,45.49476157623526,635410182.6,515167.0921972781,1241187.2,1480.174870663598,907422.6,1615.350216323383,6584570.8,11059.216873803676,
(Zeno),zenotravel-ippc04-unit-cost_NO_FORALLS-p04-problem,PDB,CG-iLAO*-all-elim,5,35.598358000000005,0.6797655555019493,19606467.0,223106.70780180825,180692.2,371.2673575524786,88376.2,170.11558019182132,738749.2,1216.561658406182,
(Zeno),zenotravel-ippc04-unit-cost_NO_FORALLS-p05-problem,PDB,CG-iLAO*-all-elim,5,138.3410768,5.945614214394322,83327588.6,728995.2936918435,447836.4,561.276244514232,268598.2,414.6409531920357,2055662.0,6418.48077350396,
(Zeno),zenotravel-ippc08-unit-cost_NO_FORALLS-p01-c4-p2-a2-s3846-problem,PDB,CG-iLAO*-all-elim,5,2.3929048,0.0884205708812616,1804495.6,15938.109881682209,24862.4,115.63103016059311,14955.6,23.46767512984616,77606.6,230.2200014247242,
(Zeno),zenotravel-ippc08-unit-cost_NO_FORALLS-p02-c5-p2-a2-s17462-problem,PDB,CG-iLAO*-all-elim,5,1.666517,0.0530172708858552,803046.0,13304.57091100348,14615.0,89.89543792651548,8464.6,26.785391839583006,52168.6,156.71128490316195,
(Zeno),zenotravel-ippc08-unit-cost_NO_FORALLS-p04-c6-p2-a2-s12861-problem,PDB,CG-iLAO*-all-elim,5,12.1442276,0.8116010136124265,8000953.0,24756.405596069875,93584.2,402.2898925700222,47638.0,367.36904866904615,301659.4,2338.855820801273,
(Coresec),coresec-icaps16-bigger-p01-problem,PDB,CG-iLAO*-all-elim,5,0.0888989999999999,0.010497301589319,13232.6,170.03787935633633,1277.2,10.397241172541875,420.6,4.537728065893768,1019.2,18.742355881798847,
(Coresec),coresec-icaps16-bigger-p02-problem,PDB,CG-iLAO*-all-elim,5,0.0866678,0.0162939966391325,13548.0,130.91567606669568,1762.0,3.0990321069650117,415.0,1.2396128427860047,1106.6,11.78610436064436,
(Coresec),coresec-icaps16-bigger-p03-problem,PDB,CG-iLAO*-all-elim,5,0.4638458,0.0106754824754024,344194.2,4079.628928682607,11521.8,41.86057123356058,6034.4,31.534688455730784,24984.6,61.6624846726111,
(Coresec),coresec-icaps16-bigger-p04-problem,PDB,CG-iLAO*-all-elim,5,0.5106568,0.0262669687232018,351452.0,3463.375516250006,18114.8,120.69271951530465,5975.6,43.04688346442748,25956.0,178.8009932858316,
(Coresec),coresec-icaps16-bigger-p05-problem,PDB,CG-iLAO*-all-elim,5,1.7122972,0.0650848745903837,1285931.4,24229.610330748947,79526.8,364.3441253320821,15069.2,58.19384902204012,90967.6,1219.2297487577966,
(Coresec),coresec-icaps16-bigger-p06-problem,PDB,CG-iLAO*-all-elim,5,32.1547458,1.933688947519984,21928782.8,175618.57509780786,934404.6,2440.0906311233607,191429.2,367.4272898737925,1731617.4,6165.698441975248,
(Coresec),coresec-icaps16-bigger-p07-problem,PDB,CG-iLAO*-all-elim,0,,,,,,,,,,,
(PARC-N),no-repair-parc_NOREPAIR_s4_c1_fN.N_uN-facts,PDB,CG-iLAO*-all-elim,0,,,,,,,,,,,
(PARC-N),no-repair-parc_NOREPAIR_s4_c2_fN.N_uN-facts,PDB,CG-iLAO*-all-elim,0,,,,,,,,,,,
(PARC-N),no-repair-parc_NOREPAIR_s4_c3_fN.N_uN-facts,PDB,CG-iLAO*-all-elim,0,,,,,,,,,,,
(PARC-N),no-repair-parc_NOREPAIR_s5_c1_fN.N_uN-facts,PDB,CG-iLAO*-all-elim,0,,,,,,,,,,,
(PARC-N),no-repair-parc_NOREPAIR_s5_c2_fN.N_uN-facts,PDB,CG-iLAO*-all-elim,0,,,,,,,,,,,
(PARC-N),no-repair-parc_NOREPAIR_s5_c3_fN.N_uN-facts,PDB,CG-iLAO*-all-elim,0,,,,,,,,,,,
(PARC-R),with-repair-parc_REPAIR_s4_c1_fN.N_uN-facts,PDB,CG-iLAO*-all-elim,0,,,,,,,,,,,
(PARC-R),with-repair-parc_REPAIR_s4_c2_fN.N_uN-facts,PDB,CG-iLAO*-all-elim,0,,,,,,,,,,,
(PARC-R),with-repair-parc_REPAIR_s4_c3_fN.N_uN-facts,PDB,CG-iLAO*-all-elim,0,,,,,,,,,,,
(PARC-R),with-repair-parc_REPAIR_s5_c1_fN.N_uN-facts,PDB,CG-iLAO*-all-elim,0,,,,,,,,,,,
(PARC-R),with-repair-parc_REPAIR_s5_c2_fN.N_uN-facts,PDB,CG-iLAO*-all-elim,0,,,,,,,,,,,
(PARC-R),with-repair-parc_REPAIR_s5_c3_fN.N_uN-facts,PDB,CG-iLAO*-all-elim,0,,,,,,,,,,,
(TriTW),intermediate-triangle-tireworld-tire6-start10,ROC,CG-iLAO*-FF-MLO,0,,,,,,,,,,,
(TriTW),intermediate-triangle-tireworld-tire6-start8,ROC,CG-iLAO*-FF-MLO,1,842.329613,,17415815.0,,878681.0,,768571.0,,811526.0,,
(TriTW),intermediate-triangle-tireworld-tire6-start9,ROC,CG-iLAO*-FF-MLO,0,,,,,,,,,,,
(BW),blocksworld-ippc04-p01,ROC,CG-iLAO*-FF-MLO,5,0.2907496,0.0305542213024952,3879.0,222.05165164889,241.4,7.001343871000766,117.4,3.372111504680709,203.0,7.411806797266102,
(BW),blocksworld-ippc04-p02,ROC,CG-iLAO*-FF-MLO,5,0.2528812,0.0133090566473053,3510.6,223.99001427742263,163.2,4.4866450717657615,81.0,1.96,154.6,3.196663260338817,
(BW),blocksworld-ippc04-p03,ROC,CG-iLAO*-FF-MLO,5,0.1195416,0.0141913873102391,22.0,0.0,12.0,0.0,12.0,0.0,12.0,0.0,
(BW),blocksworld-ippc04-p04,ROC,CG-iLAO*-FF-MLO,5,0.429802,0.018298048599966,7910.2,669.6572840968728,357.6,6.0601729348262,172.0,2.5555273428394383,352.8,8.529941617619665,
(BW),blocksworld-ippc04-p05,ROC,CG-iLAO*-FF-MLO,5,0.2265136,0.0254124053973726,2199.6,121.04900336640527,133.4,2.744,58.8,2.092707337398137,111.4,4.981639890638423,
(BW),blocksworld-ippc04-p06,ROC,CG-iLAO*-FF-MLO,5,253.5345526,3.182185607190684,999998.8,7647.96531795902,66880.4,692.3100669035514,16429.8,148.4270096175221,37836.4,348.168830218904,
(BW),blocksworld-ippc04-p07,ROC,CG-iLAO*-FF-MLO,0,,,,,,,,,,,
(BW),blocksworld-ippc04-p08,ROC,CG-iLAO*-FF-MLO,5,29.3580102,1.793181598887834,224820.4,4550.130717113081,15877.0,328.6365379564482,3370.8,62.96574357537597,7294.0,132.9871193762764,
(BW),blocksworld-ippc04-p09,ROC,CG-iLAO*-FF-MLO,5,69.500445,1.9199383047502925,184910.6,3963.8638287125855,13992.4,295.2221982439668,2835.2,67.03773074918332,6903.2,186.8193614805489,
(BW),blocksworld-ippc04-p10,ROC,CG-iLAO*-FF-MLO,5,1474.2329178,18.065805569346047,2765260.8,19621.119395432663,184603.4,1701.2754387035627,43384.4,412.276390902996,96180.8,915.8177130761338,
(BW),blocksworld-ippc08-p01-c0-C0-g1-n5,ROC,CG-iLAO*-FF-MLO,5,0.2334391999999999,0.0197089624513657,1953.0,171.37059117596576,125.2,2.658673353385105,70.2,3.2443772900203824,127.6,2.880599937513017,
(BW),blocksworld-ippc08-p02-c1-C1-g20-n5,ROC,CG-iLAO*-FF-MLO,5,0.2189732,0.0143369444287429,1953.0,171.37059117596576,125.2,2.658673353385105,70.2,3.2443772900203824,127.6,2.880599937513017,
(BW),blocksworld-ippc08-p03-c1-C2-g40-n5,ROC,CG-iLAO*-FF-MLO,5,0.2253625999999999,0.0146939265555894,1953.0,171.37059117596576,125.2,2.658673353385105,70.2,3.2443772900203824,127.6,2.880599937513017,
(BW),blocksworld-ippc08-p04-c2-C1-g0-n5,ROC,CG-iLAO*-FF-MLO,5,0.2137562,0.0181900546355216,1953.0,171.37059117596576,125.2,2.658673353385105,70.2,3.2443772900203824,127.6,2.880599937513017,
(BW),blocksworld-ippc08-p05-c0-C0-g1-n10,ROC,CG-iLAO*-FF-MLO,5,809.0458355999999,34.19652050986358,8067882.8,36588.24502913776,372150.0,972.7539435643528,116478.0,278.489033177251,282105.6,780.1658314589276,
(BW),blocksworld-ippc08-p06-c1-C1-g20-n10,ROC,CG-iLAO*-FF-MLO,5,822.0426626000001,38.50190913739938,8067882.8,36588.24502913776,372150.0,972.7539435643528,116478.0,278.489033177251,282105.6,780.1658314589276,
(BW),blocksworld-ippc08-p07-c1-C2-g0-n10,ROC,CG-iLAO*-FF-MLO,5,807.2080057999999,9.591795143859986,8067882.8,36588.24502913776,372150.0,972.7539435643528,116478.0,278.489033177251,282105.6,780.1658314589276,
(BW),blocksworld-ippc08-p08-c3-C2-g0-n10,ROC,CG-iLAO*-FF-MLO,5,812.9832892000001,9.531044997625807,8067882.8,36588.24502913776,372150.0,972.7539435643528,116478.0,278.489033177251,282105.6,780.1658314589276,
(BW),blocksworld-ippc08-p09-c0-C0-g1-n14,ROC,CG-iLAO*-FF-MLO,0,,,,,,,,,,,
(BW),blocksworld-ippc08-p10-c1-C1-g20-n14,ROC,CG-iLAO*-FF-MLO,0,,,,,,,,,,,
(BW),blocksworld-ippc08-p11-c1-C2-g0-n14,ROC,CG-iLAO*-FF-MLO,0,,,,,,,,,,,
(BW),blocksworld-ippc08-p12-c3-C2-g0-n14,ROC,CG-iLAO*-FF-MLO,0,,,,,,,,,,,
(Elev),elevators-ippc04-p01,ROC,CG-iLAO*-FF-MLO,5,0.7609598,0.089015585392378,24509.0,740.8193308492969,752.2,3.790459602739488,671.2,5.727762564911363,1792.8,13.514054313935548,
(Elev),elevators-ippc04-p02,ROC,CG-iLAO*-FF-MLO,5,0.1333188,0.0260166530647134,1104.6,45.091076899981,104.2,5.794444235645036,64.4,4.621611840040225,151.4,6.278122012194412,
(Elev),elevators-ippc04-p03,ROC,CG-iLAO*-FF-MLO,5,0.8091374,0.0820256590098718,31114.2,501.77929337907113,795.8,1.5679999999999998,714.2,1.998815649328372,1950.4,24.84333826199692,
(Elev),elevators-ippc04-p04,ROC,CG-iLAO*-FF-MLO,5,0.6314944,0.0630390120419406,19747.8,282.75905881863446,624.4,4.5798620066547855,484.6,3.645810746596702,1307.4,14.22317320431696,
(Elev),elevators-ippc04-p05,ROC,CG-iLAO*-FF-MLO,5,0.5473808,0.0557579073677445,11252.0,353.47229277554413,648.4,5.700871512321602,428.4,8.973290143531523,1058.4,24.13746167267801,
(Elev),elevators-ippc04-p06,ROC,CG-iLAO*-FF-MLO,5,7.7798982,0.7740831409905633,356321.8,2247.9646129385574,8215.8,60.615673748627096,6019.4,57.72391338085109,16650.6,134.93799322651867,
(Elev),elevators-ippc04-p07,ROC,CG-iLAO*-FF-MLO,5,7.7238664,0.5745969862900311,340094.2,20367.001704566726,7930.4,242.12037951399304,6238.0,258.4919752719608,17217.6,796.9813110581703,
(Elev),elevators-ippc04-p08,ROC,CG-iLAO*-FF-MLO,5,26.5701166,7.243885125950183,1831619.0,9352.53261818637,14595.4,4.139267568060804,14292.4,10.456191275985724,46851.6,111.53347235695658,
(Elev),elevators-ippc04-p09,ROC,CG-iLAO*-FF-MLO,5,17.8167008,2.3491666530249,1199722.8,16948.001377311248,13636.0,102.65985310723951,12505.2,209.3298351979478,38244.0,610.0967154804229,
(Elev),elevators-ippc04-p10,ROC,CG-iLAO*-FF-MLO,5,26.2718238,3.298773854281241,4815659.4,32127.59913471431,14732.6,0.7839999999999999,14690.2,8.796011823548215,50872.4,128.5804816292115,
(Elev),elevators-ippc04-p11,ROC,CG-iLAO*-FF-MLO,1,918.022528,,190354095.0,,520555.0,,505829.0,,2188954.0,,
(Elev),elevators-ippc04-p12,ROC,CG-iLAO*-FF-MLO,5,640.1135252,211.50768255124768,36432490.8,277005.652711423,341255.0,11636.819789973548,263606.0,8666.971934963212,884990.0,20370.192560766824,
(Elev),elevators-ippc04-p13,ROC,CG-iLAO*-FF-MLO,0,,,,,,,,,,,
(Elev),elevators-ippc04-p14,ROC,CG-iLAO*-FF-MLO,4,771.51014725,41.243210228040766,77213362.5,285465.9400456082,495013.25,440.8615986527593,462537.25,649.8098994577824,1679162.25,3282.518972471192,
(Elev),elevators-ippc04-p15,ROC,CG-iLAO*-FF-MLO,1,942.417967,,232247494.0,,527555.0,,515427.0,,2349442.0,,
(ExBW),exploding-blocksworld-ippc04-fixed-p01,ROC,CG-iLAO*-FF-MLO,5,0.0861088,0.0117061843543549,58.0,0.0,32.0,0.0,18.0,0.0,20.0,0.0,
(ExBW),exploding-blocksworld-ippc04-fixed-p02,ROC,CG-iLAO*-FF-MLO,5,0.0874284,0.017258925628799,78.2,3.840799916684024,59.0,0.0,20.0,0.0,25.0,0.0,
(ExBW),exploding-blocksworld-ippc04-fixed-p03,ROC,CG-iLAO*-FF-MLO,5,0.085756,0.0108297535183992,54.8,0.9601999791710056,31.0,0.0,16.0,0.0,18.0,0.0,
(ExBW),exploding-blocksworld-ippc04-fixed-p04,ROC,CG-iLAO*-FF-MLO,5,0.283923,0.0512060596831976,1236.6,4.320899906269525,375.0,0.0,175.0,0.0,206.2,0.392,
(ExBW),exploding-blocksworld-ippc04-fixed-p05,ROC,CG-iLAO*-FF-MLO,5,0.073672,0.0111365850551486,0.0,0.0,0.0,0.0,,,,,trivial (s0 in G)
(ExBW),exploding-blocksworld-ippc04-fixed-p06,ROC,CG-iLAO*-FF-MLO,5,1.261444,0.0861090981312771,56418.0,491.7678668640317,2384.0,39.99072492466222,962.0,10.08971753816726,1262.8,19.257935091800466,
(ExBW),exploding-blocksworld-ippc04-fixed-p07,ROC,CG-iLAO*-FF-MLO,5,30.091243,1.021995577128646,435214.6,3143.0814838078886,74507.4,347.3441858675628,20140.2,102.77653926845367,29763.4,158.47251501758907,
(ExBW),exploding-blocksworld-ippc04-fixed-p08,ROC,CG-iLAO*-FF-MLO,5,0.920325,0.0299525380883102,2935.2,17.3035922282051,1947.8,2.658673353385105,553.8,2.658673353385105,677.6,3.074139879706192,
(ExBW),exploding-blocksworld-ippc04-fixed-p09,ROC,CG-iLAO*-FF-MLO,5,146.1059528,9.325126406862816,4036861.4,155209.8701458278,315733.0,383.3135675135958,96831.6,153.9437453617392,182727.8,293.3180437409195,
(ExBW),exploding-blocksworld-ippc04-fixed-p10,ROC,CG-iLAO*-FF-MLO,5,625.3691788,65.57360832333845,20653342.2,72689.07187656686,1019677.4,2163.3647365749493,357991.8,802.678127809647,553993.0,1163.6883305765336,
(ExBW),exploding-blocksworld-ippc08-fixed-p01-n2-N5-s1,ROC,CG-iLAO*-FF-MLO,5,0.163667,0.0102503898721014,596.2,8.529941617619665,205.6,10.08209978129556,84.6,4.092600151492935,104.8,3.4731288487471925,
(ExBW),exploding-blocksworld-ippc08-fixed-p02-n3-N5-s2,ROC,CG-iLAO*-FF-MLO,5,0.1552452,0.0087893623028786,519.0,24.100828201536974,102.0,0.0,62.8,0.3919999999999999,70.0,0.8765386471799175,
(ExBW),exploding-blocksworld-ippc08-fixed-p03-n3-N6-s3,ROC,CG-iLAO*-FF-MLO,5,0.4229264,0.0181190038898681,38211.4,825.0705148628206,737.0,0.0,329.2,0.392,480.6,1.8176292251171575,
(ExBW),exploding-blocksworld-ippc08-fixed-p04-n4-N6-s4,ROC,CG-iLAO*-FF-MLO,5,0.8058478000000001,0.0922396957921951,6237.6,67.3926555048842,1249.8,11.368,559.2,4.083202664575933,675.6,7.190823040514903,
(ExBW),exploding-blocksworld-ippc08-fixed-p05-n5-N7-s5,ROC,CG-iLAO*-FF-MLO,5,0.1193972,0.0153938924612296,125.6,0.7839999999999999,80.0,0.0,40.0,0.0,48.4,0.4800999895855028,
(ExBW),exploding-blocksworld-ippc08-fixed-p06-n6-N8-s6,ROC,CG-iLAO*-FF-MLO,5,0.7503208,0.0506401175918988,29055.4,10895.163574545177,1321.2,9.408,572.2,3.582030708969425,704.0,5.64670523402807,
(ExBW),exploding-blocksworld-ippc08-fixed-p07-n7-N9-s7,ROC,CG-iLAO*-FF-MLO,5,0.7779918,0.0282705563919535,4641.4,553.5126755694037,2087.6,156.4684093866874,589.4,42.65691334356015,819.6,65.87058171900411,
(ExBW),exploding-blocksworld-ippc08-fixed-p08-n8-N10-s8,ROC,CG-iLAO*-FF-MLO,0,,,,,,,,,,,
(ExBW),exploding-blocksworld-ippc08-fixed-p09-n9-N11-s9,ROC,CG-iLAO*-FF-MLO,5,25.7070164,0.841947105648525,965535.2,8918.777060915021,45419.8,220.2933627325163,11976.8,91.08919444149237,21273.0,159.9448870079941,
(ExBW),exploding-blocksworld-ippc08-fixed-p10-n10-N12-s10,ROC,CG-iLAO*-FF-MLO,5,520.9724862,41.02140116839811,69297910.2,174990.2470630266,579496.0,297.4812558800974,142792.0,211.8142537224537,268137.8,174.09103522008246,
(ExBW),exploding-blocksworld-ippc08-fixed-p11-n11-N13-s11,ROC,CG-iLAO*-FF-MLO,0,,,,,,,,,,,
(Rand),random-ippc04-p03-problem,ROC,CG-iLAO*-FF-MLO,5,0.163041,0.0232870711547261,26.0,0.0,12.0,0.0,12.0,0.0,12.0,0.0,
(Rand),random-ippc04-p04-problem,ROC,CG-iLAO*-FF-MLO,5,0.3717438,0.0219756573446653,3.0,0.0,2.0,0.0,2.0,0.0,2.0,0.0,
(Rand),random-ippc04-p05-problem,ROC,CG-iLAO*-FF-MLO,5,19.0946592,4.013887013024369,11019.4,3005.5354508266905,6319.4,1834.520380768772,31.4,9.909152133255397,60.2,14.22047200341817,
(Rand),random-ippc04-p06-problem,ROC,CG-iLAO*-FF-MLO,5,0.6446954,0.0251864468958639,16.0,0.0,16.0,0.0,16.0,0.0,16.0,0.0,
(Rand),random-ippc04-p07-problem,ROC,CG-iLAO*-FF-MLO,5,1.1738502,0.0124745276601843,3196.4,9.350658586431226,1796.0,4.016804700256162,27.6,0.4800999895855028,45.2,0.9601999791710056,
(Rand),random-ippc04-p08-problem,ROC,CG-iLAO*-FF-MLO,5,30.271436800000004,0.7977163147552796,63893.0,0.0,8462.0,0.0,8462.0,0.0,8462.0,0.0,
(Rand),random-ippc04-p09-problem,ROC,CG-iLAO*-FF-MLO,5,6.0037622,3.280456601501045,8022.8,5592.711595087306,3266.6,1928.934037341868,14.4,5.834087417925788,20.8,9.24322368008045,
(Rand),random-ippc04-p10-problem,ROC,CG-iLAO*-FF-MLO,0,,,,,,,,,,,
(Rand),random-ippc04-p13-problem,ROC,CG-iLAO*-FF-MLO,5,44.32988,18.090132785348285,57189.0,16919.258662184933,13648.0,3914.961472893443,34.4,10.063030159946852,57.0,14.965469588355722,
(RectTW),rectangle-tireworld-ippc08-unit-cost-p01-x5-y5-h2-v2-u0-s1,ROC,CG-iLAO*-FF-MLO,5,0.2010607999999999,0.008898609518943,1331.6,71.74135499138555,48.0,0.0,24.0,0.0,55.2,1.6860557523403543,
(RectTW),rectangle-tireworld-ippc08-unit-cost-p02-x5-y5-h2-v3-u15-s2,ROC,CG-iLAO*-FF-MLO,5,0.1925044,0.0102120385377619,0.0,0.0,1.0,0.0,1.0,0.0,0.0,0.0,unsolveable
(RectTW),rectangle-tireworld-ippc08-unit-cost-p03-x7-y7-h4-v3-u0-s3,ROC,CG-iLAO*-FF-MLO,5,0.549488,0.0646486337992357,3371.4,58.19780971823595,96.0,0.0,48.0,0.0,123.0,2.7718585822512662,
(RectTW),rectangle-tireworld-ippc08-unit-cost-p04-x7-y7-h3-v4-u20-s4,ROC,CG-iLAO*-FF-MLO,5,0.434373,0.0147684717345458,0.0,0.0,1.0,0.0,1.0,0.0,0.0,0.0,unsolveable
(RectTW),rectangle-tireworld-ippc08-unit-cost-p05-x9-y9-h3-v5-u30-s5,ROC,CG-iLAO*-FF-MLO,5,1.1131464,0.0394761511909874,0.0,0.0,1.0,0.0,1.0,0.0,0.0,0.0,unsolveable
(RectTW),rectangle-tireworld-ippc08-unit-cost-p06-x11-y11-h4-v3-u40-s6,ROC,CG-iLAO*-FF-MLO,5,9.9103946,0.2074881545502558,20446.4,520.6674979831178,204.0,0.0,115.0,0.0,327.8,2.268864032946884,
(RectTW),rectangle-tireworld-ippc08-unit-cost-p07-x11-y11-h3-v5-u80-s7,ROC,CG-iLAO*-FF-MLO,5,2.6609876,0.1502432060164216,0.0,0.0,1.0,0.0,1.0,0.0,0.0,0.0,unsolveable
(RectTW),rectangle-tireworld-ippc08-unit-cost-p08-x11-y11-h6-v7-u80-s8,ROC,CG-iLAO*-FF-MLO,5,2.6198094000000003,0.1053561827572678,0.0,0.0,1.0,0.0,1.0,0.0,0.0,0.0,unsolveable
(RectTW),rectangle-tireworld-ippc08-unit-cost-p09-x15-y15-h4-v4-u60-s9,ROC,CG-iLAO*-FF-MLO,5,94.2183264,6.496034040118794,81224.8,648.7838037929122,392.0,0.0,224.2,0.3919999999999999,669.0,4.596607444626961,
(RectTW),rectangle-tireworld-ippc08-unit-cost-p10-x15-y15-h10-v10-u150-s10,ROC,CG-iLAO*-FF-MLO,5,10.194590600000002,0.7348683636434706,0.0,0.0,1.0,0.0,1.0,0.0,0.0,0.0,unsolveable
(RectTW),rectangle-tireworld-ippc08-unit-cost-p11-x20-y20-h5-v5-u80-s11,ROC,CG-iLAO*-FF-MLO,5,1144.983658,141.6585834936005,154902.8,1194.3681641035143,717.0,0.0,393.0,0.0,1304.2,8.301704885142568,
(RectTW),rectangle-tireworld-ippc08-unit-cost-p12-x20-y20-h15-v15-u300-s12,ROC,CG-iLAO*-FF-MLO,5,70.12191920000001,3.632654883977557,0.0,0.0,1.0,0.0,1.0,0.0,0.0,0.0,unsolveable
(RectTW),rectangle-tireworld-ippc08-unit-cost-p14-x30-y30-h25-v20-u700-s14,ROC,CG-iLAO*-FF-MLO,0,,,,,,,,,,,unsolveable
(Sched),schedule-ippc04-p01,ROC,CG-iLAO*-FF-MLO,5,0.0927446,0.017456106535388,510.0,0.0,28.0,0.0,20.0,0.0,20.0,0.0,
(Sched),schedule-ippc04-p02,ROC,CG-iLAO*-FF-MLO,5,0.0902536,0.018046678745988,770.0,0.0,28.0,0.0,20.0,0.0,20.0,0.0,
(Sched),schedule-ippc04-p03,ROC,CG-iLAO*-FF-MLO,5,0.1153805999999999,0.0079175623370792,1475.0,0.0,40.0,0.0,25.0,0.0,25.0,0.0,
(Sched),schedule-ippc04-p04,ROC,CG-iLAO*-FF-MLO,5,107.2790426,14.381871224800792,16437483.2,170949.63634273637,86776.2,174.59342915470788,51731.0,43.800628305995794,78662.6,89.89671994016246,
(Sched),schedule-ippc04-p05,ROC,CG-iLAO*-FF-MLO,0,,,,,,,,,,,
(Sched),schedule-ippc08-p01,ROC,CG-iLAO*-FF-MLO,5,0.1053269999999999,0.0160497405933828,600.0,0.0,40.0,0.0,25.0,0.0,25.0,0.0,
(Sched),schedule-ippc08-p02,ROC,CG-iLAO*-FF-MLO,5,0.1146393999999999,0.0048370092058725,850.0,0.0,40.0,0.0,25.0,0.0,25.0,0.0,
(Sched),schedule-ippc08-p03,ROC,CG-iLAO*-FF-MLO,5,0.124336,0.0115255314767866,1581.0,0.0,54.0,0.0,30.0,0.0,30.0,0.0,
(Sched),schedule-ippc08-p04,ROC,CG-iLAO*-FF-MLO,0,,,,,,,,,,,
(S&R),search-and-rescue-ippc08-strips-p01-z4,ROC,CG-iLAO*-FF-MLO,5,1.3969322,0.1794776829941213,414588.4,1331.2111070209712,967.0,0.0,773.2,5.012391046197413,1995.0,4.016804700256162,
(S&R),search-and-rescue-ippc08-strips-p02-z5,ROC,CG-iLAO*-FF-MLO,5,4.5259794,0.3162616903033675,1847486.4,5034.832709413094,3500.0,0.0,2680.0,5.680619684506259,8647.0,15.38319082635329,
(S&R),search-and-rescue-ippc08-strips-p03-z6,ROC,CG-iLAO*-FF-MLO,5,17.4591146,1.7480049944358425,7621214.0,12703.748625932423,12265.0,0.0,9122.6,15.353194325611852,35760.6,7.24404969612992,
(S&R),search-and-rescue-ippc08-strips-p04-z8,ROC,CG-iLAO*-FF-MLO,5,251.178843,11.83861603459405,116958681.6,41452.28968910567,141643.0,0.0,102669.8,23.75888684261113,531759.6,99.42939171090204,
(S&R),search-and-rescue-ippc08-strips-p05-z10,ROC,CG-iLAO*-FF-MLO,0,,,,,,,,,,,
(Sys),sysadmin-ippc08-unit-cost-p01,ROC,CG-iLAO*-FF-MLO,5,0.2720118,0.0391045211192862,9574.2,161.18590032630024,443.0,0.0,432.0,0.0,472.8,1.4402999687565088,
(Sys),sysadmin-ippc08-unit-cost-p02,ROC,CG-iLAO*-FF-MLO,5,0.9571564,0.1656066473648748,45124.4,1507.4516090727425,1568.0,0.0,1542.6,0.4800999895855028,1682.4,1.4667296956153848,
(Sys),sysadmin-ippc08-unit-cost-p03,ROC,CG-iLAO*-FF-MLO,5,2.4799028,0.1312197439567856,151461.8,1210.7149251512512,4682.8,0.3919999999999999,4621.2,0.7333648478076924,5008.8,4.856688583798634,
(Sys),sysadmin-ippc08-unit-cost-p04,ROC,CG-iLAO*-FF-MLO,0,,,,,,,,,,,
(TriTW),triangle-tireworld-ippc08-p01,ROC,CG-iLAO*-FF-MLO,5,0.065839,0.0065320092550944,102.6,12.574587706958823,29.0,0.0,24.0,0.0,25.2,0.7333648478076924,
(TriTW),triangle-tireworld-ippc08-p02,ROC,CG-iLAO*-FF-MLO,5,0.3568622,0.0363597729928455,2476.0,129.0135664184197,363.2,31.8848086712152,266.8,23.984186123360534,288.2,24.18357260621349,
(TriTW),triangle-tireworld-ippc08-p03,ROC,CG-iLAO*-FF-MLO,5,4.1187442,0.1627003623503788,72494.8,17080.20049410849,4365.0,425.4830010235426,3327.2,312.5443557385095,3643.2,311.06589382958714,
(TriTW),triangle-tireworld-ippc08-p04,ROC,CG-iLAO*-FF-MLO,5,48.3172438,3.7634946166581376,2122181.2,554711.5076331007,52624.6,4896.708705350565,40079.8,4230.547533459941,43151.8,4442.658003266062,
(TriTW),triangle-tireworld-ippc08-p05,ROC,CG-iLAO*-FF-MLO,5,800.0944194,61.597426108482814,45513667.4,11968204.726406358,617843.2,47514.53502951095,506866.2,39905.31991155144,539789.8,41022.91858966136,
(Zeno),zenotravel-ippc04-unit-cost_NO_FORALLS-p01-problem,ROC,CG-iLAO*-FF-MLO,5,0.1667514,0.0081417785810875,0.0,0.0,0.0,0.0,,,,,trivial (s0 in G)
(Zeno),zenotravel-ippc04-unit-cost_NO_FORALLS-p02-problem,ROC,CG-iLAO*-FF-MLO,2,865.3863779999999,5.9548778800000175,38800333.5,103153.81999999998,622858.0,1.96,314902.0,266.55999999999995,718727.0,1040.76,
(Zeno),zenotravel-ippc04-unit-cost_NO_FORALLS-p03-problem,ROC,CG-iLAO*-FF-MLO,0,,,,,,,,,,,
(Zeno),zenotravel-ippc04-unit-cost_NO_FORALLS-p04-problem,ROC,CG-iLAO*-FF-MLO,4,874.372768,62.59038463687351,33423836.75,22633.59021216254,732930.75,549.5358920337536,278803.25,177.76918171231665,640924.75,602.0531583118997,
(Zeno),zenotravel-ippc04-unit-cost_NO_FORALLS-p05-problem,ROC,CG-iLAO*-FF-MLO,0,,,,,,,,,,,
(Zeno),zenotravel-ippc08-unit-cost_NO_FORALLS-p01-c4-p2-a2-s3846-problem,ROC,CG-iLAO*-FF-MLO,5,44.3606958,3.437359588066085,1626210.4,5405.048207749492,38877.4,89.85397629487522,19791.4,69.94646592930911,39553.0,144.7417203158785,
(Zeno),zenotravel-ippc08-unit-cost_NO_FORALLS-p02-c5-p2-a2-s17462-problem,ROC,CG-iLAO*-FF-MLO,5,34.403669,2.514471292533315,993959.4,8355.386679938636,28846.0,324.31989171187143,13591.0,114.89846996370316,28380.6,215.910347542678,
(Zeno),zenotravel-ippc08-unit-cost_NO_FORALLS-p04-c6-p2-a2-s12861-problem,ROC,CG-iLAO*-FF-MLO,5,490.678316,64.73173164235943,17036800.4,31236.11460807403,352142.4,366.7675891024178,161405.2,185.1618130825036,357740.6,406.49738470991423,
(Coresec),coresec-icaps16-bigger-p01-problem,ROC,CG-iLAO*-FF-MLO,5,15.5442406,1.5058747674135835,71375.0,518.9186524302243,7861.2,4.129976271118274,5114.6,17.29470948006933,6652.2,6.085476480933929,
(Coresec),coresec-icaps16-bigger-p02-problem,ROC,CG-iLAO*-FF-MLO,5,44.4070708,3.587357412835884,231100.0,2256.426367085795,22706.0,15.532304400828616,14454.6,66.02785908993263,19092.8,81.98659148909655,
(Coresec),coresec-icaps16-bigger-p03-problem,ROC,CG-iLAO*-FF-MLO,5,134.2231402,9.877942085259305,854479.0,3307.494511995447,55999.0,16.723291542038005,40825.4,42.93518575713863,55280.8,68.07269337994494,
(Coresec),coresec-icaps16-bigger-p04-problem,ROC,CG-iLAO*-FF-MLO,5,344.0049154,27.27273221635723,2210829.0,2612.2152489869586,150333.0,35.32352870255179,101608.2,100.04336131898008,138739.4,129.85587986687392,
(Coresec),coresec-icaps16-bigger-p05-problem,ROC,CG-iLAO*-FF-MLO,0,,,,,,,,,,,
(Coresec),coresec-icaps16-bigger-p06-problem,ROC,CG-iLAO*-FF-MLO,0,,,,,,,,,,,
(Coresec),coresec-icaps16-bigger-p07-problem,ROC,CG-iLAO*-FF-MLO,0,,,,,,,,,,,
(PARC-N),no-repair-parc_NOREPAIR_s4_c1_fN.N_uN-facts,ROC,CG-iLAO*-FF-MLO,5,19.4082424,1.0664704184517433,765689.8,3792.1028972410554,25897.0,43.47932106185652,10519.0,12.050414100768489,21679.0,43.686461060607776,
(PARC-N),no-repair-parc_NOREPAIR_s4_c2_fN.N_uN-facts,ROC,CG-iLAO*-FF-MLO,5,26.0593942,0.4759540746569328,1033547.2,8666.405745150869,33490.6,302.56433090501594,12861.8,82.46081289921898,26954.8,123.71528694547008,
(PARC-N),no-repair-parc_NOREPAIR_s4_c3_fN.N_uN-facts,ROC,CG-iLAO*-FF-MLO,5,33.3694658,2.668033645761091,1528336.0,4777.111622777931,38082.2,178.67998988135182,15574.6,43.25609432207212,30195.0,76.01667396038845,
(PARC-N),no-repair-parc_NOREPAIR_s5_c1_fN.N_uN-facts,ROC,CG-iLAO*-FF-MLO,5,201.9338902,18.83054110091045,8597734.2,21226.93189148314,243945.4,241.65981332443337,77571.2,62.41730708705719,182048.2,360.776002616582,
(PARC-N),no-repair-parc_NOREPAIR_s5_c2_fN.N_uN-facts,ROC,CG-iLAO*-FF-MLO,5,276.2547376,23.93535414211925,11977510.4,55992.28145521002,299636.2,627.3045450369382,91293.6,108.47249870819792,224871.0,392.9284305315664,
(PARC-N),no-repair-parc_NOREPAIR_s5_c3_fN.N_uN-facts,ROC,CG-iLAO*-FF-MLO,5,327.3709496,11.819686877724829,17792105.6,78411.5328957067,332249.0,504.7637435474144,106051.8,72.78279950647679,246230.6,292.1285154448295,
(PARC-R),with-repair-parc_REPAIR_s4_c1_fN.N_uN-facts,ROC,CG-iLAO*-FF-MLO,5,73.2141044,2.305478690851241,6390842.8,13831.132756869338,101364.6,112.19797402805452,28042.8,22.47086789601149,90092.0,69.64760096370871,
(PARC-R),with-repair-parc_REPAIR_s4_c2_fN.N_uN-facts,ROC,CG-iLAO*-FF-MLO,5,192.8663168,7.025575630543682,16967474.4,42202.99846345063,218449.4,33.85527692989676,60874.8,15.450470025212825,203235.0,193.8607454850001,
(PARC-R),with-repair-parc_REPAIR_s4_c3_fN.N_uN-facts,ROC,CG-iLAO*-FF-MLO,5,298.4211264,43.06955949502578,24076255.6,56922.91146448445,304126.0,75.83705795981277,79970.6,11.166840914063384,249774.8,145.2152346828665,
(PARC-R),with-repair-parc_REPAIR_s5_c1_fN.N_uN-facts,ROC,CG-iLAO*-FF-MLO,5,987.762316,112.71790225342338,65668499.6,201200.80027033557,1085867.6,753.6427091506957,239975.2,137.4411480743667,902558.0,1234.1648588742105,
(PARC-R),with-repair-parc_REPAIR_s5_c2_fN.N_uN-facts,ROC,CG-iLAO*-FF-MLO,0,,,,,,,,,,,
(PARC-R),with-repair-parc_REPAIR_s5_c3_fN.N_uN-facts,ROC,CG-iLAO*-FF-MLO,0,,,,,,,,,,,
(TriTW),intermediate-triangle-tireworld-tire6-start10,LMCut,CG-iLAO*-FF-MLO,0,,,,,,,,,,,
(TriTW),intermediate-triangle-tireworld-tire6-start8,LMCut,CG-iLAO*-FF-MLO,0,,,,,,,,,,,
(TriTW),intermediate-triangle-tireworld-tire6-start9,LMCut,CG-iLAO*-FF-MLO,0,,,,,,,,,,,
(BW),blocksworld-ippc04-p01,LMCut,CG-iLAO*-FF-MLO,5,3.797827,0.3936462747440351,52877.8,6869.752898326401,2839.8,332.7762552586948,1231.6,146.47325358576563,2763.4,352.6652787219065,
(BW),blocksworld-ippc04-p02,LMCut,CG-iLAO*-FF-MLO,5,2.2302446,0.0760559874534392,34739.6,1094.5354267523733,1716.4,64.38711871174233,744.4,24.75038456266892,1688.6,55.08820505335057,
(BW),blocksworld-ippc04-p03,LMCut,CG-iLAO*-FF-MLO,5,1.1616332,0.1472805730638288,15084.0,1627.9561072707088,1025.2,85.87260834515274,406.6,33.05724634630054,915.4,85.90660100364812,
(BW),blocksworld-ippc04-p04,LMCut,CG-iLAO*-FF-MLO,5,5.6899918,0.6622423185587794,84394.4,8709.40569424665,3977.2,477.297387447281,1819.4,216.0286357314696,4151.4,475.3242872145289,
(BW),blocksworld-ippc04-p05,LMCut,CG-iLAO*-FF-MLO,5,2.0535,0.336142104875124,31927.4,3606.2527093835215,1623.8,228.6257456718293,709.6,95.03999377104356,1634.4,211.2781815900544,
(BW),blocksworld-ippc04-p06,LMCut,CG-iLAO*-FF-MLO,0,,,,,,,,,,,
(BW),blocksworld-ippc04-p07,LMCut,CG-iLAO*-FF-MLO,0,,,,,,,,,,,
(BW),blocksworld-ippc04-p08,LMCut,CG-iLAO*-FF-MLO,0,,,,,,,,,,,
(BW),blocksworld-ippc04-p09,LMCut,CG-iLAO*-FF-MLO,0,,,,,,,,,,,
(BW),blocksworld-ippc04-p10,LMCut,CG-iLAO*-FF-MLO,0,,,,,,,,,,,
(BW),blocksworld-ippc08-p01-c0-C0-g1-n5,LMCut,CG-iLAO*-FF-MLO,5,1.1918748,0.0940153648012735,20320.8,1383.4193733730924,727.0,26.52887332699977,469.8,23.1196934235729,1064.4,51.30409979718969,
(BW),blocksworld-ippc08-p02-c1-C1-g20-n5,LMCut,CG-iLAO*-FF-MLO,5,1.1614936,0.0680930908722411,20320.8,1383.4193733730924,727.0,26.52887332699977,469.8,23.1196934235729,1064.4,51.30409979718969,
(BW),blocksworld-ippc08-p03-c1-C2-g40-n5,LMCut,CG-iLAO*-FF-MLO,5,1.1934824000000002,0.059507726318624,20320.8,1383.4193733730924,727.0,26.52887332699977,469.8,23.1196934235729,1064.4,51.30409979718969,
(BW),blocksworld-ippc08-p04-c2-C1-g0-n5,LMCut,CG-iLAO*-FF-MLO,5,1.1634254,0.0331169853137452,20320.8,1383.4193733730924,727.0,26.52887332699977,469.8,23.1196934235729,1064.4,51.30409979718969,
(BW),blocksworld-ippc08-p05-c0-C0-g1-n10,LMCut,CG-iLAO*-FF-MLO,0,,,,,,,,,,,
(BW),blocksworld-ippc08-p06-c1-C1-g20-n10,LMCut,CG-iLAO*-FF-MLO,0,,,,,,,,,,,
(BW),blocksworld-ippc08-p07-c1-C2-g0-n10,LMCut,CG-iLAO*-FF-MLO,0,,,,,,,,,,,
(BW),blocksworld-ippc08-p08-c3-C2-g0-n10,LMCut,CG-iLAO*-FF-MLO,0,,,,,,,,,,,
(BW),blocksworld-ippc08-p09-c0-C0-g1-n14,LMCut,CG-iLAO*-FF-MLO,0,,,,,,,,,,,
(BW),blocksworld-ippc08-p10-c1-C1-g20-n14,LMCut,CG-iLAO*-FF-MLO,0,,,,,,,,,,,
(BW),blocksworld-ippc08-p11-c1-C2-g0-n14,LMCut,CG-iLAO*-FF-MLO,0,,,,,,,,,,,
(BW),blocksworld-ippc08-p12-c3-C2-g0-n14,LMCut,CG-iLAO*-FF-MLO,0,,,,,,,,,,,
(Elev),elevators-ippc04-p01,LMCut,CG-iLAO*-FF-MLO,5,0.070549,0.0094574916933317,987.0,43.084348898410894,241.8,17.96797328582164,129.8,6.857199428338072,200.6,13.258643067825604,
(Elev),elevators-ippc04-p02,LMCut,CG-iLAO*-FF-MLO,5,0.0148629999999999,0.0051366178866954,8.0,0.0,8.0,0.0,8.0,0.0,8.0,0.0,
(Elev),elevators-ippc04-p03,LMCut,CG-iLAO*-FF-MLO,5,0.0896478,0.009887302096636,1820.6,100.61617571742627,202.8,8.574859998857125,147.6,7.453156109997965,245.4,13.559460756239533,
(Elev),elevators-ippc04-p04,LMCut,CG-iLAO*-FF-MLO,5,0.1386116,0.0210782453063877,1892.8,129.85410484077892,180.2,5.592014306133344,137.0,6.104385308939795,218.4,12.186724580460494,
(Elev),elevators-ippc04-p05,LMCut,CG-iLAO*-FF-MLO,5,0.0263666,0.0019043709996783,218.2,18.85475176182386,61.0,0.0,35.0,0.0,43.0,0.8765386471799175,
(Elev),elevators-ippc04-p06,LMCut,CG-iLAO*-FF-MLO,5,0.852462,0.0965535513802068,15578.2,754.7668106534626,883.4,55.77086924192593,528.4,24.201039977653856,1116.6,39.89262107207296,
(Elev),elevators-ippc04-p07,LMCut,CG-iLAO*-FF-MLO,5,0.3777302,0.0086046869722531,4684.4,212.08848364774548,510.8,11.8154028285116,312.0,9.641925118979092,575.0,18.789439587172367,
(Elev),elevators-ippc04-p08,LMCut,CG-iLAO*-FF-MLO,5,15.0224328,3.545755984266134,585835.2,4120.717275473287,9975.4,156.50400562285935,7413.8,108.68973191612903,19769.6,251.5456700004991,
(Elev),elevators-ippc04-p09,LMCut,CG-iLAO*-FF-MLO,5,4.925304,0.2648621011814787,126152.8,9619.076174855049,5298.6,652.5471420334319,3250.2,331.43211706773377,8106.8,713.5416004578849,
(Elev),elevators-ippc04-p10,LMCut,CG-iLAO*-FF-MLO,5,27.3200652,3.5684178064489185,2837854.8,16843.4021601262,13377.2,25.842285966996027,12318.6,58.13837094380956,37701.2,200.0519682082633,
(Elev),elevators-ippc04-p11,LMCut,CG-iLAO*-FF-MLO,2,1073.301513,39.66522559999993,113198108.0,2508649.08,374017.5,8174.18,321213.0,5780.04,1158754.0,21691.32,
(Elev),elevators-ippc04-p12,LMCut,CG-iLAO*-FF-MLO,5,301.534481,60.59355425337582,8193739.4,167252.39785581772,123652.4,7419.493379972515,82477.0,2936.472300894391,256801.0,7882.657519999203,
(Elev),elevators-ippc04-p13,LMCut,CG-iLAO*-FF-MLO,0,,,,,,,,,,,
(Elev),elevators-ippc04-p14,LMCut,CG-iLAO*-FF-MLO,5,179.42276299999995,3.907748408536255,2024873.6,24838.05830288865,101597.4,2574.7003890814167,50217.8,273.4543505303947,129794.6,1083.824104887873,
(Elev),elevators-ippc04-p15,LMCut,CG-iLAO*-FF-MLO,0,,,,,,,,,,,
(ExBW),exploding-blocksworld-ippc04-fixed-p01,LMCut,CG-iLAO*-FF-MLO,5,0.0203527999999999,0.0052327436891695,49.0,0.0,24.0,0.0,18.0,0.0,19.0,0.0,
(ExBW),exploding-blocksworld-ippc04-fixed-p02,LMCut,CG-iLAO*-FF-MLO,5,0.0134783999999999,0.0025906724082399,12.0,0.0,8.0,0.0,6.0,0.0,6.0,0.0,
(ExBW),exploding-blocksworld-ippc04-fixed-p03,LMCut,CG-iLAO*-FF-MLO,5,0.0227776,0.0039970144338513,34.0,0.0,16.0,0.0,14.0,0.0,14.0,0.0,
(ExBW),exploding-blocksworld-ippc04-fixed-p04,LMCut,CG-iLAO*-FF-MLO,5,0.1223843999999999,0.015661232666324,630.4,2.2000945434230776,211.0,0.0,129.0,0.0,140.8,0.392,
(ExBW),exploding-blocksworld-ippc04-fixed-p05,LMCut,CG-iLAO*-FF-MLO,5,0.0082814,0.0023976854401393,0.0,0.0,0.0,0.0,,,,,trivial (s0 in G)
(ExBW),exploding-blocksworld-ippc04-fixed-p06,LMCut,CG-iLAO*-FF-MLO,5,1.3700688,0.0568570732883336,57091.6,1050.491361190562,1581.8,23.044799500104137,698.0,6.104385308939795,902.8,11.815402828511605,
(ExBW),exploding-blocksworld-ippc04-fixed-p07,LMCut,CG-iLAO*-FF-MLO,5,9.0808514,0.2354181386673771,277765.8,3996.681815734647,14690.4,26.799730147895147,5039.0,12.129850782264388,5907.8,13.809309323785891,
(ExBW),exploding-blocksworld-ippc04-fixed-p08,LMCut,CG-iLAO*-FF-MLO,5,0.5010844000000001,0.0297960910166648,1280.8,6.687019066818936,713.0,0.0,290.0,0.0,317.8,1.6860557523403548,
(ExBW),exploding-blocksworld-ippc04-fixed-p09,LMCut,CG-iLAO*-FF-MLO,5,172.4942454,5.387760141010932,4064857.0,24174.93562702329,276204.2,926.28641975579,83286.6,297.85268186806707,156877.6,529.4259325118104,
(ExBW),exploding-blocksworld-ippc04-fixed-p10,LMCut,CG-iLAO*-FF-MLO,5,560.3191622,53.058532005381295,15437643.8,21901.547038447858,689059.6,859.4837118735875,266320.0,498.187508635052,403885.4,668.7526318871573,
(ExBW),exploding-blocksworld-ippc08-fixed-p01-n2-N5-s1,LMCut,CG-iLAO*-FF-MLO,5,0.0570667999999999,0.0044989275068336,250.4,0.7839999999999999,98.0,0.0,53.0,0.0,61.0,0.8765386471799175,
(ExBW),exploding-blocksworld-ippc08-fixed-p02-n3-N5-s2,LMCut,CG-iLAO*-FF-MLO,5,0.0744943999999999,0.0096090259968893,678.8,5.452887675351473,99.0,0.0,62.0,0.0,64.6,0.4800999895855028,
(ExBW),exploding-blocksworld-ippc08-fixed-p03-n3-N6-s3,LMCut,CG-iLAO*-FF-MLO,5,0.3357637999999999,0.0195703141775022,37620.2,496.2797408559008,654.0,0.0,300.6,0.7839999999999999,429.4,2.017943507633452,
(ExBW),exploding-blocksworld-ippc08-fixed-p04-n4-N6-s4,LMCut,CG-iLAO*-FF-MLO,5,0.4387959999999999,0.0507292154007956,4333.0,16.126881905687778,771.0,1.3859292911256331,425.8,3.2443772900203824,488.0,3.0990321069650117,
(ExBW),exploding-blocksworld-ippc08-fixed-p05-n5-N7-s5,LMCut,CG-iLAO*-FF-MLO,5,0.033631,0.0075479175272759,84.6,1.176,54.0,0.0,28.0,0.0,32.0,0.0,
(ExBW),exploding-blocksworld-ippc08-fixed-p06-n6-N8-s6,LMCut,CG-iLAO*-FF-MLO,5,0.4553676,0.0167005956319149,4167.8,27.58939332424691,1008.0,0.0,477.0,0.0,563.4,1.4667296956153848,
(ExBW),exploding-blocksworld-ippc08-fixed-p07-n7-N9-s7,LMCut,CG-iLAO*-FF-MLO,5,0.7875856,0.0613189826909202,3784.4,482.740320685977,1726.6,149.94269017194534,482.8,41.45944408696286,647.8,56.14433599215508,
(ExBW),exploding-blocksworld-ippc08-fixed-p08-n8-N10-s8,LMCut,CG-iLAO*-FF-MLO,0,,,,,,,,,,,
(ExBW),exploding-blocksworld-ippc08-fixed-p09-n9-N11-s9,LMCut,CG-iLAO*-FF-MLO,5,54.233239000000005,2.5696978566058197,936326.6,11170.111751796218,43107.8,212.9839210456977,11369.6,56.155282707862845,20261.8,108.90864825164256,
(ExBW),exploding-blocksworld-ippc08-fixed-p10-n10-N12-s10,LMCut,CG-iLAO*-FF-MLO,5,1147.5474462,33.93301513905986,65604912.2,327451.16263836,592571.4,538.2962926270252,139882.8,86.54326677448684,268346.6,198.08377120804215,
(ExBW),exploding-blocksworld-ippc08-fixed-p11-n11-N13-s11,LMCut,CG-iLAO*-FF-MLO,0,,,,,,,,,,,
(Rand),random-ippc04-p03-problem,LMCut,CG-iLAO*-FF-MLO,5,1.829736,0.011763190332919,26994.6,216.14774783929624,1385.0,0.0,60.0,0.0,123.0,0.6198064213930023,
(Rand),random-ippc04-p04-problem,LMCut,CG-iLAO*-FF-MLO,0,,,,,,,,,,,
(Rand),random-ippc04-p05-problem,LMCut,CG-iLAO*-FF-MLO,0,,,,,,,,,,,
(Rand),random-ippc04-p06-problem,LMCut,CG-iLAO*-FF-MLO,5,0.1765,0.0068208586871038,16.0,0.0,16.0,0.0,16.0,0.0,16.0,0.0,
(Rand),random-ippc04-p07-problem,LMCut,CG-iLAO*-FF-MLO,5,0.4198166,0.0109617012467999,907.0,2.055665342413497,693.2,3.582030708969425,7.0,0.0,14.6,0.4800999895855029,
(Rand),random-ippc04-p08-problem,LMCut,CG-iLAO*-FF-MLO,0,,,,,,,,,,,
(Rand),random-ippc04-p09-problem,LMCut,CG-iLAO*-FF-MLO,5,1529.86407,57.301159133872,2965006.6,55070.23718551079,663872.8,22093.70336181564,4148.2,62.83137611098454,6898.0,92.0615985088245,
(Rand),random-ippc04-p10-problem,LMCut,CG-iLAO*-FF-MLO,0,,,,,,,,,,,
(Rand),random-ippc04-p13-problem,LMCut,CG-iLAO*-FF-MLO,5,21.4910418,2.8099350345680016,15720.8,4769.102247314897,4104.0,975.5341566136984,13.4,1.176,23.6,3.5388721367124862,
(RectTW),rectangle-tireworld-ippc08-unit-cost-p01-x5-y5-h2-v2-u0-s1,LMCut,CG-iLAO*-FF-MLO,5,0.0465004,0.0040645270789227,1144.6,72.07258741019362,48.0,0.0,24.0,0.0,53.4,1.920399958342012,
(RectTW),rectangle-tireworld-ippc08-unit-cost-p02-x5-y5-h2-v3-u15-s2,LMCut,CG-iLAO*-FF-MLO,5,0.0228526,0.0048316666639593,0.0,0.0,1.0,0.0,1.0,0.0,0.0,0.0,unsolveable
(RectTW),rectangle-tireworld-ippc08-unit-cost-p03-x7-y7-h4-v3-u0-s3,LMCut,CG-iLAO*-FF-MLO,5,0.1763206,0.0020593600332763,2836.4,92.73430916332964,95.0,0.0,48.0,0.0,115.0,3.0990321069650117,
(RectTW),rectangle-tireworld-ippc08-unit-cost-p04-x7-y7-h3-v4-u20-s4,LMCut,CG-iLAO*-FF-MLO,5,0.0363516,0.0075075323697055,0.0,0.0,1.0,0.0,1.0,0.0,0.0,0.0,unsolveable
(RectTW),rectangle-tireworld-ippc08-unit-cost-p05-x9-y9-h3-v5-u30-s5,LMCut,CG-iLAO*-FF-MLO,5,0.0903877999999999,0.0118872948317194,0.0,0.0,1.0,0.0,1.0,0.0,0.0,0.0,unsolveable
(RectTW),rectangle-tireworld-ippc08-unit-cost-p06-x11-y11-h4-v3-u40-s6,LMCut,CG-iLAO*-FF-MLO,5,8.9537938,0.6079333248484545,19119.4,495.2538766491384,202.0,0.0,114.0,0.0,323.6,1.8176292251171575,
(RectTW),rectangle-tireworld-ippc08-unit-cost-p07-x11-y11-h3-v5-u80-s7,LMCut,CG-iLAO*-FF-MLO,5,0.185438,0.0263463781860687,0.0,0.0,1.0,0.0,1.0,0.0,0.0,0.0,unsolveable
(RectTW),rectangle-tireworld-ippc08-unit-cost-p08-x11-y11-h6-v7-u80-s8,LMCut,CG-iLAO*-FF-MLO,5,0.1833098,0.0090229668211771,0.0,0.0,1.0,0.0,1.0,0.0,0.0,0.0,unsolveable
(RectTW),rectangle-tireworld-ippc08-unit-cost-p09-x15-y15-h4-v4-u60-s9,LMCut,CG-iLAO*-FF-MLO,5,97.5088114,13.992558109300296,78071.2,944.1634319036084,392.0,0.0,224.2,0.3919999999999999,666.2,6.022018266328988,
(RectTW),rectangle-tireworld-ippc08-unit-cost-p10-x15-y15-h10-v10-u150-s10,LMCut,CG-iLAO*-FF-MLO,5,1.2767524,0.3386604085360674,0.0,0.0,1.0,0.0,1.0,0.0,0.0,0.0,unsolveable
(RectTW),rectangle-tireworld-ippc08-unit-cost-p11-x20-y20-h5-v5-u80-s11,LMCut,CG-iLAO*-FF-MLO,5,1245.3362362,185.93677648182185,147828.2,1359.299552704995,717.0,0.0,393.0,0.0,1298.4,9.573952997586732,
(RectTW),rectangle-tireworld-ippc08-unit-cost-p12-x20-y20-h15-v15-u300-s12,LMCut,CG-iLAO*-FF-MLO,5,42.9310072,5.167042810498139,0.0,0.0,1.0,0.0,1.0,0.0,0.0,0.0,unsolveable
(RectTW),rectangle-tireworld-ippc08-unit-cost-p14-x30-y30-h25-v20-u700-s14,LMCut,CG-iLAO*-FF-MLO,5,12.904113,1.0987060904572292,0.0,0.0,1.0,0.0,1.0,0.0,0.0,0.0,unsolveable
(Sched),schedule-ippc04-p01,LMCut,CG-iLAO*-FF-MLO,5,0.028625,0.0059202745600791,650.0,0.0,28.0,0.0,20.0,0.0,20.0,0.0,
(Sched),schedule-ippc04-p02,LMCut,CG-iLAO*-FF-MLO,5,0.0276764,0.0074232464272995,1030.0,0.0,28.0,0.0,20.0,0.0,20.0,0.0,
(Sched),schedule-ippc04-p03,LMCut,CG-iLAO*-FF-MLO,5,0.03566,0.0026986227098429,2100.0,0.0,40.0,0.0,25.0,0.0,25.0,0.0,
(Sched),schedule-ippc04-p04,LMCut,CG-iLAO*-FF-MLO,5,83.5786232,5.65569792610156,13730389.0,173891.36984191433,64794.2,94.8392943035744,39029.4,67.27855242200147,58058.0,122.10029189154298,
(Sched),schedule-ippc04-p05,LMCut,CG-iLAO*-FF-MLO,0,,,,,,,,,,,
(Sched),schedule-ippc08-p01,LMCut,CG-iLAO*-FF-MLO,5,0.0293582,0.0063224846669441,725.0,0.0,40.0,0.0,25.0,0.0,25.0,0.0,
(Sched),schedule-ippc08-p02,LMCut,CG-iLAO*-FF-MLO,5,0.0374514,0.0043988102583966,1125.0,0.0,40.0,0.0,25.0,0.0,25.0,0.0,
(Sched),schedule-ippc08-p03,LMCut,CG-iLAO*-FF-MLO,5,0.0415383999999999,0.0062997794416325,2211.0,0.0,54.0,0.0,30.0,0.0,30.0,0.0,
(Sched),schedule-ippc08-p04,LMCut,CG-iLAO*-FF-MLO,0,,,,,,,,,,,
(S&R),search-and-rescue-ippc08-strips-p01-z4,LMCut,CG-iLAO*-FF-MLO,5,1.3744364,0.174032490321824,408051.0,640.3962202261971,967.0,0.0,773.4,5.244602558821783,1996.6,3.592739344845378,
(S&R),search-and-rescue-ippc08-strips-p02-z5,LMCut,CG-iLAO*-FF-MLO,5,4.2965572000000005,0.3216331578336045,1809867.2,3826.028963202448,3500.0,0.0,2674.6,5.459928204656174,8621.4,10.565836266003746,
(S&R),search-and-rescue-ippc08-strips-p03-z6,LMCut,CG-iLAO*-FF-MLO,5,16.276541,1.0679750798526833,7470298.8,6600.4066539861005,12265.0,0.0,9122.4,16.510600715903706,35729.2,15.96407667232903,
(S&R),search-and-rescue-ippc08-strips-p04-z8,LMCut,CG-iLAO*-FF-MLO,5,239.33324080000003,11.176057677291968,114671125.6,41700.94580206564,141643.0,0.0,102625.0,13.705992849844916,531273.6,102.63852111171516,
(S&R),search-and-rescue-ippc08-strips-p05-z10,LMCut,CG-iLAO*-FF-MLO,0,,,,,,,,,,,
(Sys),sysadmin-ippc08-unit-cost-p01,LMCut,CG-iLAO*-FF-MLO,5,0.1785899999999999,0.0203538454851008,9975.0,110.4873400892609,443.0,0.0,432.0,0.0,471.6,0.999407824664186,
(Sys),sysadmin-ippc08-unit-cost-p02,LMCut,CG-iLAO*-FF-MLO,5,0.6166602,0.0531663916410379,46134.4,615.5135268180545,1603.0,0.0,1581.6,0.7839999999999999,1723.8,3.4731288487471925,
(Sys),sysadmin-ippc08-unit-cost-p03,LMCut,CG-iLAO*-FF-MLO,5,1.9545862,0.1320651412882678,154443.8,772.7871138056069,4683.0,0.0,4624.6,1.176,5010.6,9.792156861488689,
(Sys),sysadmin-ippc08-unit-cost-p04,LMCut,CG-iLAO*-FF-MLO,0,,,,,,,,,,,
(TriTW),triangle-tireworld-ippc08-p01,LMCut,CG-iLAO*-FF-MLO,5,0.0323924,0.0072353469580895,64.2,2.585417567821492,29.0,0.0,22.6,0.7839999999999999,24.6,1.8176292251171575,
(TriTW),triangle-tireworld-ippc08-p02,LMCut,CG-iLAO*-FF-MLO,5,0.2352291999999999,0.0339766216035235,3263.4,443.16185135455873,416.6,30.576,284.4,28.224,334.8,18.24379960424911,
(TriTW),triangle-tireworld-ippc08-p03,LMCut,CG-iLAO*-FF-MLO,5,4.051951,0.3284582456605612,73315.2,8467.383620971947,7559.8,606.508184201994,5326.8,697.1983110019701,6282.4,568.2129581908528,
(TriTW),triangle-tireworld-ippc08-p04,LMCut,CG-iLAO*-FF-MLO,5,82.9091848,5.783259757347759,1618659.6,112032.8068051487,137863.4,10670.583905332263,101829.2,13320.5443574917,117467.8,10717.132844856596,
(TriTW),triangle-tireworld-ippc08-p05,LMCut,CG-iLAO*-FF-MLO,0,,,,,,,,,,,
(Zeno),zenotravel-ippc04-unit-cost_NO_FORALLS-p01-problem,LMCut,CG-iLAO*-FF-MLO,5,0.0218608,0.0021648183052958,0.0,0.0,0.0,0.0,,,,,trivial (s0 in G)
(Zeno),zenotravel-ippc04-unit-cost_NO_FORALLS-p02-problem,LMCut,CG-iLAO*-FF-MLO,0,,,,,,,,,,,
(Zeno),zenotravel-ippc04-unit-cost_NO_FORALLS-p03-problem,LMCut,CG-iLAO*-FF-MLO,0,,,,,,,,,,,
(Zeno),zenotravel-ippc04-unit-cost_NO_FORALLS-p04-problem,LMCut,CG-iLAO*-FF-MLO,0,,,,,,,,,,,
(Zeno),zenotravel-ippc04-unit-cost_NO_FORALLS-p05-problem,LMCut,CG-iLAO*-FF-MLO,0,,,,,,,,,,,
(Zeno),zenotravel-ippc08-unit-cost_NO_FORALLS-p01-c4-p2-a2-s3846-problem,LMCut,CG-iLAO*-FF-MLO,5,82.4326306,4.284023703635711,1820854.2,9944.62202140956,44227.6,363.40989983213166,21573.0,109.64093542103696,43319.0,154.10262398804244,
(Zeno),zenotravel-ippc08-unit-cost_NO_FORALLS-p02-c5-p2-a2-s17462-problem,LMCut,CG-iLAO*-FF-MLO,5,72.60115160000001,2.714496790751991,1091991.0,6176.559074086476,34356.0,264.97793749669046,14821.4,64.98988795189602,30793.4,203.34241961774725,
(Zeno),zenotravel-ippc08-unit-cost_NO_FORALLS-p04-c6-p2-a2-s12861-problem,LMCut,CG-iLAO*-FF-MLO,0,,,,,,,,,,,
(Coresec),coresec-icaps16-bigger-p01-problem,LMCut,CG-iLAO*-FF-MLO,5,25.1146588,2.491606507290359,192753.0,1521.9966029397042,8043.0,0.0,7582.2,5.346167225218456,9559.4,64.93666649898191,
(Coresec),coresec-icaps16-bigger-p02-problem,LMCut,CG-iLAO*-FF-MLO,5,74.5182068,4.613263765693846,651235.6,3730.843478713091,23205.0,0.0,22049.6,20.932579774122445,29565.6,67.85847224923354,
(Coresec),coresec-icaps16-bigger-p03-problem,LMCut,CG-iLAO*-FF-MLO,5,201.0677146,38.62748385016259,2010498.6,5718.833058204794,56778.0,0.0,54260.6,56.404427627625125,76743.2,23.003086401611416,
(Coresec),coresec-icaps16-bigger-p04-problem,LMCut,CG-iLAO*-FF-MLO,5,530.3413838,48.031957280788966,5951776.0,28923.80731463408,152804.0,0.0,146017.8,99.22401999516045,211158.4,412.8690569369421,
(Coresec),coresec-icaps16-bigger-p05-problem,LMCut,CG-iLAO*-FF-MLO,0,,,,,,,,,,,
(Coresec),coresec-icaps16-bigger-p06-problem,LMCut,CG-iLAO*-FF-MLO,0,,,,,,,,,,,
(Coresec),coresec-icaps16-bigger-p07-problem,LMCut,CG-iLAO*-FF-MLO,0,,,,,,,,,,,
(PARC-N),no-repair-parc_NOREPAIR_s4_c1_fN.N_uN-facts,LMCut,CG-iLAO*-FF-MLO,5,45.2056958,2.386104668229932,1332516.0,11260.28025906993,42012.2,250.89791498535809,17619.4,74.36282361502957,39251.4,181.9673964643117,
(PARC-N),no-repair-parc_NOREPAIR_s4_c2_fN.N_uN-facts,LMCut,CG-iLAO*-FF-MLO,5,82.9626892,6.125989939012048,2285594.4,23434.50431276957,73905.8,453.2583802468521,28029.6,169.30316174247898,66239.2,380.2326246707402,
(PARC-N),no-repair-parc_NOREPAIR_s4_c3_fN.N_uN-facts,LMCut,CG-iLAO*-FF-MLO,5,146.7476358,17.406716186993087,3845650.8,24129.877945854263,132940.6,306.3271202097522,52267.0,145.59911153575078,114897.2,470.347077022915,
(PARC-N),no-repair-parc_NOREPAIR_s5_c1_fN.N_uN-facts,LMCut,CG-iLAO*-FF-MLO,5,543.5355496,23.492605853854357,15922470.2,57848.358233520026,410035.2,843.4382169572351,136568.0,310.48899394342465,340549.2,582.2874008460084,
(PARC-N),no-repair-parc_NOREPAIR_s5_c2_fN.N_uN-facts,LMCut,CG-iLAO*-FF-MLO,2,903.088958,18.455430560000035,27860054.5,36439.34,730574.0,1571.92,216140.5,387.0999999999999,586259.5,988.8199999999998,
(PARC-N),no-repair-parc_NOREPAIR_s5_c3_fN.N_uN-facts,LMCut,CG-iLAO*-FF-MLO,0,,,,,,,,,,,
(PARC-R),with-repair-parc_REPAIR_s4_c1_fN.N_uN-facts,LMCut,CG-iLAO*-FF-MLO,5,183.3080284,4.958905375572695,9589648.0,17675.255005526793,156155.4,74.99042989608742,48668.4,25.08953120327281,166941.4,176.9627113716333,
(PARC-R),with-repair-parc_REPAIR_s4_c2_fN.N_uN-facts,LMCut,CG-iLAO*-FF-MLO,5,543.0728621999999,20.85003644974095,28966553.0,36608.75388735104,382549.8,796.7932533248508,121634.8,226.3705816222594,440370.6,722.3860725789223,
(PARC-R),with-repair-parc_REPAIR_s4_c3_fN.N_uN-facts,LMCut,CG-iLAO*-FF-MLO,5,829.4156744,7.9609119362082525,40985852.6,130419.6026971716,578349.8,2035.1764927258769,174541.4,797.9011951463664,588785.8,3031.6535550725443,
(PARC-R),with-repair-parc_REPAIR_s5_c1_fN.N_uN-facts,LMCut,CG-iLAO*-FF-MLO,0,,,,,,,,,,,
(PARC-R),with-repair-parc_REPAIR_s5_c2_fN.N_uN-facts,LMCut,CG-iLAO*-FF-MLO,0,,,,,,,,,,,
(PARC-R),with-repair-parc_REPAIR_s5_c3_fN.N_uN-facts,LMCut,CG-iLAO*-FF-MLO,0,,,,,,,,,,,
(TriTW),intermediate-triangle-tireworld-tire6-start10,PDB,CG-iLAO*-FF-MLO,0,,,,,,,,,,,
(TriTW),intermediate-triangle-tireworld-tire6-start8,PDB,CG-iLAO*-FF-MLO,0,,,,,,,,,,,
(TriTW),intermediate-triangle-tireworld-tire6-start9,PDB,CG-iLAO*-FF-MLO,0,,,,,,,,,,,
(BW),blocksworld-ippc04-p01,PDB,CG-iLAO*-FF-MLO,5,0.5631232,0.0122373449623382,3881.0,221.11110872138468,242.2,7.65153474800971,117.8,3.687717993556448,203.4,7.7065644745243,
(BW),blocksworld-ippc04-p02,PDB,CG-iLAO*-FF-MLO,5,0.590227,0.0068828388495561,3510.6,223.99001427742263,163.2,4.4866450717657615,81.0,1.96,154.6,3.196663260338817,
(BW),blocksworld-ippc04-p03,PDB,CG-iLAO*-FF-MLO,5,0.5101632,0.012922769506154,22.0,0.0,12.0,0.0,12.0,0.0,12.0,0.0,
(BW),blocksworld-ippc04-p04,PDB,CG-iLAO*-FF-MLO,5,0.7104272,0.0331632860012596,8230.4,1081.9580986045623,360.4,5.767864076068366,173.8,1.998815649328372,355.6,5.095999999999999,
(BW),blocksworld-ippc04-p05,PDB,CG-iLAO*-FF-MLO,5,0.5400628000000001,0.0166717185509947,2160.6,207.52281555530223,132.6,2.744,59.0,2.055665342413497,112.0,5.78116943187103,
(BW),blocksworld-ippc04-p06,PDB,CG-iLAO*-FF-MLO,5,208.47819,1.446733530818255,991412.2,4944.089661911887,66938.2,334.9819480270541,16460.8,65.69772647512241,37938.6,109.87474002699618,
(BW),blocksworld-ippc04-p07,PDB,CG-iLAO*-FF-MLO,0,,,,,,,,,,,
(BW),blocksworld-ippc04-p08,PDB,CG-iLAO*-FF-MLO,5,21.939227,0.8028820450886732,224234.4,3073.546275964622,15980.6,346.4804379124455,3403.0,76.02930698092678,7388.8,144.24108618559413,
(BW),blocksworld-ippc04-p09,PDB,CG-iLAO*-FF-MLO,5,63.17131379999999,2.756256044810895,182229.4,4133.427944679331,13973.0,414.0807905711155,2816.8,80.41830080274016,6866.8,200.63106096514565,
(BW),blocksworld-ippc04-p10,PDB,CG-iLAO*-FF-MLO,5,1339.1354752,12.378268382163744,2766309.8,11811.53677104821,184959.2,305.8569794920495,43519.2,110.7103358499106,96403.6,196.53005127969612,
(BW),blocksworld-ippc08-p01-c0-C0-g1-n5,PDB,CG-iLAO*-FF-MLO,5,0.2577166,0.0206137320543393,2069.2,345.14392369560846,127.6,2.2857331427793577,72.8,1.6860557523403543,131.0,2.23474383319431,
(BW),blocksworld-ippc08-p02-c1-C1-g20-n5,PDB,CG-iLAO*-FF-MLO,5,0.267649,0.0203271354031284,2069.2,345.14392369560846,127.6,2.2857331427793577,72.8,1.6860557523403543,131.0,2.23474383319431,
(BW),blocksworld-ippc08-p03-c1-C2-g40-n5,PDB,CG-iLAO*-FF-MLO,5,0.2761834,0.0165511920326366,2069.2,345.14392369560846,127.6,2.2857331427793577,72.8,1.6860557523403543,131.0,2.23474383319431,
(BW),blocksworld-ippc08-p04-c2-C1-g0-n5,PDB,CG-iLAO*-FF-MLO,5,0.2736248,0.0190820868180035,2069.2,345.14392369560846,127.6,2.2857331427793577,72.8,1.6860557523403543,131.0,2.23474383319431,
(BW),blocksworld-ippc08-p05-c0-C0-g1-n10,PDB,CG-iLAO*-FF-MLO,5,530.8611812,13.609435815969867,8160486.2,61801.52679341622,377644.8,476.1547209720807,118380.0,157.80982326838844,285643.8,439.6941876168026,
(BW),blocksworld-ippc08-p06-c1-C1-g20-n10,PDB,CG-iLAO*-FF-MLO,5,538.625048,17.9758981058662,8160486.2,61801.52679341622,377644.8,476.1547209720807,118380.0,157.80982326838844,285643.8,439.6941876168026,
(BW),blocksworld-ippc08-p07-c1-C2-g0-n10,PDB,CG-iLAO*-FF-MLO,5,545.1831996,9.80949911157298,8160486.2,61801.52679341622,377644.8,476.1547209720807,118380.0,157.80982326838844,285643.8,439.6941876168026,
(BW),blocksworld-ippc08-p08-c3-C2-g0-n10,PDB,CG-iLAO*-FF-MLO,5,543.5952266,8.80512818706878,8160486.2,61801.52679341622,377644.8,476.1547209720807,118380.0,157.80982326838844,285643.8,439.6941876168026,
(BW),blocksworld-ippc08-p09-c0-C0-g1-n14,PDB,CG-iLAO*-FF-MLO,0,,,,,,,,,,,
(BW),blocksworld-ippc08-p10-c1-C1-g20-n14,PDB,CG-iLAO*-FF-MLO,0,,,,,,,,,,,
(BW),blocksworld-ippc08-p11-c1-C2-g0-n14,PDB,CG-iLAO*-FF-MLO,0,,,,,,,,,,,
(BW),blocksworld-ippc08-p12-c3-C2-g0-n14,PDB,CG-iLAO*-FF-MLO,0,,,,,,,,,,,
(Elev),elevators-ippc04-p01,PDB,CG-iLAO*-FF-MLO,5,0.4514476,0.0829441272577549,12943.6,403.7521979828717,663.2,7.212160841245846,533.4,15.390680816650054,1280.8,28.941708035290517,
(Elev),elevators-ippc04-p02,PDB,CG-iLAO*-FF-MLO,5,0.1023768,0.0200017864250027,534.6,45.39251674009714,62.0,10.334238239947826,47.0,6.441217276260753,94.2,11.334156519123953,
(Elev),elevators-ippc04-p03,PDB,CG-iLAO*-FF-MLO,5,0.4535108,0.0739312483099311,15442.4,605.7112281739542,706.2,35.934877542576935,544.8,41.70426817485232,1316.4,95.92112643208482,
(Elev),elevators-ippc04-p04,PDB,CG-iLAO*-FF-MLO,5,0.3476599999999999,0.0211257710828949,9460.8,127.80853267290098,440.0,9.8,330.8,10.58036974779237,754.8,25.610833332791024,
(Elev),elevators-ippc04-p05,PDB,CG-iLAO*-FF-MLO,5,0.260112,0.0280937566597562,5228.8,193.52000223232736,498.2,11.94474880439099,271.4,7.951901407839511,608.8,21.2946581094884,
(Elev),elevators-ippc04-p06,PDB,CG-iLAO*-FF-MLO,5,3.5533088,0.3738922300400116,171466.4,1923.736615177868,5051.2,90.27369353250148,3386.8,33.80303986330223,8908.0,109.85271084502192,
(Elev),elevators-ippc04-p07,PDB,CG-iLAO*-FF-MLO,5,3.5953258,0.2777334089884175,146808.4,9381.61237824373,4688.2,242.85926505694604,3389.4,216.0917555484244,9037.8,557.2709142813753,
(Elev),elevators-ippc04-p08,PDB,CG-iLAO*-FF-MLO,5,21.767916,5.238242962235193,1402645.2,9112.268384145847,14262.4,8.352452095043706,13577.0,9.741022533594714,42243.4,102.9860173810018,
(Elev),elevators-ippc04-p09,PDB,CG-iLAO*-FF-MLO,5,12.3136254,1.1497379098230485,744807.0,23146.90343439657,12239.2,316.0127881969335,10231.0,386.0160164552761,29656.8,974.7827829747506,
(Elev),elevators-ippc04-p10,PDB,CG-iLAO*-FF-MLO,5,23.8494976,4.390051899653136,4139758.8,41295.60661763311,14626.8,18.296366415220263,14418.0,16.48032523950908,48632.8,49.50076912533784,
(Elev),elevators-ippc04-p11,PDB,CG-iLAO*-FF-MLO,1,881.425553,,170224668.0,,514775.0,,498144.0,,2075275.0,,
(Elev),elevators-ippc04-p12,PDB,CG-iLAO*-FF-MLO,5,393.9950706,71.13295403215935,23979374.2,412183.9338557464,251961.6,16254.088791929742,184912.8,9454.959519392136,610369.4,23213.52305654133,
(Elev),elevators-ippc04-p13,PDB,CG-iLAO*-FF-MLO,0,,,,,,,,,,,
(Elev),elevators-ippc04-p14,PDB,CG-iLAO*-FF-MLO,5,598.4359735999999,25.754953015317778,41324881.8,618790.3659404665,422626.6,2882.020523163567,361482.2,2239.220732251289,1197706.2,7011.835677189248,
(Elev),elevators-ippc04-p15,PDB,CG-iLAO*-FF-MLO,0,,,,,,,,,,,
(ExBW),exploding-blocksworld-ippc04-fixed-p01,PDB,CG-iLAO*-FF-MLO,5,0.097205,0.0116521499531305,66.0,0.0,33.0,0.0,20.0,0.0,23.0,0.0,
(ExBW),exploding-blocksworld-ippc04-fixed-p02,PDB,CG-iLAO*-FF-MLO,5,0.0718652,0.0149563425072383,12.0,0.0,8.0,0.0,6.0,0.0,6.0,0.0,
(ExBW),exploding-blocksworld-ippc04-fixed-p03,PDB,CG-iLAO*-FF-MLO,5,0.0999986,0.0165537554242297,64.8,0.9601999791710056,32.0,0.0,18.0,0.0,21.0,0.0,
(ExBW),exploding-blocksworld-ippc04-fixed-p04,PDB,CG-iLAO*-FF-MLO,5,0.2459328,0.0183847209666957,1707.0,6.675519455443149,432.4,0.7839999999999999,212.8,1.5679999999999998,270.4,2.017943507633452,
(ExBW),exploding-blocksworld-ippc04-fixed-p05,PDB,CG-iLAO*-FF-MLO,5,0.0730084,0.0061679398978472,0.0,0.0,0.0,0.0,,,,,trivial (s0 in G)
(ExBW),exploding-blocksworld-ippc04-fixed-p06,PDB,CG-iLAO*-FF-MLO,5,0.8090491999999999,0.1058118856527098,57376.0,441.8606889959775,2678.6,60.05921025121791,1019.2,19.73088300102152,1388.6,31.247096761139264,
(ExBW),exploding-blocksworld-ippc04-fixed-p07,PDB,CG-iLAO*-FF-MLO,5,10.1831022,0.8176263385714454,357799.4,4303.610058127478,54633.8,155.0921137389003,16466.6,70.10555880955518,23573.8,83.52544081895049,
(ExBW),exploding-blocksworld-ippc04-fixed-p08,PDB,CG-iLAO*-FF-MLO,5,0.9633638,0.0998182491526405,10499.6,701.8848941072887,6354.8,220.38228146563867,1470.6,83.42235249619851,2218.8,114.40995299360978,
(ExBW),exploding-blocksworld-ippc04-fixed-p09,PDB,CG-iLAO*-FF-MLO,5,78.40984040000001,7.341890277808314,3925318.2,108423.97326372236,312279.0,778.3389263810463,96954.4,343.40385824274017,182730.2,580.4497560202777,
(ExBW),exploding-blocksworld-ippc04-fixed-p10,PDB,CG-iLAO*-FF-MLO,0,,,,,,,,,,,
(ExBW),exploding-blocksworld-ippc08-fixed-p01-n2-N5-s1,PDB,CG-iLAO*-FF-MLO,5,0.1347539999999999,0.0079843475954094,315.8,3.061617872955408,105.0,0.0,61.2,0.3919999999999999,72.2,0.7333648478076924,
(ExBW),exploding-blocksworld-ippc08-fixed-p02-n3-N5-s2,PDB,CG-iLAO*-FF-MLO,5,0.1622098,0.0244256529421193,497.4,34.490431368714425,138.0,0.0,80.0,0.0,95.2,0.9601999791710056,
(ExBW),exploding-blocksworld-ippc08-fixed-p03-n3-N6-s3,PDB,CG-iLAO*-FF-MLO,5,0.3944519999999999,0.0229697423040904,39246.2,875.355705107358,712.0,0.0,343.6,0.7839999999999999,496.6,1.4667296956153848,
(ExBW),exploding-blocksworld-ippc08-fixed-p04-n4-N6-s4,PDB,CG-iLAO*-FF-MLO,5,1.4056343999999998,0.1271123627935075,29662.2,8735.069824851085,2402.6,12.059974129325486,1048.8,4.083202664575933,1442.2,12.55624402438882,
(ExBW),exploding-blocksworld-ippc08-fixed-p05-n5-N7-s5,PDB,CG-iLAO*-FF-MLO,5,0.1535114,0.0147260954135743,702.8,13.795392854137932,255.0,0.0,67.0,0.0,106.4,0.4800999895855028,
(ExBW),exploding-blocksworld-ippc08-fixed-p06-n6-N8-s6,PDB,CG-iLAO*-FF-MLO,5,0.6904918,0.0660934378479139,33932.0,162.31001299981466,1456.4,11.720734447977224,651.0,4.382693235899588,838.0,7.489149484420776,
(ExBW),exploding-blocksworld-ippc08-fixed-p07-n7-N9-s7,PDB,CG-iLAO*-FF-MLO,5,0.4259402,0.0267906978750622,4677.4,553.253043675315,2092.4,270.61106100083936,586.6,67.65720136097856,839.4,105.692170835876,
(ExBW),exploding-blocksworld-ippc08-fixed-p08-n8-N10-s8,PDB,CG-iLAO*-FF-MLO,0,,,,,,,,,,,
(ExBW),exploding-blocksworld-ippc08-fixed-p09-n9-N11-s9,PDB,CG-iLAO*-FF-MLO,5,20.6834898,1.038326961004305,1067072.6,18550.622222977207,63775.8,203.31861396340477,15197.6,64.61641723277452,28180.2,141.46855842907283,
(ExBW),exploding-blocksworld-ippc08-fixed-p10-n10-N12-s10,PDB,CG-iLAO*-FF-MLO,5,416.45361539999993,19.69930250983725,84978883.8,264737.66279757576,746013.8,484.2054548061184,175626.4,149.80042915826374,339241.4,407.3451547962735,
(ExBW),exploding-blocksworld-ippc08-fixed-p11-n11-N13-s11,PDB,CG-iLAO*-FF-MLO,0,,,,,,,,,,,
(Rand),random-ippc04-p03-problem,PDB,CG-iLAO*-FF-MLO,5,7.7871364,1.6085485540617837,599350.2,10496.243935186718,39830.0,574.3672902942855,4793.0,83.37490749620055,13322.8,258.33023064287306,
(Rand),random-ippc04-p04-problem,PDB,CG-iLAO*-FF-MLO,5,0.3432719999999999,0.0178272839795769,3.0,0.0,2.0,0.0,2.0,0.0,2.0,0.0,
(Rand),random-ippc04-p05-problem,PDB,CG-iLAO*-FF-MLO,5,2.280274,0.4719823674550949,156609.6,48732.199264160605,25657.4,8435.867746887452,96.4,31.81364386548639,441.4,153.01136407469872,
(Rand),random-ippc04-p06-problem,PDB,CG-iLAO*-FF-MLO,0,,,,,,,,,,,
(Rand),random-ippc04-p07-problem,PDB,CG-iLAO*-FF-MLO,5,0.2917088,0.0137431949330067,913.6,3.011009133164494,691.6,4.495199216942448,8.0,0.0,16.6,0.7839999999999999,
(Rand),random-ippc04-p08-problem,PDB,CG-iLAO*-FF-MLO,0,,,,,,,,,,,
(Rand),random-ippc04-p09-problem,PDB,CG-iLAO*-FF-MLO,5,1.1763542,0.0544051755592725,25307.2,6189.975401817361,11561.4,2551.75490003566,36.4,8.142850606513667,53.0,11.56233886374206,
(Rand),random-ippc04-p10-problem,PDB,CG-iLAO*-FF-MLO,0,,,,,,,,,,,
(Rand),random-ippc04-p13-problem,PDB,CG-iLAO*-FF-MLO,5,7.1745576,2.00964886901686,522275.2,157791.79777453648,133578.2,36928.39548616733,335.8,99.36910054941626,641.6,190.201413496325,
(RectTW),rectangle-tireworld-ippc08-unit-cost-p01-x5-y5-h2-v2-u0-s1,PDB,CG-iLAO*-FF-MLO,5,0.3594608,0.0156160030255038,1025.4,33.115300632789065,47.0,0.0,23.0,0.0,51.4,1.4667296956153848,
(RectTW),rectangle-tireworld-ippc08-unit-cost-p02-x5-y5-h2-v3-u15-s2,PDB,CG-iLAO*-FF-MLO,5,0.380376,0.0086267300928683,0.0,0.0,1.0,0.0,1.0,0.0,0.0,0.0,unsolveable
(RectTW),rectangle-tireworld-ippc08-unit-cost-p03-x7-y7-h4-v3-u0-s3,PDB,CG-iLAO*-FF-MLO,5,0.8791996000000001,0.007343819444824,1745.2,53.17129962677234,87.6,0.999407824664186,41.4,0.4800999895855028,86.4,1.176,
(RectTW),rectangle-tireworld-ippc08-unit-cost-p04-x7-y7-h3-v4-u20-s4,PDB,CG-iLAO*-FF-MLO,5,0.9341856,0.0142534503903951,0.0,0.0,1.0,0.0,1.0,0.0,0.0,0.0,unsolveable
(RectTW),rectangle-tireworld-ippc08-unit-cost-p05-x9-y9-h3-v5-u30-s5,PDB,CG-iLAO*-FF-MLO,5,2.0921212,0.056163172014678,0.0,0.0,1.0,0.0,1.0,0.0,0.0,0.0,unsolveable
(RectTW),rectangle-tireworld-ippc08-unit-cost-p06-x11-y11-h4-v3-u40-s6,PDB,CG-iLAO*-FF-MLO,5,8.667855,0.4607009799712767,11392.8,702.495663348892,164.4,0.7839999999999999,82.6,0.7839999999999999,224.8,2.432296034614208,
(RectTW),rectangle-tireworld-ippc08-unit-cost-p07-x11-y11-h3-v5-u80-s7,PDB,CG-iLAO*-FF-MLO,5,4.501932999999999,0.1368394065898569,0.0,0.0,1.0,0.0,1.0,0.0,0.0,0.0,unsolveable
(RectTW),rectangle-tireworld-ippc08-unit-cost-p08-x11-y11-h6-v7-u80-s8,PDB,CG-iLAO*-FF-MLO,5,4.4833778,0.0928738416512501,0.0,0.0,1.0,0.0,1.0,0.0,0.0,0.0,unsolveable
(RectTW),rectangle-tireworld-ippc08-unit-cost-p09-x15-y15-h4-v4-u60-s9,PDB,CG-iLAO*-FF-MLO,5,78.9032178,7.52936814035698,56044.0,1873.0885386868392,367.4,1.920399958342012,204.2,0.7333648478076924,583.0,7.84,
(RectTW),rectangle-tireworld-ippc08-unit-cost-p10-x15-y15-h10-v10-u150-s10,PDB,CG-iLAO*-FF-MLO,5,15.3852358,0.2722682285656321,0.0,0.0,1.0,0.0,1.0,0.0,0.0,0.0,unsolveable
(RectTW),rectangle-tireworld-ippc08-unit-cost-p11-x20-y20-h5-v5-u80-s11,PDB,CG-iLAO*-FF-MLO,5,1081.830666,137.2585770197847,92137.0,1133.8472099537926,710.6,1.592311527308648,384.4,0.9994078246641857,1222.0,11.56233886374206,
(RectTW),rectangle-tireworld-ippc08-unit-cost-p12-x20-y20-h15-v15-u300-s12,PDB,CG-iLAO*-FF-MLO,5,96.2332526,10.228632342342992,0.0,0.0,1.0,0.0,1.0,0.0,0.0,0.0,unsolveable
(RectTW),rectangle-tireworld-ippc08-unit-cost-p14-x30-y30-h25-v20-u700-s14,PDB,CG-iLAO*-FF-MLO,0,,,,,,,,,,,unsolveable
(Sched),schedule-ippc04-p01,PDB,CG-iLAO*-FF-MLO,5,0.0812712,0.0188074528915848,650.0,0.0,28.0,0.0,20.0,0.0,20.0,0.0,
(Sched),schedule-ippc04-p02,PDB,CG-iLAO*-FF-MLO,5,0.0774138,0.0115595274681789,1030.0,0.0,28.0,0.0,20.0,0.0,20.0,0.0,
(Sched),schedule-ippc04-p03,PDB,CG-iLAO*-FF-MLO,5,0.096095,0.0173275637220054,2100.0,0.0,40.0,0.0,25.0,0.0,25.0,0.0,
(Sched),schedule-ippc04-p04,PDB,CG-iLAO*-FF-MLO,5,138.3163082,9.86668095071212,18056076.6,286660.860438111,136214.8,116.4863469424636,77634.0,104.03705109238729,127691.4,175.0737566170327,
(Sched),schedule-ippc04-p05,PDB,CG-iLAO*-FF-MLO,0,,,,,,,,,,,
(Sched),schedule-ippc08-p01,PDB,CG-iLAO*-FF-MLO,5,0.090104,0.006724815812068,725.0,0.0,40.0,0.0,25.0,0.0,25.0,0.0,
(Sched),schedule-ippc08-p02,PDB,CG-iLAO*-FF-MLO,5,0.1066502,0.0068822286172477,1125.0,0.0,40.0,0.0,25.0,0.0,25.0,0.0,
(Sched),schedule-ippc08-p03,PDB,CG-iLAO*-FF-MLO,5,0.1242112,0.0144027187916581,2211.0,0.0,54.0,0.0,30.0,0.0,30.0,0.0,
(Sched),schedule-ippc08-p04,PDB,CG-iLAO*-FF-MLO,0,,,,,,,,,,,
(S&R),search-and-rescue-ippc08-strips-p01-z4,PDB,CG-iLAO*-FF-MLO,5,1.2888472,0.189828281837511,412420.0,1546.6383472292416,967.0,0.0,770.2,1.998815649328372,1996.4,6.45908476488736,
(S&R),search-and-rescue-ippc08-strips-p02-z5,PDB,CG-iLAO*-FF-MLO,5,4.3020836000000005,0.3427032143212193,1831469.8,3212.141585407468,3500.0,0.0,2669.8,2.7994399439887974,8660.0,7.46345764374663,
(S&R),search-and-rescue-ippc08-strips-p03-z6,PDB,CG-iLAO*-FF-MLO,5,15.5935566,0.2669001354963362,7546891.0,7881.877041740755,12265.0,0.0,9121.8,9.709421403976654,35734.2,31.029963325792053,
(S&R),search-and-rescue-ippc08-strips-p04-z8,PDB,CG-iLAO*-FF-MLO,5,227.6562082,12.071275988471792,115741671.2,41649.40088779458,141643.0,0.0,102647.8,28.05882221334317,531543.6,55.168342516338114,
(S&R),search-and-rescue-ippc08-strips-p05-z10,PDB,CG-iLAO*-FF-MLO,0,,,,,,,,,,,
(Sys),sysadmin-ippc08-unit-cost-p01,PDB,CG-iLAO*-FF-MLO,5,0.2435352,0.0235659808720092,11542.8,305.0117716810287,501.0,0.0,496.0,0.0,546.8,0.3919999999999999,
(Sys),sysadmin-ippc08-unit-cost-p02,PDB,CG-iLAO*-FF-MLO,5,0.6728916,0.0293874660329456,52856.6,437.6446075253298,1607.8,0.3919999999999999,1597.2,0.7333648478076924,1746.4,3.314660766956401,
(Sys),sysadmin-ippc08-unit-cost-p03,PDB,CG-iLAO*-FF-MLO,5,2.1538188000000003,0.1015379730295833,179370.2,1145.0957435184189,4721.2,1.1428665713896788,4702.8,2.0927073373981373,5119.8,8.019250837827682,
(Sys),sysadmin-ippc08-unit-cost-p04,PDB,CG-iLAO*-FF-MLO,0,,,,,,,,,,,
(TriTW),triangle-tireworld-ippc08-p01,PDB,CG-iLAO*-FF-MLO,5,0.0672022,0.0077296431162055,96.6,10.728202831788742,27.0,0.0,24.0,0.0,25.2,0.7333648478076924,
(TriTW),triangle-tireworld-ippc08-p02,PDB,CG-iLAO*-FF-MLO,5,0.3086088,0.0306599030857865,2072.4,94.38290404517124,366.6,58.02262124378731,287.0,41.16,307.2,41.06375413914319,
(TriTW),triangle-tireworld-ippc08-p03,PDB,CG-iLAO*-FF-MLO,5,3.7542348,0.276717364764865,98237.0,19289.757850984028,5203.2,615.9738996288722,4035.8,440.7662189233653,4373.6,464.1222888162128,
(TriTW),triangle-tireworld-ippc08-p04,PDB,CG-iLAO*-FF-MLO,5,49.6949386,7.454167816813283,2203586.8,617743.9172828635,76854.2,3753.8544263815024,60804.6,2914.436405526118,64351.8,2903.4020175897103,
(TriTW),triangle-tireworld-ippc08-p05,PDB,CG-iLAO*-FF-MLO,2,813.558166,84.70691543999995,35542085.5,21748703.9,1307567.5,176794.94,1055806.5,163735.45999999996,1098520.5,161060.05999999997,
(Zeno),zenotravel-ippc04-unit-cost_NO_FORALLS-p01-problem,PDB,CG-iLAO*-FF-MLO,5,0.1738252,0.0136358080884318,0.0,0.0,0.0,0.0,,,,,trivial (s0 in G)
(Zeno),zenotravel-ippc04-unit-cost_NO_FORALLS-p02-problem,PDB,CG-iLAO*-FF-MLO,5,295.0548342,11.44804993831007,18389049.6,42324.09748178283,229297.2,316.1349371138849,120830.0,119.85043412520456,313750.0,441.1611261206046,
(Zeno),zenotravel-ippc04-unit-cost_NO_FORALLS-p03-problem,PDB,CG-iLAO*-FF-MLO,0,,,,,,,,,,,
(Zeno),zenotravel-ippc04-unit-cost_NO_FORALLS-p04-problem,PDB,CG-iLAO*-FF-MLO,5,297.9926978,48.311535318286246,16321101.6,24976.863921825254,268780.8,467.7737823179063,108318.8,151.33611724898984,281773.6,295.1519219927256,
(Zeno),zenotravel-ippc04-unit-cost_NO_FORALLS-p05-problem,PDB,CG-iLAO*-FF-MLO,0,,,,,,,,,,,
(Zeno),zenotravel-ippc08-unit-cost_NO_FORALLS-p01-c4-p2-a2-s3846-problem,PDB,CG-iLAO*-FF-MLO,5,33.3607838,5.399029785242638,1604236.2,9318.96961962126,40841.4,254.06212235593085,18813.4,60.91975127985995,40695.0,133.7389451132317,
(Zeno),zenotravel-ippc08-unit-cost_NO_FORALLS-p02-c5-p2-a2-s17462-problem,PDB,CG-iLAO*-FF-MLO,5,25.1646124,1.8044553473217573,970084.8,5079.992619544244,34090.2,217.134387290452,14004.4,43.6407105350039,30676.6,100.13586098895838,
(Zeno),zenotravel-ippc08-unit-cost_NO_FORALLS-p04-c6-p2-a2-s12861-problem,PDB,CG-iLAO*-FF-MLO,5,118.7019796,17.63661600433656,6115602.6,16580.876250729816,127478.0,304.0869096820841,51332.4,115.90479513807873,125439.2,263.65344174503014,
(Coresec),coresec-icaps16-bigger-p01-problem,PDB,CG-iLAO*-FF-MLO,5,1.1331086,0.1343666466350441,5233.0,27.12317090607217,653.6,1.817629225117158,532.4,1.4667296956153848,541.2,2.5100247010736765,
(Coresec),coresec-icaps16-bigger-p02-problem,PDB,CG-iLAO*-FF-MLO,5,1.2189131999999998,0.1678116276724329,5195.4,102.56738241760875,659.0,3.0990321069650117,505.0,8.809104381263738,534.2,5.925556851469742,
(Coresec),coresec-icaps16-bigger-p03-problem,PDB,CG-iLAO*-FF-MLO,5,13.72046,0.791290531877217,132408.0,1593.7375757382392,9382.2,19.67238633211538,7239.8,15.400661803961542,8511.6,48.57716764077544,
(Coresec),coresec-icaps16-bigger-p04-problem,PDB,CG-iLAO*-FF-MLO,5,14.2464264,0.6055033080744469,132362.2,887.3351864904265,9380.8,25.172077864173232,7239.0,20.96375538876563,8510.4,61.85531453319108,
(Coresec),coresec-icaps16-bigger-p05-problem,PDB,CG-iLAO*-FF-MLO,5,34.8215012,2.5925189456407423,406965.6,1187.2871448204935,22996.8,53.93882964989136,17838.6,43.42450662932165,22231.4,108.09999711378347,
(Coresec),coresec-icaps16-bigger-p06-problem,PDB,CG-iLAO*-FF-MLO,5,518.5890728,33.72137040198573,6949204.0,5205.529606347465,313160.4,210.3944743000633,232609.4,158.64574654241443,340954.4,409.7317064812045,
(Coresec),coresec-icaps16-bigger-p07-problem,PDB,CG-iLAO*-FF-MLO,0,,,,,,,,,,,
(PARC-N),no-repair-parc_NOREPAIR_s4_c1_fN.N_uN-facts,PDB,CG-iLAO*-FF-MLO,5,1555.9744632,68.95847170664939,2326481.4,12917.337161267254,55982.8,415.2265435446053,21952.0,120.10818589921338,48716.8,188.65587990836647,
(PARC-N),no-repair-parc_NOREPAIR_s4_c2_fN.N_uN-facts,PDB,CG-iLAO*-FF-MLO,0,,,,,,,,,,,
(PARC-N),no-repair-parc_NOREPAIR_s4_c3_fN.N_uN-facts,PDB,CG-iLAO*-FF-MLO,0,,,,,,,,,,,
(PARC-N),no-repair-parc_NOREPAIR_s5_c1_fN.N_uN-facts,PDB,CG-iLAO*-FF-MLO,0,,,,,,,,,,,
(PARC-N),no-repair-parc_NOREPAIR_s5_c2_fN.N_uN-facts,PDB,CG-iLAO*-FF-MLO,0,,,,,,,,,,,
(PARC-N),no-repair-parc_NOREPAIR_s5_c3_fN.N_uN-facts,PDB,CG-iLAO*-FF-MLO,0,,,,,,,,,,,
(PARC-R),with-repair-parc_REPAIR_s4_c1_fN.N_uN-facts,PDB,CG-iLAO*-FF-MLO,0,,,,,,,,,,,
(PARC-R),with-repair-parc_REPAIR_s4_c2_fN.N_uN-facts,PDB,CG-iLAO*-FF-MLO,0,,,,,,,,,,,
(PARC-R),with-repair-parc_REPAIR_s4_c3_fN.N_uN-facts,PDB,CG-iLAO*-FF-MLO,0,,,,,,,,,,,
(PARC-R),with-repair-parc_REPAIR_s5_c1_fN.N_uN-facts,PDB,CG-iLAO*-FF-MLO,0,,,,,,,,,,,
(PARC-R),with-repair-parc_REPAIR_s5_c2_fN.N_uN-facts,PDB,CG-iLAO*-FF-MLO,0,,,,,,,,,,,
(PARC-R),with-repair-parc_REPAIR_s5_c3_fN.N_uN-facts,PDB,CG-iLAO*-FF-MLO,0,,,,,,,,,,,
(TriTW),intermediate-triangle-tireworld-tire6-start10,ROC,CG-iLAO*-FF-AO,0,,,,,,,,,,,
(TriTW),intermediate-triangle-tireworld-tire6-start8,ROC,CG-iLAO*-FF-AO,0,,,,,,,,,,,
(TriTW),intermediate-triangle-tireworld-tire6-start9,ROC,CG-iLAO*-FF-AO,0,,,,,,,,,,,
(BW),blocksworld-ippc04-p01,ROC,CG-iLAO*-FF-AO,5,0.3893216,0.0087596193300722,4849.6,74.35765741334244,447.6,8.375417362734826,172.6,3.314660766956401,292.6,7.401433374691687,
(BW),blocksworld-ippc04-p02,ROC,CG-iLAO*-FF-AO,5,0.3328622,0.014334090559292,3824.0,165.318767476654,318.2,14.43497086938522,117.6,4.092600151492936,220.0,8.874277435374667,
(BW),blocksworld-ippc04-p03,ROC,CG-iLAO*-FF-AO,5,0.129467,0.0139243457033729,21.0,0.0,12.0,0.0,12.0,0.0,12.0,0.0,
(BW),blocksworld-ippc04-p04,ROC,CG-iLAO*-FF-AO,5,0.5616548,0.0153337724909711,10214.2,510.8176652231205,699.0,22.714023861922836,273.2,7.291621493193404,509.8,12.510267143430628,
(BW),blocksworld-ippc04-p05,ROC,CG-iLAO*-FF-AO,5,0.2516848,0.018338426142796,2951.4,122.16571669662484,258.2,9.1176874260966,85.0,3.0990321069650117,164.0,4.997039123320929,
(BW),blocksworld-ippc04-p06,ROC,CG-iLAO*-FF-AO,5,206.3423324,3.640689773388796,1053796.6,9642.012385975037,81064.8,733.1674413283775,17374.2,178.3033448480426,37844.0,267.8610893728315,
(BW),blocksworld-ippc04-p07,ROC,CG-iLAO*-FF-AO,0,,,,,,,,,,,
(BW),blocksworld-ippc04-p08,ROC,CG-iLAO*-FF-AO,5,44.2825022,3.343600635628193,245224.6,2687.791500413676,20569.2,360.1274792958738,3887.2,70.60735077879639,8084.6,136.72401433544877,
(BW),blocksworld-ippc04-p09,ROC,CG-iLAO*-FF-AO,5,33.509477,1.860978765601748,187328.4,2783.9689591258016,16043.8,123.72149717813797,2787.0,37.00716687345844,6220.2,33.58069778905733,
(BW),blocksworld-ippc04-p10,ROC,CG-iLAO*-FF-AO,5,874.76139,76.96685320125769,2812408.6,15345.728465887045,212315.0,1010.644878956006,44078.6,161.30407042601252,93452.2,255.325943343014,
(BW),blocksworld-ippc08-p01-c0-C0-g1-n5,ROC,CG-iLAO*-FF-AO,5,0.2479994,0.0191554352514688,2200.8,307.06226011022585,158.6,9.928517311260528,83.4,5.133553934653848,149.4,13.909096879380773,
(BW),blocksworld-ippc08-p02-c1-C1-g20-n5,ROC,CG-iLAO*-FF-AO,5,0.2616926,0.0260145764805336,2200.8,307.06226011022585,158.6,9.928517311260528,83.4,5.133553934653848,149.4,13.909096879380773,
(BW),blocksworld-ippc08-p03-c1-C2-g40-n5,ROC,CG-iLAO*-FF-AO,5,0.2546044,0.0066440438254978,2200.8,307.06226011022585,158.6,9.928517311260528,83.4,5.133553934653848,149.4,13.909096879380773,
(BW),blocksworld-ippc08-p04-c2-C1-g0-n5,ROC,CG-iLAO*-FF-AO,5,0.2505772,0.0192421547977409,2200.8,307.06226011022585,158.6,9.928517311260528,83.4,5.133553934653848,149.4,13.909096879380773,
(BW),blocksworld-ippc08-p05-c0-C0-g1-n10,ROC,CG-iLAO*-FF-AO,3,1204.064393333333,15.05666630154172,8032031.666666667,82642.98746334972,332174.6666666667,396.23414379771856,104673.33333333331,187.9636707215283,247150.66666666663,478.5910824260914,
(BW),blocksworld-ippc08-p06-c1-C1-g20-n10,ROC,CG-iLAO*-FF-AO,4,1235.1478935,26.401890921014893,8025448.75,53498.75504546593,331862.0,502.6543461796916,104569.5,163.6697801468962,247010.75,586.1691092452189,
(BW),blocksworld-ippc08-p07-c1-C2-g0-n10,ROC,CG-iLAO*-FF-AO,4,1217.89466075,22.72459725374203,8029077.75,58723.522070276354,331918.25,575.3990391313955,104595.5,202.33064589099365,246953.75,513.3101018228,
(BW),blocksworld-ippc08-p08-c3-C2-g0-n10,ROC,CG-iLAO*-FF-AO,4,1213.94459075,8.040453422917745,8044796.75,63568.15427416755,332211.5,289.3313424662688,104690.75,137.22420619798342,247274.25,416.1692628006061,
(BW),blocksworld-ippc08-p09-c0-C0-g1-n14,ROC,CG-iLAO*-FF-AO,5,1215.0598022,31.979629000438948,878921.6,16306.063037864657,82008.0,1793.8811529418551,13454.6,305.1088630898814,27755.4,577.0453039545508,
(BW),blocksworld-ippc08-p10-c1-C1-g20-n14,ROC,CG-iLAO*-FF-AO,5,1222.7140206,34.42533195156964,878921.6,16306.063037864657,82008.0,1793.8811529418551,13454.6,305.1088630898814,27755.4,577.0453039545508,
(BW),blocksworld-ippc08-p11-c1-C2-g0-n14,ROC,CG-iLAO*-FF-AO,5,1228.6284522,50.92988550019408,878921.6,16306.063037864657,82008.0,1793.8811529418551,13454.6,305.1088630898814,27755.4,577.0453039545508,
(BW),blocksworld-ippc08-p12-c3-C2-g0-n14,ROC,CG-iLAO*-FF-AO,5,1218.225012,72.84343657193232,878921.6,16306.063037864657,82008.0,1793.8811529418551,13454.6,305.1088630898814,27755.4,577.0453039545508,
(Elev),elevators-ippc04-p01,ROC,CG-iLAO*-FF-AO,5,0.7629052,0.1356308079386228,24205.8,339.0949545835208,749.2,3.687717993556448,671.8,5.0505667008762485,1788.4,15.062698828563224,
(Elev),elevators-ippc04-p02,ROC,CG-iLAO*-FF-AO,5,0.1233416,0.0241628091756586,1131.2,63.97651369057241,109.2,0.7333648478076924,71.6,1.9203999583420115,160.2,4.035887015266904,
(Elev),elevators-ippc04-p03,ROC,CG-iLAO*-FF-AO,5,0.8358829999999999,0.1041582244102154,30718.6,516.1263202899072,797.2,1.3001169178193166,717.8,1.6860557523403548,1952.6,19.897620360234036,
(Elev),elevators-ippc04-p04,ROC,CG-iLAO*-FF-AO,5,0.6131576,0.0459204627455074,19507.4,430.12493619412487,625.8,4.221969208793451,485.6,3.9003507534579502,1307.4,16.002532799528954,
(Elev),elevators-ippc04-p05,ROC,CG-iLAO*-FF-AO,5,0.5648426000000001,0.0384058730582052,11124.8,556.4151066820526,626.0,6.984863635032541,406.6,11.53905784715546,1001.4,38.08961349239448,
(Elev),elevators-ippc04-p06,ROC,CG-iLAO*-FF-AO,5,8.1733942,0.5732036239390955,366518.0,3051.074654950284,8423.2,44.80390233004263,6137.6,38.44598829526951,17036.6,110.35966190596996,
(Elev),elevators-ippc04-p07,ROC,CG-iLAO*-FF-AO,5,7.664158,0.6510138674422624,336282.2,20084.914556079744,7891.6,255.61556246832856,6198.4,268.33151633008,17066.6,806.3742522278349,
(Elev),elevators-ippc04-p08,ROC,CG-iLAO*-FF-AO,5,19.5928878,1.217301134605262,1831170.4,8195.232045911573,14594.0,8.96043748931937,14294.2,13.809309323785891,46869.2,60.39026862003513,
(Elev),elevators-ippc04-p09,ROC,CG-iLAO*-FF-AO,5,17.740827000000003,1.7723435070832108,1213459.2,9850.804154198984,13720.6,43.09148147836182,12739.2,51.65408855066556,38881.4,191.9515570554196,
(Elev),elevators-ippc04-p10,ROC,CG-iLAO*-FF-AO,5,21.171903,1.694291868408333,4781373.2,57476.56770358146,14729.6,2.1109846043967253,14681.4,3.314660766956401,50705.4,64.10608407943819,
(Elev),elevators-ippc04-p11,ROC,CG-iLAO*-FF-AO,1,925.778795,,189243649.0,,518650.0,,504405.0,,2181989.0,,
(Elev),elevators-ippc04-p12,ROC,CG-iLAO*-FF-AO,5,441.5626874,25.44608699908783,36068264.0,203682.6072321051,341215.6,471.6912560732921,264167.8,452.20024792562856,885088.0,1627.7596446650225,
(Elev),elevators-ippc04-p13,ROC,CG-iLAO*-FF-AO,0,,,,,,,,,,,
(Elev),elevators-ippc04-p14,ROC,CG-iLAO*-FF-AO,3,774.4057343333334,35.366853373948786,78528938.33333333,17813.806614575984,498188.6666666667,192.44409935817148,465443.0,181.17370375783932,1689358.0,2180.394950278504,
(Elev),elevators-ippc04-p15,ROC,CG-iLAO*-FF-AO,0,,,,,,,,,,,
(ExBW),exploding-blocksworld-ippc04-fixed-p01,ROC,CG-iLAO*-FF-AO,5,0.0756503999999999,0.0092943524172357,58.0,0.0,32.0,0.0,18.0,0.0,20.0,0.0,
(ExBW),exploding-blocksworld-ippc04-fixed-p02,ROC,CG-iLAO*-FF-AO,5,0.0905475999999999,0.0149988970302251,78.2,3.840799916684024,59.0,0.0,20.0,0.0,25.0,0.0,
(ExBW),exploding-blocksworld-ippc04-fixed-p03,ROC,CG-iLAO*-FF-AO,5,0.089167,0.0118801371851203,54.8,0.9601999791710056,31.0,0.0,16.0,0.0,18.0,0.0,
(ExBW),exploding-blocksworld-ippc04-fixed-p04,ROC,CG-iLAO*-FF-AO,5,0.2374354,0.0392905823793918,1236.6,4.320899906269525,375.0,0.0,175.0,0.0,206.2,0.392,
(ExBW),exploding-blocksworld-ippc04-fixed-p05,ROC,CG-iLAO*-FF-AO,5,0.0611412,0.0091383991703177,0.0,0.0,0.0,0.0,,,,,trivial (s0 in G)
(ExBW),exploding-blocksworld-ippc04-fixed-p06,ROC,CG-iLAO*-FF-AO,5,1.4254158,0.209031686383532,56418.0,491.7678668640317,2384.0,39.99072492466222,962.0,10.08971753816726,1262.8,19.257935091800466,
(ExBW),exploding-blocksworld-ippc04-fixed-p07,ROC,CG-iLAO*-FF-AO,5,31.4962848,1.0441027489708932,436104.8,3590.48918974337,74795.0,401.7966536446016,20246.8,121.05503303869688,29947.8,183.3196288017189,
(ExBW),exploding-blocksworld-ippc04-fixed-p08,ROC,CG-iLAO*-FF-AO,5,0.921654,0.0258708418145309,2935.2,17.3035922282051,1947.8,2.658673353385105,553.8,2.658673353385105,677.6,3.074139879706192,
(ExBW),exploding-blocksworld-ippc04-fixed-p09,ROC,CG-iLAO*-FF-AO,5,151.20725299999998,12.164077416841108,4036861.4,155209.8701458278,315733.0,383.3135675135958,96831.6,153.9437453617392,182727.8,293.3180437409195,
(ExBW),exploding-blocksworld-ippc04-fixed-p10,ROC,CG-iLAO*-FF-AO,5,576.3465103999999,22.025404672811945,20710802.8,111597.6302780043,1022913.8,2485.469299730737,358993.6,944.0593058997932,557068.6,1427.3179174157378,
(ExBW),exploding-blocksworld-ippc08-fixed-p01-n2-N5-s1,ROC,CG-iLAO*-FF-AO,5,0.1521962,0.0057552412666215,596.2,8.529941617619665,205.6,10.08209978129556,84.6,4.092600151492935,104.8,3.4731288487471925,
(ExBW),exploding-blocksworld-ippc08-fixed-p02-n3-N5-s2,ROC,CG-iLAO*-FF-AO,5,0.129721,0.0012389493173814,519.0,24.100828201536974,102.0,0.0,62.8,0.3919999999999999,70.0,0.8765386471799175,
(ExBW),exploding-blocksworld-ippc08-fixed-p03-n3-N6-s3,ROC,CG-iLAO*-FF-AO,5,0.4118526,0.0295302989312295,38211.4,825.0705148628206,737.0,0.0,329.2,0.392,480.6,1.8176292251171575,
(ExBW),exploding-blocksworld-ippc08-fixed-p04-n4-N6-s4,ROC,CG-iLAO*-FF-AO,5,0.713699,0.0809707013903236,6237.6,67.3926555048842,1249.8,11.368,559.2,4.083202664575933,675.6,7.190823040514903,
(ExBW),exploding-blocksworld-ippc08-fixed-p05-n5-N7-s5,ROC,CG-iLAO*-FF-AO,5,0.1123691999999999,0.0148439248930538,125.6,0.7839999999999999,80.0,0.0,40.0,0.0,48.4,0.4800999895855028,
(ExBW),exploding-blocksworld-ippc08-fixed-p06-n6-N8-s6,ROC,CG-iLAO*-FF-AO,5,0.6882786000000001,0.0324171174816925,29055.4,10895.163574545177,1321.2,9.408,572.2,3.582030708969425,704.0,5.64670523402807,
(ExBW),exploding-blocksworld-ippc08-fixed-p07-n7-N9-s7,ROC,CG-iLAO*-FF-AO,5,0.8255962,0.0468944798253941,4641.4,553.5126755694037,2087.6,156.4684093866874,589.4,42.65691334356015,819.6,65.87058171900411,
(ExBW),exploding-blocksworld-ippc08-fixed-p08-n8-N10-s8,ROC,CG-iLAO*-FF-AO,0,,,,,,,,,,,
(ExBW),exploding-blocksworld-ippc08-fixed-p09-n9-N11-s9,ROC,CG-iLAO*-FF-AO,5,47.0097138,1.8526614266092007,965535.2,8918.777060915021,45419.8,220.2933627325163,11976.8,91.08919444149237,21273.0,159.9448870079941,
(ExBW),exploding-blocksworld-ippc08-fixed-p10-n10-N12-s10,ROC,CG-iLAO*-FF-AO,5,696.3266374,26.06067832439445,69297910.2,174990.2470630266,579496.0,297.4812558800974,142792.0,211.8142537224537,268137.8,174.09103522008246,
(ExBW),exploding-blocksworld-ippc08-fixed-p11-n11-N13-s11,ROC,CG-iLAO*-FF-AO,0,,,,,,,,,,,
(Rand),random-ippc04-p03-problem,ROC,CG-iLAO*-FF-AO,5,0.152352,0.0084901158035258,26.0,0.0,12.0,0.0,12.0,0.0,12.0,0.0,
(Rand),random-ippc04-p04-problem,ROC,CG-iLAO*-FF-AO,5,0.3339056,0.0172058083915384,3.0,0.0,2.0,0.0,2.0,0.0,2.0,0.0,
(Rand),random-ippc04-p05-problem,ROC,CG-iLAO*-FF-AO,5,18.9866578,4.377920915874489,11019.4,3005.5354508266905,6319.4,1834.520380768772,31.4,9.909152133255397,60.2,14.22047200341817,
(Rand),random-ippc04-p06-problem,ROC,CG-iLAO*-FF-AO,5,0.6514675999999999,0.0219206456395557,16.0,0.0,16.0,0.0,16.0,0.0,16.0,0.0,
(Rand),random-ippc04-p07-problem,ROC,CG-iLAO*-FF-AO,5,1.1862932000000002,0.0259682212013603,3196.4,9.350658586431226,1796.0,4.016804700256162,27.6,0.4800999895855028,45.2,0.9601999791710056,
(Rand),random-ippc04-p08-problem,ROC,CG-iLAO*-FF-AO,0,,,,,,,,,,,
(Rand),random-ippc04-p09-problem,ROC,CG-iLAO*-FF-AO,5,6.6856812,3.7560875570208103,8018.8,5592.711595087306,3266.6,1928.934037341868,14.4,5.834087417925788,20.8,9.24322368008045,
(Rand),random-ippc04-p10-problem,ROC,CG-iLAO*-FF-AO,0,,,,,,,,,,,
(Rand),random-ippc04-p13-problem,ROC,CG-iLAO*-FF-AO,5,50.270555,25.4718998688728,56000.0,23029.798310946622,13818.2,5293.79227620276,34.6,13.474198157961014,58.0,20.19846330788558,
(RectTW),rectangle-tireworld-ippc08-unit-cost-p01-x5-y5-h2-v2-u0-s1,ROC,CG-iLAO*-FF-AO,5,0.2140445999999999,0.0113486812108163,1448.0,119.92413401813664,48.0,0.0,24.0,0.0,72.6,3.749700788062962,
(RectTW),rectangle-tireworld-ippc08-unit-cost-p02-x5-y5-h2-v3-u15-s2,ROC,CG-iLAO*-FF-AO,5,0.1938918,0.0147478887149715,0.0,0.0,1.0,0.0,1.0,0.0,0.0,0.0,unsolveable
(RectTW),rectangle-tireworld-ippc08-unit-cost-p03-x7-y7-h4-v3-u0-s3,ROC,CG-iLAO*-FF-AO,5,0.555138,0.022772328553927,3711.0,204.507004867804,96.0,0.0,48.0,0.0,155.8,5.088455954412891,
(RectTW),rectangle-tireworld-ippc08-unit-cost-p04-x7-y7-h3-v4-u20-s4,ROC,CG-iLAO*-FF-AO,5,0.4360212,0.0164881194224369,0.0,0.0,1.0,0.0,1.0,0.0,0.0,0.0,unsolveable
(RectTW),rectangle-tireworld-ippc08-unit-cost-p05-x9-y9-h3-v5-u30-s5,ROC,CG-iLAO*-FF-AO,5,1.0992088,0.0543455334920181,0.0,0.0,1.0,0.0,1.0,0.0,0.0,0.0,unsolveable
(RectTW),rectangle-tireworld-ippc08-unit-cost-p06-x11-y11-h4-v3-u40-s6,ROC,CG-iLAO*-FF-AO,5,8.814091000000001,2.040246941453848,19849.2,1022.6372830598344,204.0,0.0,115.2,0.3919999999999999,350.4,3.011009133164494,
(RectTW),rectangle-tireworld-ippc08-unit-cost-p07-x11-y11-h3-v5-u80-s7,ROC,CG-iLAO*-FF-AO,5,2.6613028,0.1650924670449989,0.0,0.0,1.0,0.0,1.0,0.0,0.0,0.0,unsolveable
(RectTW),rectangle-tireworld-ippc08-unit-cost-p08-x11-y11-h6-v7-u80-s8,ROC,CG-iLAO*-FF-AO,5,2.6172794,0.1238514837014182,0.0,0.0,1.0,0.0,1.0,0.0,0.0,0.0,unsolveable
(RectTW),rectangle-tireworld-ippc08-unit-cost-p09-x15-y15-h4-v4-u60-s9,ROC,CG-iLAO*-FF-AO,5,63.0259836,7.55036342996175,79546.2,1347.6398155827835,392.0,0.0,224.0,0.0,684.4,9.967134793911438,
(RectTW),rectangle-tireworld-ippc08-unit-cost-p10-x15-y15-h10-v10-u150-s10,ROC,CG-iLAO*-FF-AO,5,9.8134108,0.0916906218756402,0.0,0.0,1.0,0.0,1.0,0.0,0.0,0.0,unsolveable
(RectTW),rectangle-tireworld-ippc08-unit-cost-p11-x20-y20-h5-v5-u80-s11,ROC,CG-iLAO*-FF-AO,5,667.7432368,108.61688677789644,152879.8,2049.3225566864776,716.0,0.0,392.0,0.0,1407.0,10.463536686990684,
(RectTW),rectangle-tireworld-ippc08-unit-cost-p12-x20-y20-h15-v15-u300-s12,ROC,CG-iLAO*-FF-AO,5,59.2808232,4.370829077504256,0.0,0.0,1.0,0.0,1.0,0.0,0.0,0.0,unsolveable
(RectTW),rectangle-tireworld-ippc08-unit-cost-p14-x30-y30-h25-v20-u700-s14,ROC,CG-iLAO*-FF-AO,0,,,,,,,,,,,unsolveable
(Sched),schedule-ippc04-p01,ROC,CG-iLAO*-FF-AO,5,0.0835066,0.0080169706943069,510.0,0.0,28.0,0.0,20.0,0.0,20.0,0.0,
(Sched),schedule-ippc04-p02,ROC,CG-iLAO*-FF-AO,5,0.0697324,0.0067656839271677,770.0,0.0,28.0,0.0,20.0,0.0,20.0,0.0,
(Sched),schedule-ippc04-p03,ROC,CG-iLAO*-FF-AO,5,0.0937732,0.0084530903404745,1475.0,0.0,40.0,0.0,25.0,0.0,25.0,0.0,
(Sched),schedule-ippc04-p04,ROC,CG-iLAO*-FF-AO,5,78.647298,4.189827444986423,16445196.8,217311.91050220744,86521.0,182.5737632848707,51281.6,45.32476162099476,78250.6,89.35450618743299,
(Sched),schedule-ippc04-p05,ROC,CG-iLAO*-FF-AO,0,,,,,,,,,,,
(Sched),schedule-ippc08-p01,ROC,CG-iLAO*-FF-AO,5,0.0896904,0.0157116065335947,600.0,0.0,40.0,0.0,25.0,0.0,25.0,0.0,
(Sched),schedule-ippc08-p02,ROC,CG-iLAO*-FF-AO,5,0.1001292,0.0065987964025134,850.0,0.0,40.0,0.0,25.0,0.0,25.0,0.0,
(Sched),schedule-ippc08-p03,ROC,CG-iLAO*-FF-AO,5,0.116798,0.0068306917285089,1581.0,0.0,54.0,0.0,30.0,0.0,30.0,0.0,
(Sched),schedule-ippc08-p04,ROC,CG-iLAO*-FF-AO,0,,,,,,,,,,,
(S&R),search-and-rescue-ippc08-strips-p01-z4,ROC,CG-iLAO*-FF-AO,5,1.2026008,0.1162382755934153,414588.4,1331.2111070209712,967.0,0.0,773.2,5.012391046197413,1995.0,4.016804700256162,
(S&R),search-and-rescue-ippc08-strips-p02-z5,ROC,CG-iLAO*-FF-AO,5,4.2249188,0.3625237510652185,1847486.4,5034.832709413094,3500.0,0.0,2680.0,5.680619684506259,8647.0,15.38319082635329,
(S&R),search-and-rescue-ippc08-strips-p03-z6,ROC,CG-iLAO*-FF-AO,5,16.022656,0.927379030076258,7621214.0,12703.748625932423,12265.0,0.0,9122.6,15.353194325611852,35760.6,7.24404969612992,
(S&R),search-and-rescue-ippc08-strips-p04-z8,ROC,CG-iLAO*-FF-AO,5,241.661042,18.760589501083444,116958681.6,41452.28968910567,141643.0,0.0,102669.8,23.75888684261113,531759.6,99.42939171090204,
(S&R),search-and-rescue-ippc08-strips-p05-z10,ROC,CG-iLAO*-FF-AO,0,,,,,,,,,,,
(Sys),sysadmin-ippc08-unit-cost-p01,ROC,CG-iLAO*-FF-AO,5,0.2700992,0.0174503013673937,9574.2,161.18590032630024,443.0,0.0,432.0,0.0,472.8,1.4402999687565088,
(Sys),sysadmin-ippc08-unit-cost-p02,ROC,CG-iLAO*-FF-AO,5,0.8944872,0.1681701359836983,45124.4,1507.4516090727425,1568.0,0.0,1542.6,0.4800999895855028,1682.4,1.4667296956153848,
(Sys),sysadmin-ippc08-unit-cost-p03,ROC,CG-iLAO*-FF-AO,0,,,,,,,,,,,
(Sys),sysadmin-ippc08-unit-cost-p04,ROC,CG-iLAO*-FF-AO,0,,,,,,,,,,,
(TriTW),triangle-tireworld-ippc08-p01,ROC,CG-iLAO*-FF-AO,5,0.066342,0.0083533866113235,108.8,0.9601999791710056,29.0,0.0,24.0,0.0,25.4,0.4800999895855028,
(TriTW),triangle-tireworld-ippc08-p02,ROC,CG-iLAO*-FF-AO,5,0.332309,0.027470500263088,2488.8,106.52992173093904,350.8,10.562199770881064,256.4,5.281099885440532,277.8,5.0505667008762485,
(TriTW),triangle-tireworld-ippc08-p03,ROC,CG-iLAO*-FF-AO,5,3.6405514,0.1923361284138249,81702.0,5482.345041501857,4144.0,14.147344627172972,3164.6,7.217485434692611,3481.8,6.053830522900356,
(TriTW),triangle-tireworld-ippc08-p04,ROC,CG-iLAO*-FF-AO,5,47.8537266,6.123831127285791,2398049.8,102487.54310533346,50122.6,136.7970482722489,37931.8,104.99711036023804,40895.0,104.83160363172932,
(TriTW),triangle-tireworld-ippc08-p05,ROC,CG-iLAO*-FF-AO,5,852.6221462,54.11103037646405,51806859.2,1437032.7051840678,592971.8,5279.65260028953,486059.2,4700.544124373688,518387.6,4974.194432622834,
(Zeno),zenotravel-ippc04-unit-cost_NO_FORALLS-p01-problem,ROC,CG-iLAO*-FF-AO,5,0.1773988,0.0124541998741205,0.0,0.0,0.0,0.0,,,,,trivial (s0 in G)
(Zeno),zenotravel-ippc04-unit-cost_NO_FORALLS-p02-problem,ROC,CG-iLAO*-FF-AO,5,550.0807338000001,17.684791610305496,38831330.0,62290.16454408448,622816.2,208.239646330856,315011.6,211.88733179687736,718880.4,447.8699071114289,
(Zeno),zenotravel-ippc04-unit-cost_NO_FORALLS-p03-problem,ROC,CG-iLAO*-FF-AO,0,,,,,,,,,,,
(Zeno),zenotravel-ippc04-unit-cost_NO_FORALLS-p04-problem,ROC,CG-iLAO*-FF-AO,5,584.0442822,28.93341612777657,33429454.8,20703.093705872656,732805.2,491.6789603633656,278770.8,151.67842161626024,640872.2,477.5870509802375,
(Zeno),zenotravel-ippc04-unit-cost_NO_FORALLS-p05-problem,ROC,CG-iLAO*-FF-AO,0,,,,,,,,,,,
(Zeno),zenotravel-ippc08-unit-cost_NO_FORALLS-p01-c4-p2-a2-s3846-problem,ROC,CG-iLAO*-FF-AO,5,26.2022404,1.6873767362136811,1626210.4,5405.048207749492,38877.4,89.85397629487522,19791.4,69.94646592930911,39553.0,144.7417203158785,
(Zeno),zenotravel-ippc08-unit-cost_NO_FORALLS-p02-c5-p2-a2-s17462-problem,ROC,CG-iLAO*-FF-AO,5,19.8584302,0.8814060328320201,993959.4,8355.386679938636,28846.0,324.31989171187143,13591.0,114.89846996370316,28380.6,215.910347542678,
(Zeno),zenotravel-ippc08-unit-cost_NO_FORALLS-p04-c6-p2-a2-s12861-problem,ROC,CG-iLAO*-FF-AO,5,287.6516294,54.11849338630409,17036800.4,31236.11460807403,352142.4,366.7675891024178,161405.2,185.1618130825036,357740.6,406.49738470991423,
(Coresec),coresec-icaps16-bigger-p01-problem,ROC,CG-iLAO*-FF-AO,5,8.1152654,0.8296485622030999,71375.0,518.9186524302243,7861.2,4.129976271118274,5114.6,17.29470948006933,6652.2,6.085476480933929,
(Coresec),coresec-icaps16-bigger-p02-problem,ROC,CG-iLAO*-FF-AO,5,23.5604164,1.7544043336107948,231100.0,2256.426367085795,22706.0,15.532304400828616,14454.6,66.02785908993263,19092.8,81.98659148909655,
(Coresec),coresec-icaps16-bigger-p03-problem,ROC,CG-iLAO*-FF-AO,5,69.218756,4.751047054296296,854479.0,3307.494511995447,55999.0,16.723291542038005,40825.4,42.93518575713863,55280.8,68.07269337994494,
(Coresec),coresec-icaps16-bigger-p04-problem,ROC,CG-iLAO*-FF-AO,5,181.5273766,12.309372480117052,2210829.0,2612.2152489869586,150333.0,35.32352870255179,101608.2,100.04336131898008,138739.4,129.85587986687392,
(Coresec),coresec-icaps16-bigger-p05-problem,ROC,CG-iLAO*-FF-AO,0,,,,,,,,,,,
(Coresec),coresec-icaps16-bigger-p06-problem,ROC,CG-iLAO*-FF-AO,0,,,,,,,,,,,
(Coresec),coresec-icaps16-bigger-p07-problem,ROC,CG-iLAO*-FF-AO,0,,,,,,,,,,,
(PARC-N),no-repair-parc_NOREPAIR_s4_c1_fN.N_uN-facts,ROC,CG-iLAO*-FF-AO,5,18.9257148,0.904244399119651,765689.8,3792.1028972410554,25897.0,43.47932106185652,10519.0,12.050414100768489,21679.0,43.686461060607776,
(PARC-N),no-repair-parc_NOREPAIR_s4_c2_fN.N_uN-facts,ROC,CG-iLAO*-FF-AO,5,25.900652,2.120111954842094,1033547.2,8666.405745150869,33490.6,302.56433090501594,12861.8,82.46081289921898,26954.8,123.71528694547008,
(PARC-N),no-repair-parc_NOREPAIR_s4_c3_fN.N_uN-facts,ROC,CG-iLAO*-FF-AO,5,36.010467,8.32564658046916,1528336.0,4777.111622777931,38082.2,178.67998988135182,15574.6,43.25609432207212,30195.0,76.01667396038845,
(PARC-N),no-repair-parc_NOREPAIR_s5_c1_fN.N_uN-facts,ROC,CG-iLAO*-FF-AO,5,203.160433,30.069825688736184,8597734.2,21226.93189148314,243945.4,241.65981332443337,77571.2,62.41730708705719,182048.2,360.776002616582,
(PARC-N),no-repair-parc_NOREPAIR_s5_c2_fN.N_uN-facts,ROC,CG-iLAO*-FF-AO,5,279.6412116,40.05976441387822,11977510.4,55992.28145521002,299636.2,627.3045450369382,91293.6,108.47249870819792,224871.0,392.9284305315664,
(PARC-N),no-repair-parc_NOREPAIR_s5_c3_fN.N_uN-facts,ROC,CG-iLAO*-FF-AO,5,304.8912776,14.654177366121068,17792105.6,78411.5328957067,332249.0,504.7637435474144,106051.8,72.78279950647679,246230.6,292.1285154448295,
(PARC-R),with-repair-parc_REPAIR_s4_c1_fN.N_uN-facts,ROC,CG-iLAO*-FF-AO,5,74.1936498,1.968344854310308,6390842.8,13831.132756869338,101364.6,112.19797402805452,28042.8,22.47086789601149,90092.0,69.64760096370871,
(PARC-R),with-repair-parc_REPAIR_s4_c2_fN.N_uN-facts,ROC,CG-iLAO*-FF-AO,5,200.5830054,9.83281535448703,16967474.4,42202.99846345063,218449.4,33.85527692989676,60874.8,15.450470025212825,203235.0,193.8607454850001,
(PARC-R),with-repair-parc_REPAIR_s4_c3_fN.N_uN-facts,ROC,CG-iLAO*-FF-AO,5,274.25613080000005,6.165297394128726,24076255.6,56922.91146448445,304126.0,75.83705795981277,79970.6,11.166840914063384,249774.8,145.2152346828665,
(PARC-R),with-repair-parc_REPAIR_s5_c1_fN.N_uN-facts,ROC,CG-iLAO*-FF-AO,5,930.2718914,10.466092661324012,65668499.6,201200.80027033557,1085867.6,753.6427091506957,239975.2,137.4411480743667,902558.0,1234.1648588742105,
(PARC-R),with-repair-parc_REPAIR_s5_c2_fN.N_uN-facts,ROC,CG-iLAO*-FF-AO,0,,,,,,,,,,,
(PARC-R),with-repair-parc_REPAIR_s5_c3_fN.N_uN-facts,ROC,CG-iLAO*-FF-AO,0,,,,,,,,,,,
(TriTW),intermediate-triangle-tireworld-tire6-start10,LMCut,CG-iLAO*-FF-AO,0,,,,,,,,,,,
(TriTW),intermediate-triangle-tireworld-tire6-start8,LMCut,CG-iLAO*-FF-AO,0,,,,,,,,,,,
(TriTW),intermediate-triangle-tireworld-tire6-start9,LMCut,CG-iLAO*-FF-AO,0,,,,,,,,,,,
(BW),blocksworld-ippc04-p01,LMCut,CG-iLAO*-FF-AO,5,3.7491119999999993,0.3692869371234067,56884.6,9053.618595850832,3313.4,394.8379014431112,1367.2,173.07299426542548,2976.8,410.6138720306463,
(BW),blocksworld-ippc04-p02,LMCut,CG-iLAO*-FF-AO,5,2.2463032,0.0709413150253738,34127.2,1307.5905225352467,1966.8,41.24112006238433,792.2,18.421914775614397,1703.4,38.44099187065807,
(BW),blocksworld-ippc04-p03,LMCut,CG-iLAO*-FF-AO,5,1.1358006,0.1565101676514445,13405.8,1819.210445414164,1137.4,94.15673537246286,403.6,35.39740465062375,819.8,78.41322888390708,
(BW),blocksworld-ippc04-p04,LMCut,CG-iLAO*-FF-AO,5,5.2665664,0.4994387899287795,90666.8,9202.489933494302,4401.2,446.9867556695612,1964.8,206.95168417773263,4377.2,484.263764888516,
(BW),blocksworld-ippc04-p05,LMCut,CG-iLAO*-FF-AO,5,1.9616296,0.2332391145482252,32068.6,4043.300935831514,1813.6,212.9435142379312,742.4,90.82353228101184,1606.8,217.46321450764952,
(BW),blocksworld-ippc04-p06,LMCut,CG-iLAO*-FF-AO,0,,,,,,,,,,,
(BW),blocksworld-ippc04-p07,LMCut,CG-iLAO*-FF-AO,0,,,,,,,,,,,
(BW),blocksworld-ippc04-p08,LMCut,CG-iLAO*-FF-AO,0,,,,,,,,,,,
(BW),blocksworld-ippc04-p09,LMCut,CG-iLAO*-FF-AO,0,,,,,,,,,,,
(BW),blocksworld-ippc04-p10,LMCut,CG-iLAO*-FF-AO,0,,,,,,,,,,,
(BW),blocksworld-ippc08-p01-c0-C0-g1-n5,LMCut,CG-iLAO*-FF-AO,5,1.3124616,0.0680246816969424,21167.0,1300.598905919884,731.8,40.32744653458733,504.2,39.16764664873293,1049.0,73.809030341822,
(BW),blocksworld-ippc08-p02-c1-C1-g20-n5,LMCut,CG-iLAO*-FF-AO,5,1.3427928,0.0794950049084618,21167.0,1300.598905919884,731.8,40.32744653458733,504.2,39.16764664873293,1049.0,73.809030341822,
(BW),blocksworld-ippc08-p03-c1-C2-g40-n5,LMCut,CG-iLAO*-FF-AO,5,1.425535,0.2162806921269857,21167.0,1300.598905919884,731.8,40.32744653458733,504.2,39.16764664873293,1049.0,73.809030341822,
(BW),blocksworld-ippc08-p04-c2-C1-g0-n5,LMCut,CG-iLAO*-FF-AO,5,1.3051448,0.064597756767513,21167.0,1300.598905919884,731.8,40.32744653458733,504.2,39.16764664873293,1049.0,73.809030341822,
(BW),blocksworld-ippc08-p05-c0-C0-g1-n10,LMCut,CG-iLAO*-FF-AO,0,,,,,,,,,,,
(BW),blocksworld-ippc08-p06-c1-C1-g20-n10,LMCut,CG-iLAO*-FF-AO,0,,,,,,,,,,,
(BW),blocksworld-ippc08-p07-c1-C2-g0-n10,LMCut,CG-iLAO*-FF-AO,0,,,,,,,,,,,
(BW),blocksworld-ippc08-p08-c3-C2-g0-n10,LMCut,CG-iLAO*-FF-AO,0,,,,,,,,,,,
(BW),blocksworld-ippc08-p09-c0-C0-g1-n14,LMCut,CG-iLAO*-FF-AO,0,,,,,,,,,,,
(BW),blocksworld-ippc08-p10-c1-C1-g20-n14,LMCut,CG-iLAO*-FF-AO,0,,,,,,,,,,,
(BW),blocksworld-ippc08-p11-c1-C2-g0-n14,LMCut,CG-iLAO*-FF-AO,0,,,,,,,,,,,
(BW),blocksworld-ippc08-p12-c3-C2-g0-n14,LMCut,CG-iLAO*-FF-AO,0,,,,,,,,,,,
(Elev),elevators-ippc04-p01,LMCut,CG-iLAO*-FF-AO,5,0.0728732,0.0095571940113269,978.2,48.71851951773576,251.0,3.92,131.4,5.996446947985115,198.4,13.573619119453737,
(Elev),elevators-ippc04-p02,LMCut,CG-iLAO*-FF-AO,5,0.0148792,0.0041765887103309,8.0,0.0,8.0,0.0,8.0,0.0,8.0,0.0,
(Elev),elevators-ippc04-p03,LMCut,CG-iLAO*-FF-AO,5,0.0888206,0.0149342054803787,1820.6,100.61617571742627,202.8,8.574859998857125,147.6,7.453156109997965,245.4,13.559460756239533,
(Elev),elevators-ippc04-p04,LMCut,CG-iLAO*-FF-AO,5,0.1219394,0.0086457454137451,1892.8,129.85410484077892,180.2,5.592014306133344,137.0,6.104385308939795,218.4,12.186724580460494,
(Elev),elevators-ippc04-p05,LMCut,CG-iLAO*-FF-AO,5,0.0265498,0.0078899682146726,218.2,18.85475176182386,61.0,0.0,35.0,0.0,43.0,0.8765386471799175,
(Elev),elevators-ippc04-p06,LMCut,CG-iLAO*-FF-AO,5,0.762046,0.0351988476802636,14442.4,468.8583019378029,783.4,21.19701714864617,477.4,9.205742555600825,1043.2,22.63269634842477,
(Elev),elevators-ippc04-p07,LMCut,CG-iLAO*-FF-AO,5,0.386605,0.042029875743152,4684.4,212.08848364774548,510.8,11.8154028285116,312.0,9.641925118979092,575.0,18.789439587172367,
(Elev),elevators-ippc04-p08,LMCut,CG-iLAO*-FF-AO,5,10.9399658,0.4113456356182912,582048.8,7514.252754550115,9749.8,70.7079338122675,7288.4,51.315330418891385,19407.2,149.69499198035984,
(Elev),elevators-ippc04-p09,LMCut,CG-iLAO*-FF-AO,5,5.679574199999999,0.2902501734585787,136839.2,1325.521264553685,5945.8,65.39295546157858,3591.4,17.22794288358305,8751.2,52.49507923605792,
(Elev),elevators-ippc04-p10,LMCut,CG-iLAO*-FF-AO,5,22.0551124,2.955158764606855,2836467.0,28995.572553626876,13400.0,29.911680661574334,12350.0,28.33539129780988,37764.4,82.07837873642485,
(Elev),elevators-ippc04-p11,LMCut,CG-iLAO*-FF-AO,3,1098.061239,27.180570212639378,112566695.66666669,1898403.8246214043,376698.6666666667,376.8374336206235,320482.0,576.7375629637221,1156511.0,2474.5005821781497,
(Elev),elevators-ippc04-p12,LMCut,CG-iLAO*-FF-AO,5,247.0089196,5.720586883568464,8127571.0,35934.362125575564,125244.4,626.8059161941597,84394.6,264.7622672814236,260643.2,889.2454119218158,
(Elev),elevators-ippc04-p13,LMCut,CG-iLAO*-FF-AO,0,,,,,,,,,,,
(Elev),elevators-ippc04-p14,LMCut,CG-iLAO*-FF-AO,5,188.2449858,9.302012340565431,2062907.2,14290.934283783688,103185.8,531.941039048502,50037.0,302.08490064880766,129906.8,883.6899481062347,
(Elev),elevators-ippc04-p15,LMCut,CG-iLAO*-FF-AO,0,,,,,,,,,,,
(ExBW),exploding-blocksworld-ippc04-fixed-p01,LMCut,CG-iLAO*-FF-AO,5,0.0210302,0.0030346599298478,49.0,0.0,24.0,0.0,18.0,0.0,19.0,0.0,
(ExBW),exploding-blocksworld-ippc04-fixed-p02,LMCut,CG-iLAO*-FF-AO,5,0.0146322,0.0043229408449785,12.0,0.0,8.0,0.0,6.0,0.0,6.0,0.0,
(ExBW),exploding-blocksworld-ippc04-fixed-p03,LMCut,CG-iLAO*-FF-AO,5,0.0194068,0.005666812910713,34.0,0.0,16.0,0.0,14.0,0.0,14.0,0.0,
(ExBW),exploding-blocksworld-ippc04-fixed-p04,LMCut,CG-iLAO*-FF-AO,5,0.1099175999999999,0.0149110664774943,630.4,2.2000945434230776,211.0,0.0,129.0,0.0,140.8,0.392,
(ExBW),exploding-blocksworld-ippc04-fixed-p05,LMCut,CG-iLAO*-FF-AO,5,0.0087402,0.0016726986567771,0.0,0.0,0.0,0.0,,,,,trivial (s0 in G)
(ExBW),exploding-blocksworld-ippc04-fixed-p06,LMCut,CG-iLAO*-FF-AO,5,1.4060342,0.1113777442135664,57091.6,1050.491361190562,1581.8,23.044799500104137,698.0,6.104385308939795,902.8,11.815402828511605,
(ExBW),exploding-blocksworld-ippc04-fixed-p07,LMCut,CG-iLAO*-FF-AO,5,9.7987094,0.2596521614925884,277876.2,3996.987560919348,14767.4,26.799730147895147,5066.0,12.129850782264388,5956.0,15.959263140884667,
(ExBW),exploding-blocksworld-ippc04-fixed-p08,LMCut,CG-iLAO*-FF-AO,5,0.497781,0.0164316189985771,1280.8,6.687019066818936,713.0,0.0,290.0,0.0,317.8,1.6860557523403548,
(ExBW),exploding-blocksworld-ippc04-fixed-p09,LMCut,CG-iLAO*-FF-AO,5,177.6749944,2.7864272923254565,4064857.0,24174.93562702329,276204.2,926.28641975579,83286.6,297.85268186806707,156877.6,529.4259325118104,
(ExBW),exploding-blocksworld-ippc04-fixed-p10,LMCut,CG-iLAO*-FF-AO,5,517.2163072000001,8.736292781047078,15494189.8,72784.2139721337,690445.0,882.7414394713777,266837.4,495.4012344918006,405234.0,610.6383066922676,
(ExBW),exploding-blocksworld-ippc08-fixed-p01-n2-N5-s1,LMCut,CG-iLAO*-FF-AO,5,0.0521262,0.0047611306182191,250.4,0.7839999999999999,98.0,0.0,53.0,0.0,61.0,0.8765386471799175,
(ExBW),exploding-blocksworld-ippc08-fixed-p02-n3-N5-s2,LMCut,CG-iLAO*-FF-AO,5,0.0661712,0.0091721044961112,678.8,5.452887675351473,99.0,0.0,62.0,0.0,64.6,0.4800999895855028,
(ExBW),exploding-blocksworld-ippc08-fixed-p03-n3-N6-s3,LMCut,CG-iLAO*-FF-AO,5,0.3209392,0.0174955552734488,37620.2,496.2797408559008,654.0,0.0,300.6,0.7839999999999999,429.4,2.017943507633452,
(ExBW),exploding-blocksworld-ippc08-fixed-p04-n4-N6-s4,LMCut,CG-iLAO*-FF-AO,5,0.3801882,0.0249783006455007,4333.0,16.126881905687778,771.0,1.3859292911256331,425.8,3.2443772900203824,488.0,3.0990321069650117,
(ExBW),exploding-blocksworld-ippc08-fixed-p05-n5-N7-s5,LMCut,CG-iLAO*-FF-AO,5,0.033638,0.0060064377963515,84.6,1.176,54.0,0.0,28.0,0.0,32.0,0.0,
(ExBW),exploding-blocksworld-ippc08-fixed-p06-n6-N8-s6,LMCut,CG-iLAO*-FF-AO,5,0.4308882,0.0125991427037328,4167.8,27.58939332424691,1008.0,0.0,477.0,0.0,563.4,1.4667296956153848,
(ExBW),exploding-blocksworld-ippc08-fixed-p07-n7-N9-s7,LMCut,CG-iLAO*-FF-AO,5,0.8420059999999999,0.0497238419649005,3784.4,482.740320685977,1726.6,149.94269017194534,482.8,41.45944408696286,647.8,56.14433599215508,
(ExBW),exploding-blocksworld-ippc08-fixed-p08-n8-N10-s8,LMCut,CG-iLAO*-FF-AO,0,,,,,,,,,,,
(ExBW),exploding-blocksworld-ippc08-fixed-p09-n9-N11-s9,LMCut,CG-iLAO*-FF-AO,5,72.3768646,1.3547841362873607,936326.6,11170.111751796218,43107.8,212.9839210456977,11369.6,56.155282707862845,20261.8,108.90864825164256,
(ExBW),exploding-blocksworld-ippc08-fixed-p10-n10-N12-s10,LMCut,CG-iLAO*-FF-AO,5,1321.7130776,20.68328953133514,65604912.2,327451.16263836,592571.4,538.2962926270252,139882.8,86.54326677448684,268346.6,198.08377120804215,
(ExBW),exploding-blocksworld-ippc08-fixed-p11-n11-N13-s11,LMCut,CG-iLAO*-FF-AO,0,,,,,,,,,,,
(Rand),random-ippc04-p03-problem,LMCut,CG-iLAO*-FF-AO,5,1.8352882,0.0280055637295345,26994.6,216.14774783929624,1385.0,0.0,60.0,0.0,123.0,0.6198064213930023,
(Rand),random-ippc04-p04-problem,LMCut,CG-iLAO*-FF-AO,0,,,,,,,,,,,
(Rand),random-ippc04-p05-problem,LMCut,CG-iLAO*-FF-AO,0,,,,,,,,,,,
(Rand),random-ippc04-p06-problem,LMCut,CG-iLAO*-FF-AO,5,0.1837888,0.0082866353301629,16.0,0.0,16.0,0.0,16.0,0.0,16.0,0.0,
(Rand),random-ippc04-p07-problem,LMCut,CG-iLAO*-FF-AO,5,0.418916,0.0096848968331273,907.0,2.055665342413497,693.2,3.582030708969425,7.0,0.0,14.6,0.4800999895855029,
(Rand),random-ippc04-p08-problem,LMCut,CG-iLAO*-FF-AO,0,,,,,,,,,,,
(Rand),random-ippc04-p09-problem,LMCut,CG-iLAO*-FF-AO,5,1551.0182162,72.13441528780788,2987061.8,67743.21337641597,671275.8,28161.768040954816,4811.4,76.13937809044673,7518.4,114.33471465832238,
(Rand),random-ippc04-p10-problem,LMCut,CG-iLAO*-FF-AO,0,,,,,,,,,,,
(Rand),random-ippc04-p13-problem,LMCut,CG-iLAO*-FF-AO,5,22.1836632,3.465265066322595,15575.8,4706.042709477252,4293.4,1043.8540464720152,13.4,1.176,24.2,3.582030708969425,
(RectTW),rectangle-tireworld-ippc08-unit-cost-p01-x5-y5-h2-v2-u0-s1,LMCut,CG-iLAO*-FF-AO,5,0.053966,0.0081284627210118,1228.2,75.66056981017259,48.0,0.0,24.0,0.0,70.0,3.279707304013576,
(RectTW),rectangle-tireworld-ippc08-unit-cost-p02-x5-y5-h2-v3-u15-s2,LMCut,CG-iLAO*-FF-AO,5,0.019675,0.0038375971645809,0.0,0.0,1.0,0.0,1.0,0.0,0.0,0.0,unsolveable
(RectTW),rectangle-tireworld-ippc08-unit-cost-p03-x7-y7-h4-v3-u0-s3,LMCut,CG-iLAO*-FF-AO,5,0.2002168,0.0034547682677111,3070.2,184.1559510415017,96.0,0.0,48.0,0.0,152.0,2.5555273428394383,
(RectTW),rectangle-tireworld-ippc08-unit-cost-p04-x7-y7-h3-v4-u20-s4,LMCut,CG-iLAO*-FF-AO,5,0.0333281999999999,0.0035205596928988,0.0,0.0,1.0,0.0,1.0,0.0,0.0,0.0,unsolveable
(RectTW),rectangle-tireworld-ippc08-unit-cost-p05-x9-y9-h3-v5-u30-s5,LMCut,CG-iLAO*-FF-AO,5,0.0897328,0.0111978627029296,0.0,0.0,1.0,0.0,1.0,0.0,0.0,0.0,unsolveable
(RectTW),rectangle-tireworld-ippc08-unit-cost-p06-x11-y11-h4-v3-u40-s6,LMCut,CG-iLAO*-FF-AO,5,8.753231600000001,2.705537197013504,18443.4,726.341358051433,204.0,0.0,115.0,0.0,346.8,3.4731288487471925,
(RectTW),rectangle-tireworld-ippc08-unit-cost-p07-x11-y11-h3-v5-u80-s7,LMCut,CG-iLAO*-FF-AO,5,0.1674204,0.0043116021729208,0.0,0.0,1.0,0.0,1.0,0.0,0.0,0.0,unsolveable
(RectTW),rectangle-tireworld-ippc08-unit-cost-p08-x11-y11-h6-v7-u80-s8,LMCut,CG-iLAO*-FF-AO,5,0.1740454,0.0139203841551451,0.0,0.0,1.0,0.0,1.0,0.0,0.0,0.0,unsolveable
(RectTW),rectangle-tireworld-ippc08-unit-cost-p09-x15-y15-h4-v4-u60-s9,LMCut,CG-iLAO*-FF-AO,5,67.19957880000001,12.043462245679033,75816.6,1459.1340549572544,391.0,0.0,224.0,0.0,678.6,10.005603230190571,
(RectTW),rectangle-tireworld-ippc08-unit-cost-p10-x15-y15-h10-v10-u150-s10,LMCut,CG-iLAO*-FF-AO,5,1.0917652,0.3214188478429819,0.0,0.0,1.0,0.0,1.0,0.0,0.0,0.0,unsolveable
(RectTW),rectangle-tireworld-ippc08-unit-cost-p11-x20-y20-h5-v5-u80-s11,LMCut,CG-iLAO*-FF-AO,5,848.5599344,102.0272844372927,147263.2,1722.1824606423097,716.0,0.0,392.0,0.0,1405.6,9.163917066407793,
(RectTW),rectangle-tireworld-ippc08-unit-cost-p12-x20-y20-h15-v15-u300-s12,LMCut,CG-iLAO*-FF-AO,5,32.1122516,5.995471044647055,0.0,0.0,1.0,0.0,1.0,0.0,0.0,0.0,unsolveable
(RectTW),rectangle-tireworld-ippc08-unit-cost-p14-x30-y30-h25-v20-u700-s14,LMCut,CG-iLAO*-FF-AO,5,12.3560368,1.9330011563430365,0.0,0.0,1.0,0.0,1.0,0.0,0.0,0.0,unsolveable
(Sched),schedule-ippc04-p01,LMCut,CG-iLAO*-FF-AO,5,0.023322,0.0017675895722254,650.0,0.0,28.0,0.0,20.0,0.0,20.0,0.0,
(Sched),schedule-ippc04-p02,LMCut,CG-iLAO*-FF-AO,5,0.0199038,0.0081379407093185,1030.0,0.0,28.0,0.0,20.0,0.0,20.0,0.0,
(Sched),schedule-ippc04-p03,LMCut,CG-iLAO*-FF-AO,5,0.026656,0.0028745111023059,2100.0,0.0,40.0,0.0,25.0,0.0,25.0,0.0,
(Sched),schedule-ippc04-p04,LMCut,CG-iLAO*-FF-AO,5,61.0062642,2.079272589540357,13730389.0,173891.36984191433,64794.2,94.8392943035744,39029.4,67.27855242200147,58058.0,122.10029189154298,
(Sched),schedule-ippc04-p05,LMCut,CG-iLAO*-FF-AO,0,,,,,,,,,,,
(Sched),schedule-ippc08-p01,LMCut,CG-iLAO*-FF-AO,5,0.0221756,0.0057040080695258,725.0,0.0,40.0,0.0,25.0,0.0,25.0,0.0,
(Sched),schedule-ippc08-p02,LMCut,CG-iLAO*-FF-AO,5,0.0304354,0.0023428297888015,1125.0,0.0,40.0,0.0,25.0,0.0,25.0,0.0,
(Sched),schedule-ippc08-p03,LMCut,CG-iLAO*-FF-AO,5,0.031025,0.0097559951250008,2211.0,0.0,54.0,0.0,30.0,0.0,30.0,0.0,
(Sched),schedule-ippc08-p04,LMCut,CG-iLAO*-FF-AO,0,,,,,,,,,,,
(S&R),search-and-rescue-ippc08-strips-p01-z4,LMCut,CG-iLAO*-FF-AO,5,1.0775739999999998,0.0846056922880468,408051.0,640.3962202261971,967.0,0.0,773.4,5.244602558821783,1996.6,3.592739344845378,
(S&R),search-and-rescue-ippc08-strips-p02-z5,LMCut,CG-iLAO*-FF-AO,5,3.9283282,0.3240773140184861,1809867.2,3826.028963202448,3500.0,0.0,2674.6,5.459928204656174,8621.4,10.565836266003746,
(S&R),search-and-rescue-ippc08-strips-p03-z6,LMCut,CG-iLAO*-FF-AO,5,15.647068999999998,1.0584883129658875,7470298.8,6600.4066539861005,12265.0,0.0,9122.4,16.510600715903706,35729.2,15.96407667232903,
(S&R),search-and-rescue-ippc08-strips-p04-z8,LMCut,CG-iLAO*-FF-AO,5,232.79455360000003,12.74114239618857,114671125.6,41700.94580206564,141643.0,0.0,102625.0,13.705992849844916,531273.6,102.63852111171516,
(S&R),search-and-rescue-ippc08-strips-p05-z10,LMCut,CG-iLAO*-FF-AO,0,,,,,,,,,,,
(Sys),sysadmin-ippc08-unit-cost-p01,LMCut,CG-iLAO*-FF-AO,5,0.1882019999999999,0.0415359845363954,9975.0,110.4873400892609,443.0,0.0,432.0,0.0,471.6,0.999407824664186,
(Sys),sysadmin-ippc08-unit-cost-p02,LMCut,CG-iLAO*-FF-AO,5,0.7014018,0.1420835414207714,46134.4,615.5135268180545,1603.0,0.0,1581.6,0.7839999999999999,1723.8,3.4731288487471925,
(Sys),sysadmin-ippc08-unit-cost-p03,LMCut,CG-iLAO*-FF-AO,0,,,,,,,,,,,
(Sys),sysadmin-ippc08-unit-cost-p04,LMCut,CG-iLAO*-FF-AO,0,,,,,,,,,,,
(TriTW),triangle-tireworld-ippc08-p01,LMCut,CG-iLAO*-FF-AO,5,0.0263652,0.0065634767143202,65.4,0.4800999895855028,29.0,0.0,23.0,0.0,25.4,0.4800999895855028,
(TriTW),triangle-tireworld-ippc08-p02,LMCut,CG-iLAO*-FF-AO,5,0.2280302,0.0273213358947161,3489.4,2.2857331427793577,401.0,0.0,270.0,0.0,325.6,0.784,
(TriTW),triangle-tireworld-ippc08-p03,LMCut,CG-iLAO*-FF-AO,5,4.480607000000001,0.8406072152358699,77707.0,1657.099963768028,7250.2,99.27240373840051,4961.8,75.48010641221963,5983.8,81.30197183340633,
(TriTW),triangle-tireworld-ippc08-p04,LMCut,CG-iLAO*-FF-AO,5,81.9270798,6.493639775916512,1672547.4,12217.440433063548,132244.6,401.76395350504,94872.0,407.6658651395773,111826.0,419.2137146611498,
(TriTW),triangle-tireworld-ippc08-p05,LMCut,CG-iLAO*-FF-AO,0,,,,,,,,,,,
(Zeno),zenotravel-ippc04-unit-cost_NO_FORALLS-p01-problem,LMCut,CG-iLAO*-FF-AO,5,0.0226834,0.0048895422598946,0.0,0.0,0.0,0.0,,,,,trivial (s0 in G)
(Zeno),zenotravel-ippc04-unit-cost_NO_FORALLS-p02-problem,LMCut,CG-iLAO*-FF-AO,0,,,,,,,,,,,
(Zeno),zenotravel-ippc04-unit-cost_NO_FORALLS-p03-problem,LMCut,CG-iLAO*-FF-AO,0,,,,,,,,,,,
(Zeno),zenotravel-ippc04-unit-cost_NO_FORALLS-p04-problem,LMCut,CG-iLAO*-FF-AO,0,,,,,,,,,,,
(Zeno),zenotravel-ippc04-unit-cost_NO_FORALLS-p05-problem,LMCut,CG-iLAO*-FF-AO,0,,,,,,,,,,,
(Zeno),zenotravel-ippc08-unit-cost_NO_FORALLS-p01-c4-p2-a2-s3846-problem,LMCut,CG-iLAO*-FF-AO,5,61.0516946,1.628887682946132,1820854.2,9944.62202140956,44227.6,363.40989983213166,21573.0,109.64093542103696,43319.0,154.10262398804244,
(Zeno),zenotravel-ippc08-unit-cost_NO_FORALLS-p02-c5-p2-a2-s17462-problem,LMCut,CG-iLAO*-FF-AO,5,59.0564314,3.218759716165319,1091991.0,6176.559074086476,34356.0,264.97793749669046,14821.4,64.98988795189602,30793.4,203.34241961774725,
(Zeno),zenotravel-ippc08-unit-cost_NO_FORALLS-p04-c6-p2-a2-s12861-problem,LMCut,CG-iLAO*-FF-AO,5,1141.0050258,23.387322259969068,20401402.6,289687.5194751008,403805.2,3976.9517348522095,186631.4,2211.673813874008,420498.2,5823.698971758756,
(Coresec),coresec-icaps16-bigger-p01-problem,LMCut,CG-iLAO*-FF-AO,5,12.5426058,1.2913367036138612,192753.0,1521.9966029397042,8043.0,0.0,7582.2,5.346167225218456,9559.4,64.93666649898191,
(Coresec),coresec-icaps16-bigger-p02-problem,LMCut,CG-iLAO*-FF-AO,5,40.8499586,5.690527971848114,651235.6,3730.843478713091,23205.0,0.0,22049.6,20.932579774122445,29565.6,67.85847224923354,
(Coresec),coresec-icaps16-bigger-p03-problem,LMCut,CG-iLAO*-FF-AO,5,97.1222088,10.018844678317604,2010498.6,5718.833058204794,56778.0,0.0,54260.6,56.404427627625125,76743.2,23.003086401611416,
(Coresec),coresec-icaps16-bigger-p04-problem,LMCut,CG-iLAO*-FF-AO,5,275.3905914,20.81970905582817,5951776.0,28923.80731463408,152804.0,0.0,146017.8,99.22401999516045,211158.4,412.8690569369421,
(Coresec),coresec-icaps16-bigger-p05-problem,LMCut,CG-iLAO*-FF-AO,0,,,,,,,,,,,
(Coresec),coresec-icaps16-bigger-p06-problem,LMCut,CG-iLAO*-FF-AO,0,,,,,,,,,,,
(Coresec),coresec-icaps16-bigger-p07-problem,LMCut,CG-iLAO*-FF-AO,0,,,,,,,,,,,
(PARC-N),no-repair-parc_NOREPAIR_s4_c1_fN.N_uN-facts,LMCut,CG-iLAO*-FF-AO,5,36.3385532,0.6067054426222103,1332516.0,11260.28025906993,42012.2,250.89791498535809,17619.4,74.36282361502957,39251.4,181.9673964643117,
(PARC-N),no-repair-parc_NOREPAIR_s4_c2_fN.N_uN-facts,LMCut,CG-iLAO*-FF-AO,5,60.4018232,1.6750088826318343,2285594.4,23434.50431276957,73905.8,453.2583802468521,28029.6,169.30316174247898,66239.2,380.2326246707402,
(PARC-N),no-repair-parc_NOREPAIR_s4_c3_fN.N_uN-facts,LMCut,CG-iLAO*-FF-AO,5,119.2147338,11.995699313087924,3845650.8,24129.877945854263,132940.6,306.3271202097522,52267.0,145.59911153575078,114897.2,470.347077022915,
(PARC-N),no-repair-parc_NOREPAIR_s5_c1_fN.N_uN-facts,LMCut,CG-iLAO*-FF-AO,5,478.920569,49.59926957118418,15922470.2,57848.358233520026,410035.2,843.4382169572351,136568.0,310.48899394342465,340549.2,582.2874008460084,
(PARC-N),no-repair-parc_NOREPAIR_s5_c2_fN.N_uN-facts,LMCut,CG-iLAO*-FF-AO,5,775.6926123999999,27.18801610696663,27953603.6,86566.9801747309,731208.2,1456.3131587072885,216102.0,338.92078342881246,586302.8,960.9339315811468,
(PARC-N),no-repair-parc_NOREPAIR_s5_c3_fN.N_uN-facts,LMCut,CG-iLAO*-FF-AO,0,,,,,,,,,,,
(PARC-R),with-repair-parc_REPAIR_s4_c1_fN.N_uN-facts,LMCut,CG-iLAO*-FF-AO,5,166.2019716,4.699765025173651,9589648.0,17675.255005526793,156155.4,74.99042989608742,48668.4,25.08953120327281,166941.4,176.9627113716333,
(PARC-R),with-repair-parc_REPAIR_s4_c2_fN.N_uN-facts,LMCut,CG-iLAO*-FF-AO,5,445.949288,16.757094002875423,28966553.0,36608.75388735104,382549.8,796.7932533248508,121634.8,226.3705816222594,440370.6,722.3860725789223,
(PARC-R),with-repair-parc_REPAIR_s4_c3_fN.N_uN-facts,LMCut,CG-iLAO*-FF-AO,5,694.4079562,21.163522703275767,40985852.6,130419.6026971716,578349.8,2035.1764927258769,174541.4,797.9011951463664,588785.8,3031.6535550725443,
(PARC-R),with-repair-parc_REPAIR_s5_c1_fN.N_uN-facts,LMCut,CG-iLAO*-FF-AO,0,,,,,,,,,,,
(PARC-R),with-repair-parc_REPAIR_s5_c2_fN.N_uN-facts,LMCut,CG-iLAO*-FF-AO,0,,,,,,,,,,,
(PARC-R),with-repair-parc_REPAIR_s5_c3_fN.N_uN-facts,LMCut,CG-iLAO*-FF-AO,0,,,,,,,,,,,
(TriTW),intermediate-triangle-tireworld-tire6-start10,PDB,CG-iLAO*-FF-AO,0,,,,,,,,,,,
(TriTW),intermediate-triangle-tireworld-tire6-start8,PDB,CG-iLAO*-FF-AO,0,,,,,,,,,,,
(TriTW),intermediate-triangle-tireworld-tire6-start9,PDB,CG-iLAO*-FF-AO,0,,,,,,,,,,,
(BW),blocksworld-ippc04-p01,PDB,CG-iLAO*-FF-AO,5,0.6920740000000001,0.0529526968364709,4816.8,81.45067651038879,450.4,14.087478695636063,177.2,6.085476480933929,300.8,10.507501320485284,
(BW),blocksworld-ippc04-p02,PDB,CG-iLAO*-FF-AO,5,0.656909,0.0438029979093906,3849.6,177.54354670333697,319.6,13.630105502159548,118.4,3.5927393448453784,223.6,7.73144850593988,
(BW),blocksworld-ippc04-p03,PDB,CG-iLAO*-FF-AO,5,0.5061945999999999,0.0094995147058666,21.0,0.0,12.0,0.0,12.0,0.0,12.0,0.0,
(BW),blocksworld-ippc04-p04,PDB,CG-iLAO*-FF-AO,5,0.836625,0.0864018615050495,10065.6,483.7582567522749,696.8,11.146180691160538,273.2,3.1237259802998083,514.8,9.46905190607803,
(BW),blocksworld-ippc04-p05,PDB,CG-iLAO*-FF-AO,5,0.5559922,0.0135653264248135,2866.8,108.40306224456944,254.6,7.24404969612992,82.8,2.432296034614208,160.8,5.088455954412891,
(BW),blocksworld-ippc04-p06,PDB,CG-iLAO*-FF-AO,5,147.21048660000002,2.215601525875346,1043997.6,15888.215641480198,80265.8,717.2342490874233,17175.0,156.5351763662085,37455.4,364.6899058871797,
(BW),blocksworld-ippc04-p07,PDB,CG-iLAO*-FF-AO,0,,,,,,,,,,,
(BW),blocksworld-ippc04-p08,PDB,CG-iLAO*-FF-AO,5,31.9208816,2.2475998461738937,239350.0,2648.9156721043423,20164.0,169.61532430768156,3793.8,38.61946120804898,7911.2,33.05608422060907,
(BW),blocksworld-ippc04-p09,PDB,CG-iLAO*-FF-AO,5,27.1247608,1.4120618567271743,188268.2,4329.35390507914,16110.4,264.1747011657248,2798.4,49.941938448562446,6285.2,82.65392273812537,
(BW),blocksworld-ippc04-p10,PDB,CG-iLAO*-FF-AO,5,688.4753029999999,14.89532302477206,2790797.4,16010.216354938368,211236.6,612.4235081836752,43903.6,83.75554964299381,93219.0,239.07902927693175,
(BW),blocksworld-ippc08-p01-c0-C0-g1-n5,PDB,CG-iLAO*-FF-AO,5,0.3161547999999999,0.0304716811772094,2603.4,259.39368954544744,199.2,8.347851460106366,107.8,6.829130544952263,186.2,9.982539957345525,
(BW),blocksworld-ippc08-p02-c1-C1-g20-n5,PDB,CG-iLAO*-FF-AO,5,0.3335436,0.0197816801217676,2603.4,259.39368954544744,199.2,8.347851460106366,107.8,6.829130544952263,186.2,9.982539957345525,
(BW),blocksworld-ippc08-p03-c1-C2-g40-n5,PDB,CG-iLAO*-FF-AO,5,0.3110852,0.0144496972393107,2603.4,259.39368954544744,199.2,8.347851460106366,107.8,6.829130544952263,186.2,9.982539957345525,
(BW),blocksworld-ippc08-p04-c2-C1-g0-n5,PDB,CG-iLAO*-FF-AO,5,0.3052481999999999,0.0078561696522048,2603.4,259.39368954544744,199.2,8.347851460106366,107.8,6.829130544952263,186.2,9.982539957345525,
(BW),blocksworld-ippc08-p05-c0-C0-g1-n10,PDB,CG-iLAO*-FF-AO,5,981.9534,12.185882995883528,8267121.0,71217.06094778581,339178.8,510.3063919489937,107014.2,154.3522088730835,252070.6,476.7438021579305,
(BW),blocksworld-ippc08-p06-c1-C1-g20-n10,PDB,CG-iLAO*-FF-AO,5,988.3618404,9.567974446298614,8267121.0,71217.06094778581,339178.8,510.3063919489937,107014.2,154.3522088730835,252070.6,476.7438021579305,
(BW),blocksworld-ippc08-p07-c1-C2-g0-n10,PDB,CG-iLAO*-FF-AO,5,995.5730916,13.382569228542456,8267121.0,71217.06094778581,339178.8,510.3063919489937,107014.2,154.3522088730835,252070.6,476.7438021579305,
(BW),blocksworld-ippc08-p08-c3-C2-g0-n10,PDB,CG-iLAO*-FF-AO,5,996.047036,20.614662038774597,8267121.0,71217.06094778581,339178.8,510.3063919489937,107014.2,154.3522088730835,252070.6,476.7438021579305,
(BW),blocksworld-ippc08-p09-c0-C0-g1-n14,PDB,CG-iLAO*-FF-AO,0,,,,,,,,,,,
(BW),blocksworld-ippc08-p10-c1-C1-g20-n14,PDB,CG-iLAO*-FF-AO,0,,,,,,,,,,,
(BW),blocksworld-ippc08-p11-c1-C2-g0-n14,PDB,CG-iLAO*-FF-AO,0,,,,,,,,,,,
(BW),blocksworld-ippc08-p12-c3-C2-g0-n14,PDB,CG-iLAO*-FF-AO,0,,,,,,,,,,,
(Elev),elevators-ippc04-p01,PDB,CG-iLAO*-FF-AO,5,0.453032,0.1045845794139109,12917.2,446.3627936824484,666.6,6.429278031007836,539.4,9.14293257111743,1294.6,18.11913728630588,
(Elev),elevators-ippc04-p02,PDB,CG-iLAO*-FF-AO,5,0.0981936,0.0200849656360277,623.6,51.2703931718882,83.8,1.1428665713896788,61.2,1.5679999999999998,119.2,6.393326520677634,
(Elev),elevators-ippc04-p03,PDB,CG-iLAO*-FF-AO,5,0.4667449999999999,0.0863769024926576,15515.2,356.4417222267898,726.2,2.585417567821492,565.0,2.4792256855720094,1355.6,23.9136065034114,
(Elev),elevators-ippc04-p04,PDB,CG-iLAO*-FF-AO,5,0.3326746,0.0259897621104144,9496.8,184.60390869101332,445.0,3.0990321069650117,336.0,2.840309842253129,764.8,12.813663956886025,
(Elev),elevators-ippc04-p05,PDB,CG-iLAO*-FF-AO,5,0.2404293999999999,0.0274556228188153,5119.6,161.74050159437493,472.6,4.23105849640489,255.2,4.221969208793451,569.8,14.354909404102832,
(Elev),elevators-ippc04-p06,PDB,CG-iLAO*-FF-AO,5,3.730217600000001,0.4765065142442056,176203.4,2278.761158194513,5146.6,23.744330186383444,3426.2,11.8640728251305,9029.6,30.788848890466816,
(Elev),elevators-ippc04-p07,PDB,CG-iLAO*-FF-AO,5,3.5821922,0.3432833030342514,147436.4,9674.822420427983,4701.2,178.8626455803447,3399.0,189.07347016437816,9072.8,515.5338040361659,
(Elev),elevators-ippc04-p08,PDB,CG-iLAO*-FF-AO,5,17.1734242,2.087181443833912,1404365.4,11427.563981115834,14267.4,15.100906462858443,13584.0,26.23033663527786,42288.6,149.0535863909353,
(Elev),elevators-ippc04-p09,PDB,CG-iLAO*-FF-AO,5,12.299972,1.1376706470476283,765140.6,7870.953484721909,12592.0,19.843487596690256,10736.8,40.59329875730722,30914.0,101.40419478502848,
(Elev),elevators-ippc04-p10,PDB,CG-iLAO*-FF-AO,5,17.5060778,2.429692192603656,4144553.4,22489.056848067597,14665.2,4.61329210000841,14446.4,12.42089594191981,48645.6,94.49476904040776,
(Elev),elevators-ippc04-p11,PDB,CG-iLAO*-FF-AO,1,900.177606,,169620839.0,,512705.0,,497027.0,,2065510.0,,
(Elev),elevators-ippc04-p12,PDB,CG-iLAO*-FF-AO,5,330.5447022,47.046525228035954,23807880.0,93677.98935973806,250173.0,129.56326454670705,184887.2,104.81034712279128,609182.8,536.3365144235473,
(Elev),elevators-ippc04-p13,PDB,CG-iLAO*-FF-AO,0,,,,,,,,,,,
(Elev),elevators-ippc04-p14,PDB,CG-iLAO*-FF-AO,5,585.1927732,32.22276642434158,42008444.8,272775.6406963682,427029.6,480.40419658450105,364709.8,535.759250917798,1208968.4,2505.100574638871,
(Elev),elevators-ippc04-p15,PDB,CG-iLAO*-FF-AO,0,,,,,,,,,,,
(ExBW),exploding-blocksworld-ippc04-fixed-p01,PDB,CG-iLAO*-FF-AO,5,0.0959988,0.0126843618007649,66.0,0.0,33.0,0.0,20.0,0.0,23.0,0.0,
(ExBW),exploding-blocksworld-ippc04-fixed-p02,PDB,CG-iLAO*-FF-AO,5,0.0786494,0.0138186990712243,12.0,0.0,8.0,0.0,6.0,0.0,6.0,0.0,
(ExBW),exploding-blocksworld-ippc04-fixed-p03,PDB,CG-iLAO*-FF-AO,5,0.0960642,0.0157737156179583,64.8,0.9601999791710056,32.0,0.0,18.0,0.0,21.0,0.0,
(ExBW),exploding-blocksworld-ippc04-fixed-p04,PDB,CG-iLAO*-FF-AO,5,0.2539406,0.0303689833121113,1707.0,6.675519455443149,432.4,0.7839999999999999,212.8,1.5679999999999998,270.4,2.017943507633452,
(ExBW),exploding-blocksworld-ippc04-fixed-p05,PDB,CG-iLAO*-FF-AO,5,0.0711138,0.0093058873087043,0.0,0.0,0.0,0.0,,,,,trivial (s0 in G)
(ExBW),exploding-blocksworld-ippc04-fixed-p06,PDB,CG-iLAO*-FF-AO,5,0.8338418000000001,0.0918219863246875,57376.0,441.8606889959775,2678.6,60.05921025121791,1019.2,19.73088300102152,1388.6,31.247096761139264,
(ExBW),exploding-blocksworld-ippc04-fixed-p07,PDB,CG-iLAO*-FF-AO,5,11.592722599999998,0.8270952708808158,358007.6,3608.380845567164,54926.4,222.5567701419123,16579.4,82.083059007325,23799.6,87.26425394169138,
(ExBW),exploding-blocksworld-ippc04-fixed-p08,PDB,CG-iLAO*-FF-AO,5,0.9203924,0.0635079029284836,10499.6,701.8848941072887,6354.8,220.38228146563867,1470.6,83.42235249619851,2218.8,114.40995299360978,
(ExBW),exploding-blocksworld-ippc04-fixed-p09,PDB,CG-iLAO*-FF-AO,5,80.3642342,5.112620584006804,3925299.8,108430.24421317986,312269.8,774.0747979775597,96951.2,341.72441209840423,182723.4,575.8784198908655,
(ExBW),exploding-blocksworld-ippc04-fixed-p10,PDB,CG-iLAO*-FF-AO,0,,,,,,,,,,,
(ExBW),exploding-blocksworld-ippc08-fixed-p01-n2-N5-s1,PDB,CG-iLAO*-FF-AO,5,0.1204842,0.0148454156325858,315.8,3.061617872955408,105.0,0.0,61.2,0.3919999999999999,72.2,0.7333648478076924,
(ExBW),exploding-blocksworld-ippc08-fixed-p02-n3-N5-s2,PDB,CG-iLAO*-FF-AO,5,0.1481666,0.0096748945085605,497.4,34.490431368714425,138.0,0.0,80.0,0.0,95.2,0.9601999791710056,
(ExBW),exploding-blocksworld-ippc08-fixed-p03-n3-N6-s3,PDB,CG-iLAO*-FF-AO,5,0.3832187999999999,0.0423517723279815,39246.2,875.355705107358,712.0,0.0,343.6,0.7839999999999999,496.6,1.4667296956153848,
(ExBW),exploding-blocksworld-ippc08-fixed-p04-n4-N6-s4,PDB,CG-iLAO*-FF-AO,5,1.0453232,0.0816740683017246,29662.2,8735.069824851085,2402.6,12.059974129325486,1048.8,4.083202664575933,1442.2,12.55624402438882,
(ExBW),exploding-blocksworld-ippc08-fixed-p05-n5-N7-s5,PDB,CG-iLAO*-FF-AO,5,0.1543218,0.0193424933266769,702.8,13.795392854137932,255.0,0.0,67.0,0.0,106.4,0.4800999895855028,
(ExBW),exploding-blocksworld-ippc08-fixed-p06-n6-N8-s6,PDB,CG-iLAO*-FF-AO,5,0.5824754000000001,0.0376222845142473,33932.0,162.31001299981466,1456.4,11.720734447977224,651.0,4.382693235899588,838.0,7.489149484420776,
(ExBW),exploding-blocksworld-ippc08-fixed-p07-n7-N9-s7,PDB,CG-iLAO*-FF-AO,5,0.5029626,0.0441559241635594,4677.4,553.253043675315,2092.4,270.61106100083936,586.6,67.65720136097856,839.4,105.692170835876,
(ExBW),exploding-blocksworld-ippc08-fixed-p08-n8-N10-s8,PDB,CG-iLAO*-FF-AO,0,,,,,,,,,,,
(ExBW),exploding-blocksworld-ippc08-fixed-p09-n9-N11-s9,PDB,CG-iLAO*-FF-AO,5,50.7212972,1.4112471086881426,1067072.6,18550.622222977207,63775.8,203.31861396340477,15197.6,64.61641723277452,28180.2,141.46855842907283,
(ExBW),exploding-blocksworld-ippc08-fixed-p10-n10-N12-s10,PDB,CG-iLAO*-FF-AO,5,640.6481516,23.37378703081035,84956272.8,231738.9179657754,745945.4,492.5248741089124,175624.6,160.3498029184944,339250.4,404.4552014945536,
(ExBW),exploding-blocksworld-ippc08-fixed-p11-n11-N13-s11,PDB,CG-iLAO*-FF-AO,0,,,,,,,,,,,
(Rand),random-ippc04-p03-problem,PDB,CG-iLAO*-FF-AO,5,6.8976906,0.7785124844478977,599350.2,10496.243935186718,39830.0,574.3672902942855,4793.0,83.37490749620055,13322.8,258.33023064287306,
(Rand),random-ippc04-p04-problem,PDB,CG-iLAO*-FF-AO,5,0.3357059999999999,0.0084415977664705,3.0,0.0,2.0,0.0,2.0,0.0,2.0,0.0,
(Rand),random-ippc04-p05-problem,PDB,CG-iLAO*-FF-AO,5,2.02624,0.4200436673418722,156609.6,48732.199264160605,25657.4,8435.867746887452,96.4,31.81364386548639,441.4,153.01136407469872,
(Rand),random-ippc04-p06-problem,PDB,CG-iLAO*-FF-AO,0,,,,,,,,,,,
(Rand),random-ippc04-p07-problem,PDB,CG-iLAO*-FF-AO,5,0.286448,0.0142521203433818,913.6,3.011009133164494,691.6,4.495199216942448,8.0,0.0,16.6,0.7839999999999999,
(Rand),random-ippc04-p08-problem,PDB,CG-iLAO*-FF-AO,0,,,,,,,,,,,
(Rand),random-ippc04-p09-problem,PDB,CG-iLAO*-FF-AO,5,1.1722532,0.0503663896314221,21695.4,5311.865808404425,10286.0,1780.725961353964,30.6,5.964328629443552,44.4,9.037279236584428,
(Rand),random-ippc04-p10-problem,PDB,CG-iLAO*-FF-AO,0,,,,,,,,,,,
(Rand),random-ippc04-p13-problem,PDB,CG-iLAO*-FF-AO,5,7.8129188,1.8574594723954287,542642.8,155788.15441247352,146209.2,37654.74661433567,355.2,98.28652513951238,673.0,184.085637462568,
(RectTW),rectangle-tireworld-ippc08-unit-cost-p01-x5-y5-h2-v2-u0-s1,PDB,CG-iLAO*-FF-AO,5,0.365205,0.0113916379130167,1180.0,83.43478507193507,46.4,0.4800999895855028,22.4,0.4800999895855028,67.6,1.8176292251171575,
(RectTW),rectangle-tireworld-ippc08-unit-cost-p02-x5-y5-h2-v3-u15-s2,PDB,CG-iLAO*-FF-AO,5,0.3868354,0.0170890469167667,0.0,0.0,1.0,0.0,1.0,0.0,0.0,0.0,unsolveable
(RectTW),rectangle-tireworld-ippc08-unit-cost-p03-x7-y7-h4-v3-u0-s3,PDB,CG-iLAO*-FF-AO,5,0.8973891999999999,0.0121873752950922,2375.8,119.55582287785064,92.6,0.999407824664186,46.0,0.8765386471799175,137.4,5.964328629443552,
(RectTW),rectangle-tireworld-ippc08-unit-cost-p04-x7-y7-h3-v4-u20-s4,PDB,CG-iLAO*-FF-AO,5,0.9308626,0.0087406825004604,0.0,0.0,1.0,0.0,1.0,0.0,0.0,0.0,unsolveable
(RectTW),rectangle-tireworld-ippc08-unit-cost-p05-x9-y9-h3-v5-u30-s5,PDB,CG-iLAO*-FF-AO,5,2.090152,0.0596991627037618,0.0,0.0,1.0,0.0,1.0,0.0,0.0,0.0,unsolveable
(RectTW),rectangle-tireworld-ippc08-unit-cost-p06-x11-y11-h4-v3-u40-s6,PDB,CG-iLAO*-FF-AO,5,7.4088678,0.319658997389884,10744.0,571.3979901959754,169.6,0.4800999895855028,86.2,0.7333648478076924,253.4,4.864592069228415,
(RectTW),rectangle-tireworld-ippc08-unit-cost-p07-x11-y11-h3-v5-u80-s7,PDB,CG-iLAO*-FF-AO,5,4.480851,0.0935436387388106,0.0,0.0,1.0,0.0,1.0,0.0,0.0,0.0,unsolveable
(RectTW),rectangle-tireworld-ippc08-unit-cost-p08-x11-y11-h6-v7-u80-s8,PDB,CG-iLAO*-FF-AO,5,4.4937006,0.0661141503198152,0.0,0.0,1.0,0.0,1.0,0.0,0.0,0.0,unsolveable
(RectTW),rectangle-tireworld-ippc08-unit-cost-p09-x15-y15-h4-v4-u60-s9,PDB,CG-iLAO*-FF-AO,5,59.4037918,4.5862669487643295,55073.8,1447.4285361509214,372.8,1.5679999999999998,207.6,1.176,616.2,12.783648305550336,
(RectTW),rectangle-tireworld-ippc08-unit-cost-p10-x15-y15-h10-v10-u150-s10,PDB,CG-iLAO*-FF-AO,5,15.700151,0.1338627612838207,0.0,0.0,1.0,0.0,1.0,0.0,0.0,0.0,unsolveable
(RectTW),rectangle-tireworld-ippc08-unit-cost-p11-x20-y20-h5-v5-u80-s11,PDB,CG-iLAO*-FF-AO,5,632.7857706,85.17199169779599,86446.2,569.8692500424988,713.6,0.999407824664186,387.8,1.1428665713896788,1356.2,9.4893152545376,
(RectTW),rectangle-tireworld-ippc08-unit-cost-p12-x20-y20-h15-v15-u300-s12,PDB,CG-iLAO*-FF-AO,5,84.9183526,13.249555155961453,0.0,0.0,1.0,0.0,1.0,0.0,0.0,0.0,unsolveable
(RectTW),rectangle-tireworld-ippc08-unit-cost-p14-x30-y30-h25-v20-u700-s14,PDB,CG-iLAO*-FF-AO,0,,,,,,,,,,,unsolveable
(Sched),schedule-ippc04-p01,PDB,CG-iLAO*-FF-AO,5,0.0782491999999999,0.011333125406308,650.0,0.0,28.0,0.0,20.0,0.0,20.0,0.0,
(Sched),schedule-ippc04-p02,PDB,CG-iLAO*-FF-AO,5,0.0655446,0.010616449264055,1030.0,0.0,28.0,0.0,20.0,0.0,20.0,0.0,
(Sched),schedule-ippc04-p03,PDB,CG-iLAO*-FF-AO,5,0.0818968,0.0168828737247964,2100.0,0.0,40.0,0.0,25.0,0.0,25.0,0.0,
(Sched),schedule-ippc04-p04,PDB,CG-iLAO*-FF-AO,5,94.1669292,6.88482957599682,17968761.8,194763.8623899846,140731.0,439.6105667519833,78900.6,169.14311696312092,129894.8,325.71602930159884,
(Sched),schedule-ippc04-p05,PDB,CG-iLAO*-FF-AO,0,,,,,,,,,,,
(Sched),schedule-ippc08-p01,PDB,CG-iLAO*-FF-AO,5,0.0914644,0.0069079142303719,725.0,0.0,40.0,0.0,25.0,0.0,25.0,0.0,
(Sched),schedule-ippc08-p02,PDB,CG-iLAO*-FF-AO,5,0.0819404,0.0125045870494093,1125.0,0.0,40.0,0.0,25.0,0.0,25.0,0.0,
(Sched),schedule-ippc08-p03,PDB,CG-iLAO*-FF-AO,5,0.1030783999999999,0.0097428660468229,2211.0,0.0,54.0,0.0,30.0,0.0,30.0,0.0,
(Sched),schedule-ippc08-p04,PDB,CG-iLAO*-FF-AO,0,,,,,,,,,,,
(S&R),search-and-rescue-ippc08-strips-p01-z4,PDB,CG-iLAO*-FF-AO,5,1.0898198,0.1345781640997548,412420.0,1546.6383472292416,967.0,0.0,770.2,1.998815649328372,1996.4,6.45908476488736,
(S&R),search-and-rescue-ippc08-strips-p02-z5,PDB,CG-iLAO*-FF-AO,5,3.9546118,0.3601826327484734,1831469.8,3212.141585407468,3500.0,0.0,2669.8,2.7994399439887974,8660.0,7.46345764374663,
(S&R),search-and-rescue-ippc08-strips-p03-z6,PDB,CG-iLAO*-FF-AO,5,14.5925976,1.2611778402931595,7546891.0,7881.877041740755,12265.0,0.0,9121.8,9.709421403976654,35734.2,31.029963325792053,
(S&R),search-and-rescue-ippc08-strips-p04-z8,PDB,CG-iLAO*-FF-AO,5,223.4909182,10.504422251505805,115741671.2,41649.40088779458,141643.0,0.0,102647.8,28.05882221334317,531543.6,55.168342516338114,
(S&R),search-and-rescue-ippc08-strips-p05-z10,PDB,CG-iLAO*-FF-AO,0,,,,,,,,,,,
(Sys),sysadmin-ippc08-unit-cost-p01,PDB,CG-iLAO*-FF-AO,5,0.2820768,0.066743491810318,11542.8,305.0117716810287,501.0,0.0,496.0,0.0,546.8,0.3919999999999999,
(Sys),sysadmin-ippc08-unit-cost-p02,PDB,CG-iLAO*-FF-AO,5,0.7408558000000001,0.0953969596513116,52856.6,437.6446075253298,1607.8,0.3919999999999999,1597.2,0.7333648478076924,1746.4,3.314660766956401,
(Sys),sysadmin-ippc08-unit-cost-p03,PDB,CG-iLAO*-FF-AO,0,,,,,,,,,,,
(Sys),sysadmin-ippc08-unit-cost-p04,PDB,CG-iLAO*-FF-AO,0,,,,,,,,,,,
(TriTW),triangle-tireworld-ippc08-p01,PDB,CG-iLAO*-FF-AO,5,0.0676776,0.0118442608086556,102.4,1.9203999583420115,27.0,0.0,24.0,0.0,25.6,0.4800999895855028,
(TriTW),triangle-tireworld-ippc08-p02,PDB,CG-iLAO*-FF-AO,5,0.2726636,0.0285406996107063,2025.6,2.9465260901610897,337.2,0.9601999791710056,266.0,0.0,286.2,0.392,
(TriTW),triangle-tireworld-ippc08-p03,PDB,CG-iLAO*-FF-AO,5,3.2694322,0.1961273433246226,106283.8,5478.128240388682,4895.4,18.22483843549786,3816.2,15.598940476840085,4142.8,22.082859959706305,
(TriTW),triangle-tireworld-ippc08-p04,PDB,CG-iLAO*-FF-AO,5,47.0663226,2.81327356616994,2507071.2,90663.2748462427,75040.6,963.5519477931638,59406.6,782.0315508315505,62965.6,799.6688548242954,
(TriTW),triangle-tireworld-ippc08-p05,PDB,CG-iLAO*-FF-AO,1,822.243294,,46638363.0,,1217366.0,,972268.0,,1016347.0,,
(Zeno),zenotravel-ippc04-unit-cost_NO_FORALLS-p01-problem,PDB,CG-iLAO*-FF-AO,5,0.169296,0.0102202278039268,0.0,0.0,0.0,0.0,,,,,trivial (s0 in G)
(Zeno),zenotravel-ippc04-unit-cost_NO_FORALLS-p02-problem,PDB,CG-iLAO*-FF-AO,5,167.116668,2.9157846462433974,18389049.6,42324.09748178283,229297.2,316.1349371138849,120830.0,119.85043412520456,313750.0,441.1611261206046,
(Zeno),zenotravel-ippc04-unit-cost_NO_FORALLS-p03-problem,PDB,CG-iLAO*-FF-AO,0,,,,,,,,,,,
(Zeno),zenotravel-ippc04-unit-cost_NO_FORALLS-p04-problem,PDB,CG-iLAO*-FF-AO,5,173.44207999999998,23.063656744868197,16321101.6,24976.863921825254,268780.8,467.7737823179063,108318.8,151.33611724898984,281773.6,295.1519219927256,
(Zeno),zenotravel-ippc04-unit-cost_NO_FORALLS-p05-problem,PDB,CG-iLAO*-FF-AO,5,581.9129208,22.273418813926064,71164652.8,122089.64854948672,649031.2,1160.579604742389,324033.6,525.2926520864345,875624.4,1481.869351520572,
(Zeno),zenotravel-ippc08-unit-cost_NO_FORALLS-p01-c4-p2-a2-s3846-problem,PDB,CG-iLAO*-FF-AO,5,16.677805,1.1704855707601745,1604236.2,9318.96961962126,40841.4,254.06212235593085,18813.4,60.91975127985995,40695.0,133.7389451132317,
(Zeno),zenotravel-ippc08-unit-cost_NO_FORALLS-p02-c5-p2-a2-s17462-problem,PDB,CG-iLAO*-FF-AO,5,13.3617892,0.7561253300673894,970084.8,5079.992619544244,34090.2,217.134387290452,14004.4,43.6407105350039,30676.6,100.13586098895838,
(Zeno),zenotravel-ippc08-unit-cost_NO_FORALLS-p04-c6-p2-a2-s12861-problem,PDB,CG-iLAO*-FF-AO,5,60.36038980000001,7.924445587512406,6115602.6,16580.876250729816,127478.0,304.0869096820841,51332.4,115.90479513807873,125439.2,263.65344174503014,
(Coresec),coresec-icaps16-bigger-p01-problem,PDB,CG-iLAO*-FF-AO,5,0.7654992,0.0882716421091234,5233.0,27.12317090607217,653.6,1.817629225117158,532.4,1.4667296956153848,541.2,2.5100247010736765,
(Coresec),coresec-icaps16-bigger-p02-problem,PDB,CG-iLAO*-FF-AO,5,0.723742,0.0728730468103942,5195.4,102.56738241760875,659.0,3.0990321069650117,505.0,8.809104381263738,534.2,5.925556851469742,
(Coresec),coresec-icaps16-bigger-p03-problem,PDB,CG-iLAO*-FF-AO,5,9.9012558,0.5673089770845219,132408.0,1593.7375757382392,9382.2,19.67238633211538,7239.8,15.400661803961542,8511.6,48.57716764077544,
(Coresec),coresec-icaps16-bigger-p04-problem,PDB,CG-iLAO*-FF-AO,5,9.8931938,0.5216582074558603,132362.2,887.3351864904265,9380.8,25.172077864173232,7239.0,20.96375538876563,8510.4,61.85531453319108,
(Coresec),coresec-icaps16-bigger-p05-problem,PDB,CG-iLAO*-FF-AO,5,25.046812,1.4173962746482065,406965.6,1187.2871448204935,22996.8,53.93882964989136,17838.6,43.42450662932165,22231.4,108.09999711378347,
(Coresec),coresec-icaps16-bigger-p06-problem,PDB,CG-iLAO*-FF-AO,5,354.2821094,20.70259310010204,6949204.0,5205.529606347465,313160.4,210.3944743000633,232609.4,158.64574654241443,340954.4,409.7317064812045,
(Coresec),coresec-icaps16-bigger-p07-problem,PDB,CG-iLAO*-FF-AO,0,,,,,,,,,,,
(PARC-N),no-repair-parc_NOREPAIR_s4_c1_fN.N_uN-facts,PDB,CG-iLAO*-FF-AO,5,1537.8458792,35.26848467196401,2326481.4,12917.337161267254,55982.8,415.2265435446053,21952.0,120.10818589921338,48716.8,188.65587990836647,
(PARC-N),no-repair-parc_NOREPAIR_s4_c2_fN.N_uN-facts,PDB,CG-iLAO*-FF-AO,0,,,,,,,,,,,
(PARC-N),no-repair-parc_NOREPAIR_s4_c3_fN.N_uN-facts,PDB,CG-iLAO*-FF-AO,0,,,,,,,,,,,
(PARC-N),no-repair-parc_NOREPAIR_s5_c1_fN.N_uN-facts,PDB,CG-iLAO*-FF-AO,0,,,,,,,,,,,
(PARC-N),no-repair-parc_NOREPAIR_s5_c2_fN.N_uN-facts,PDB,CG-iLAO*-FF-AO,0,,,,,,,,,,,
(PARC-N),no-repair-parc_NOREPAIR_s5_c3_fN.N_uN-facts,PDB,CG-iLAO*-FF-AO,0,,,,,,,,,,,
(PARC-R),with-repair-parc_REPAIR_s4_c1_fN.N_uN-facts,PDB,CG-iLAO*-FF-AO,0,,,,,,,,,,,
(PARC-R),with-repair-parc_REPAIR_s4_c2_fN.N_uN-facts,PDB,CG-iLAO*-FF-AO,0,,,,,,,,,,,
(PARC-R),with-repair-parc_REPAIR_s4_c3_fN.N_uN-facts,PDB,CG-iLAO*-FF-AO,0,,,,,,,,,,,
(PARC-R),with-repair-parc_REPAIR_s5_c1_fN.N_uN-facts,PDB,CG-iLAO*-FF-AO,0,,,,,,,,,,,
(PARC-R),with-repair-parc_REPAIR_s5_c2_fN.N_uN-facts,PDB,CG-iLAO*-FF-AO,0,,,,,,,,,,,
(PARC-R),with-repair-parc_REPAIR_s5_c3_fN.N_uN-facts,PDB,CG-iLAO*-FF-AO,0,,,,,,,,,,,
(TriTW),intermediate-triangle-tireworld-tire6-start10,ROC,CG-iLAO*-trial,0,,,,,,,,,,,
(TriTW),intermediate-triangle-tireworld-tire6-start8,ROC,CG-iLAO*-trial,5,453.6689262,8.517759630650355,26127149.0,1161835.808776372,990491.2,5815.504053440596,775778.2,3423.008969836918,933543.8,4816.6909437147815,
(TriTW),intermediate-triangle-tireworld-tire6-start9,ROC,CG-iLAO*-trial,5,1056.847409,55.96349420883613,67577721.8,4224321.270900911,2049108.2,11154.13595297744,1609781.4,10303.195864698291,1937338.0,16215.045327413673,
(BW),blocksworld-ippc04-p01,ROC,CG-iLAO*-trial,5,0.215659,0.0342158044538111,5001.2,996.5294982407696,383.2,104.6342654391954,122.0,23.479131159393443,216.6,47.17292884695628,
(BW),blocksworld-ippc04-p02,ROC,CG-iLAO*-trial,5,0.1845986,0.0189710930892095,4590.4,1493.168804903183,291.2,55.01772717951915,92.8,13.739586019964356,176.4,26.22008268484293,
(BW),blocksworld-ippc04-p03,ROC,CG-iLAO*-trial,5,0.1627178,0.0088644601364541,2058.2,1088.5080888188202,228.4,91.42008147010152,44.6,20.56225901986452,78.6,41.98519472385474,
(BW),blocksworld-ippc04-p04,ROC,CG-iLAO*-trial,5,0.2443646,0.0225941918863644,9453.6,1114.989994473493,470.0,48.66565935030573,170.8,13.641374710783364,337.6,29.35161351612548,
(BW),blocksworld-ippc04-p05,ROC,CG-iLAO*-trial,5,0.1928812,0.022132280168154,3614.8,1267.313841439444,275.0,64.53729712344638,67.8,7.370225505369561,126.0,17.38775201111403,
(BW),blocksworld-ippc04-p06,ROC,CG-iLAO*-trial,5,59.8428916,4.423847102707794,1066736.4,11831.51524387371,62969.0,943.8609912058024,12779.0,75.64939867573304,28796.6,187.27653845583535,
(BW),blocksworld-ippc04-p07,ROC,CG-iLAO*-trial,0,,,,,,,,,,,
(BW),blocksworld-ippc04-p08,ROC,CG-iLAO*-trial,5,15.038934,0.9270793001906452,291193.0,16244.644712002784,16093.4,965.2066915308864,2718.2,106.11078693516508,5963.0,249.454182727009,
(BW),blocksworld-ippc04-p09,ROC,CG-iLAO*-trial,5,13.0354944,1.0016983152859755,227463.8,3255.21886424615,13801.6,1094.2847983664944,2170.0,44.30207038051383,5076.6,106.67262861671684,
(BW),blocksworld-ippc04-p10,ROC,CG-iLAO*-trial,5,143.2185026,4.913892511083111,3029386.6,37036.48050881639,153289.0,2242.204363353171,31588.2,289.0142123564168,69262.6,566.4296912556756,
(BW),blocksworld-ippc08-p01-c0-C0-g1-n5,ROC,CG-iLAO*-trial,5,0.1789016,0.0211326134976726,6258.8,1626.2393433882971,234.0,21.719771637841863,103.0,15.131403107445124,197.6,25.38635097842933,
(BW),blocksworld-ippc08-p02-c1-C1-g20-n5,ROC,CG-iLAO*-trial,5,0.1790584,0.0161923380094888,5631.0,1764.0327752510725,225.2,23.07811569431092,96.6,15.845724218223664,188.2,26.56794278825517,
(BW),blocksworld-ippc08-p03-c1-C2-g40-n5,ROC,CG-iLAO*-trial,5,0.1873116,0.0167887039111593,5744.2,1879.125444898238,230.4,28.883245247028597,98.4,17.003494229128314,191.4,28.70312763445823,
(BW),blocksworld-ippc08-p04-c2-C1-g0-n5,ROC,CG-iLAO*-trial,5,0.1806398,0.0107131649018459,6696.6,1415.9448327445527,239.2,19.127832705249173,104.6,11.588888471290074,202.8,19.217997398272274,
(BW),blocksworld-ippc08-p05-c0-C0-g1-n10,ROC,CG-iLAO*-trial,5,323.5871146,27.219921518575315,8730371.6,50611.85234032929,305033.8,2019.029896812824,90658.0,379.4546838820151,212861.6,757.7641370875241,
(BW),blocksworld-ippc08-p06-c1-C1-g20-n10,ROC,CG-iLAO*-trial,5,320.88232600000003,36.60998552252941,8720802.6,45846.703309167344,305002.6,2035.3955558406824,90651.4,381.0416436244207,212834.8,771.1376833121307,
(BW),blocksworld-ippc08-p07-c1-C2-g0-n10,ROC,CG-iLAO*-trial,5,321.9746094,26.499291119394023,8731869.8,28782.565680960128,304876.4,2327.31794808015,90650.8,418.0847694714554,212715.0,783.6010384883368,
(BW),blocksworld-ippc08-p08-c3-C2-g0-n10,ROC,CG-iLAO*-trial,5,327.8780176,15.525695636623896,8732342.6,47364.93448765253,305052.8,2008.2542393392323,90685.4,362.0224524749812,212951.8,619.0508506932205,
(BW),blocksworld-ippc08-p09-c0-C0-g1-n14,ROC,CG-iLAO*-trial,5,293.8406816,41.02020595376596,1022758.4,21869.19607770747,80759.0,7073.2006835038965,10023.6,113.68439301856696,23363.4,256.24899378534155,
(BW),blocksworld-ippc08-p10-c1-C1-g20-n14,ROC,CG-iLAO*-trial,5,335.3323128,70.02012680204545,1028760.2,16075.380446102792,81634.8,7382.471755680747,10056.6,80.29687276600502,23476.6,116.38109647189272,
(BW),blocksworld-ippc08-p11-c1-C2-g0-n14,ROC,CG-iLAO*-trial,5,268.7511704,55.4972399233243,1030414.0,13843.638883131847,79886.4,6258.954319074073,10153.8,80.55433088295129,23632.4,114.30783182267082,
(BW),blocksworld-ippc08-p12-c3-C2-g0-n14,ROC,CG-iLAO*-trial,5,292.5826254,43.15854196198328,1030099.2,17321.41773968586,81627.8,7386.349896281924,10097.2,116.91428751012428,23539.4,155.82135596894287,
(Elev),elevators-ippc04-p01,ROC,CG-iLAO*-trial,5,0.1919262,0.0139302880409295,37816.2,3316.085614175846,790.0,10.824453796843514,663.4,35.457044659700564,1862.4,105.76847212662192,
(Elev),elevators-ippc04-p02,ROC,CG-iLAO*-trial,5,0.0840566,0.005975362337701,4433.0,3698.207186559455,174.4,48.93566977165021,70.0,21.53325614021251,184.8,56.12722747472922,
(Elev),elevators-ippc04-p03,ROC,CG-iLAO*-trial,5,0.1872434,0.0108131652381167,44605.6,3110.723934587574,797.6,14.060182644617385,675.0,19.12381551887593,1936.8,52.82336361876248,
(Elev),elevators-ippc04-p04,ROC,CG-iLAO*-trial,5,0.1522948,0.0136517346789125,25359.6,573.2303403833401,617.6,39.97919578981047,455.4,9.81175295245452,1299.4,32.11410805238096,
(Elev),elevators-ippc04-p05,ROC,CG-iLAO*-trial,5,0.1376162,0.0184402542556414,15951.0,684.5716329501245,552.4,25.257396857158497,378.0,18.355062516918867,1021.0,49.58838735026578,
(Elev),elevators-ippc04-p06,ROC,CG-iLAO*-trial,5,1.4731186,0.0732055292642107,416786.8,19675.774590322588,7798.0,654.7476737797546,5066.8,131.28108677185756,14497.2,377.7054766666748,
(Elev),elevators-ippc04-p07,ROC,CG-iLAO*-trial,5,1.5318038,0.0734913942845004,464337.6,12145.041186687513,8278.0,395.6564766562023,5135.6,196.58575272893,14778.0,444.1007082183049,
(Elev),elevators-ippc04-p08,ROC,CG-iLAO*-trial,5,4.022892000000001,0.1206526433157644,2218796.8,8861.653528216051,14622.6,8.421160015104805,13888.0,109.12290098783114,44956.4,464.5388553135248,
(Elev),elevators-ippc04-p09,ROC,CG-iLAO*-trial,5,3.2240204,0.0773644411588275,1589663.4,11581.753698680352,13194.0,235.3673571249845,11442.6,176.6378707299202,35614.8,604.1816915332671,
(Elev),elevators-ippc04-p10,ROC,CG-iLAO*-trial,5,6.9916776,0.2098778350740331,5931276.8,29895.35594565925,14685.6,13.853748084904677,14459.8,27.288381117244757,49509.8,317.1140689152722,
(Elev),elevators-ippc04-p11,ROC,CG-iLAO*-trial,5,396.3737604,10.493214731695272,225230550.0,2044185.965503221,517453.6,343.3826026111399,500317.2,434.157210494079,2028511.2,6830.140478431172,
(Elev),elevators-ippc04-p12,ROC,CG-iLAO*-trial,5,93.8062572,2.286970498327152,42070405.6,101465.64520419516,291257.6,14821.3038022846,208823.6,1572.5774645008746,720590.4,6546.272675049214,
(Elev),elevators-ippc04-p13,ROC,CG-iLAO*-trial,0,,,,,,,,,,,
(Elev),elevators-ippc04-p14,ROC,CG-iLAO*-trial,5,192.4486314,3.5877008606286567,102397449.6,1408450.4423177445,479511.6,4186.9459535580345,430323.2,2611.6808706241272,1531939.0,14712.733831344874,
(Elev),elevators-ippc04-p15,ROC,CG-iLAO*-trial,5,456.102772,14.741007027506535,268864117.8,991709.5278728995,525737.4,351.8500811652599,513509.2,414.2094483519177,2213034.0,3850.42351692382,
(ExBW),exploding-blocksworld-ippc04-fixed-p01,ROC,CG-iLAO*-trial,5,0.0779216,0.0080853360819359,279.4,159.2005098484298,92.6,32.81815010021131,23.8,8.882931047801732,33.6,14.648951361786956,
(ExBW),exploding-blocksworld-ippc04-fixed-p02,ROC,CG-iLAO*-trial,5,0.0833724,0.0144393731915404,258.8,114.7134268688718,91.0,29.517365736122184,17.2,6.332953813190176,27.2,9.982539957345525,
(ExBW),exploding-blocksworld-ippc04-fixed-p03,ROC,CG-iLAO*-trial,5,0.0876478,0.0199118588940817,411.8,157.92346521020872,129.4,26.670407870896916,24.0,5.912576426567355,35.4,11.063153980669346,
(ExBW),exploding-blocksworld-ippc04-fixed-p04,ROC,CG-iLAO*-trial,5,0.2332052,0.0262416114290884,28408.8,1188.4579883125866,1106.0,79.86368686706118,278.4,16.69570292021273,413.6,23.663296811729342,
(ExBW),exploding-blocksworld-ippc04-fixed-p05,ROC,CG-iLAO*-trial,5,0.057775,0.0256932402744099,0.0,0.0,0.0,0.0,,,,,trivial (s0 in G)
(ExBW),exploding-blocksworld-ippc04-fixed-p06,ROC,CG-iLAO*-trial,5,1.5248228,0.2183808707684005,25963.8,2487.866719465494,5733.4,967.9321834591512,1075.4,139.0172056113919,1651.2,224.5679355206348,
(ExBW),exploding-blocksworld-ippc04-fixed-p07,ROC,CG-iLAO*-trial,5,19.6758282,0.7235591709646103,663541.4,36150.16151915141,75071.4,2890.6739306286345,14222.4,465.4397931591152,25767.6,1684.1134593892416,
(ExBW),exploding-blocksworld-ippc04-fixed-p08,ROC,CG-iLAO*-trial,5,1.943024,0.2347640247709379,17603.4,2436.310479938056,6382.4,934.5627761985814,860.0,124.94442732671192,1454.0,232.16528870612845,
(ExBW),exploding-blocksworld-ippc04-fixed-p09,ROC,CG-iLAO*-trial,5,68.8462402,4.088793584064387,4791569.0,177759.4658238153,295994.8,13855.36401262933,57864.4,2228.7366410089817,103643.8,3572.6272467952763,
(ExBW),exploding-blocksworld-ippc04-fixed-p10,ROC,CG-iLAO*-trial,5,378.5039522,15.671877899291411,34211621.0,422775.5574963444,1177023.6,34849.39753912908,230877.4,7491.634818207304,416803.6,13081.897282486818,
(ExBW),exploding-blocksworld-ippc08-fixed-p01-n2-N5-s1,ROC,CG-iLAO*-trial,5,0.1164849999999999,0.019955521567041,1268.2,158.17382155084954,319.4,33.08628622254241,77.2,5.237272572627855,114.2,13.036578692279656,
(ExBW),exploding-blocksworld-ippc08-fixed-p02-n3-N5-s2,ROC,CG-iLAO*-trial,5,0.2218518,0.0200783139437529,38542.6,626.2838271071671,1076.0,10.78890541250594,362.6,7.270516900468631,441.6,9.412082447577689,
(ExBW),exploding-blocksworld-ippc08-fixed-p03-n3-N6-s3,ROC,CG-iLAO*-trial,5,0.250686,0.0105572465417304,45354.0,1174.0216759838806,1069.2,50.52619977793699,246.6,7.805624638682032,385.2,13.19765676171342,
(ExBW),exploding-blocksworld-ippc08-fixed-p04-n4-N6-s4,ROC,CG-iLAO*-trial,5,0.4010854,0.0163598253821321,24252.2,439.392658363792,2060.2,41.49649122516264,587.2,17.080137704362922,892.6,34.971585265755394,
(ExBW),exploding-blocksworld-ippc08-fixed-p05-n5-N7-s5,ROC,CG-iLAO*-trial,5,0.1394928,0.0153463564703725,1071.2,184.47275935487065,265.2,44.696595664546976,51.6,9.653870519123403,79.4,13.825990597421942,
(ExBW),exploding-blocksworld-ippc08-fixed-p06-n6-N8-s6,ROC,CG-iLAO*-trial,5,0.5697021999999999,0.0434928396172103,21114.2,1465.8235005565982,2267.0,162.225968821271,515.8,27.28134131599837,786.4,51.76255727840346,
(ExBW),exploding-blocksworld-ippc08-fixed-p07-n7-N9-s7,ROC,CG-iLAO*-trial,5,1.257462,0.1704361801903927,14327.2,1730.7811490260688,5146.2,654.6779665637143,606.0,135.16186148466585,1015.4,245.69254757928655,
(ExBW),exploding-blocksworld-ippc08-fixed-p08-n8-N10-s8,ROC,CG-iLAO*-trial,5,90.5373564,5.054576488926433,8230792.6,319799.7441653377,335459.6,13903.11772899647,40719.8,1514.319440667655,70584.4,2580.113700520967,
(ExBW),exploding-blocksworld-ippc08-fixed-p09-n9-N11-s9,ROC,CG-iLAO*-trial,5,10.087257,0.6481102174844849,1081630.0,50261.381445560764,37316.4,1985.6168470115272,5999.2,244.3613050873644,10472.4,417.9451718299901,
(ExBW),exploding-blocksworld-ippc08-fixed-p10-n10-N12-s10,ROC,CG-iLAO*-trial,5,277.7688742,42.07449059761024,99607641.4,3640767.9325022856,277522.6,4555.657332866026,56450.2,1870.763108825914,84475.0,2879.1277881469587,
(ExBW),exploding-blocksworld-ippc08-fixed-p11-n11-N13-s11,ROC,CG-iLAO*-trial,5,645.6219922,36.01870609025616,16008560.4,517239.9898380462,2120156.8,29806.87764577672,328364.8,6006.655966061648,542890.8,9650.86060499394,
(Rand),random-ippc04-p03-problem,ROC,CG-iLAO*-trial,5,0.2815802,0.0310950162712661,980.0,913.126957394206,408.2,106.76945960339032,11.8,3.687717993556448,14.4,8.690561316738982,
(Rand),random-ippc04-p04-problem,ROC,CG-iLAO*-trial,5,0.4811314,0.0138469558871174,560.0,0.0,225.2,6.658232798573507,2.0,0.0,2.0,0.0,
(Rand),random-ippc04-p05-problem,ROC,CG-iLAO*-trial,5,87.39276720000001,44.40730722493078,156307.6,46426.70784750277,28320.6,9357.15942211182,30.0,14.133760999818834,80.4,21.04240518571962,
(Rand),random-ippc04-p06-problem,ROC,CG-iLAO*-trial,5,1.5451148,0.1447062944441554,1146.4,52.72217840719407,608.6,52.31988623840842,16.0,0.0,16.0,0.0,
(Rand),random-ippc04-p07-problem,ROC,CG-iLAO*-trial,5,0.6595684,0.3176795966394718,1760.4,1841.1687085587785,778.4,661.9252849196803,8.8,7.023257363930216,18.6,18.816,
(Rand),random-ippc04-p08-problem,ROC,CG-iLAO*-trial,0,,,,,,,,,,,
(Rand),random-ippc04-p09-problem,ROC,CG-iLAO*-trial,5,57.1665306,76.49433078932529,133132.2,193802.46715820083,34986.2,49120.89954213526,29.4,35.27237695421163,60.0,78.01686381802334,
(Rand),random-ippc04-p10-problem,ROC,CG-iLAO*-trial,0,,,,,,,,,,,
(Rand),random-ippc04-p13-problem,ROC,CG-iLAO*-trial,5,380.7328086,190.94328371253224,812004.4,427148.6922346994,132307.8,76560.58699828824,99.4,33.58756103083402,765.0,552.2377825538559,
(RectTW),rectangle-tireworld-ippc08-unit-cost-p01-x5-y5-h2-v2-u0-s1,ROC,CG-iLAO*-trial,5,0.1919708,0.0133370976563352,1708.4,93.45645026428085,48.0,0.0,24.0,0.0,57.4,2.1109846043967253,
(RectTW),rectangle-tireworld-ippc08-unit-cost-p02-x5-y5-h2-v3-u15-s2,ROC,CG-iLAO*-trial,5,0.190769,0.0172959585923324,378.0,7.411806797266102,34.0,0.0,10.0,0.0,11.2,0.3919999999999999,unsolveable
(RectTW),rectangle-tireworld-ippc08-unit-cost-p03-x7-y7-h4-v3-u0-s3,ROC,CG-iLAO*-trial,5,0.5559752,0.0840268472717279,4470.2,180.4801375886,95.8,0.3919999999999999,47.8,0.3919999999999999,131.6,4.408910976647181,
(RectTW),rectangle-tireworld-ippc08-unit-cost-p04-x7-y7-h3-v4-u20-s4,ROC,CG-iLAO*-trial,5,0.4539118,0.0260815739709746,6.0,0.0,5.0,0.0,1.0,0.0,0.0,0.0,unsolveable
(RectTW),rectangle-tireworld-ippc08-unit-cost-p05-x9-y9-h3-v5-u30-s5,ROC,CG-iLAO*-trial,5,1.1028848,0.0302929094779155,6.0,0.0,5.0,0.0,1.0,0.0,0.0,0.0,unsolveable
(RectTW),rectangle-tireworld-ippc08-unit-cost-p06-x11-y11-h4-v3-u40-s6,ROC,CG-iLAO*-trial,5,4.6184568,0.4722639936153029,34847.2,1077.634201936817,240.4,0.4800999895855028,114.4,0.4800999895855028,244.8,3.1237259802998083,
(RectTW),rectangle-tireworld-ippc08-unit-cost-p07-x11-y11-h3-v5-u80-s7,ROC,CG-iLAO*-trial,5,2.5700042,0.0683280686962849,6.0,0.0,5.0,0.0,1.0,0.0,0.0,0.0,unsolveable
(RectTW),rectangle-tireworld-ippc08-unit-cost-p08-x11-y11-h6-v7-u80-s8,ROC,CG-iLAO*-trial,5,2.626915,0.01640225748808,6.0,0.0,5.0,0.0,1.0,0.0,0.0,0.0,unsolveable
(RectTW),rectangle-tireworld-ippc08-unit-cost-p09-x15-y15-h4-v4-u60-s9,ROC,CG-iLAO*-trial,5,27.434133600000003,2.9628152421821525,91092.8,3090.5657876938967,449.0,0.0,223.0,0.0,497.2,2.1825636302293683,
(RectTW),rectangle-tireworld-ippc08-unit-cost-p10-x15-y15-h10-v10-u150-s10,ROC,CG-iLAO*-trial,5,13.6331776,0.7315006314632804,381202.0,1123.4575700399191,244.0,0.0,23.0,0.0,32.8,0.9601999791710056,unsolveable
(RectTW),rectangle-tireworld-ippc08-unit-cost-p11-x20-y20-h5-v5-u80-s11,ROC,CG-iLAO*-trial,5,190.9468668,18.340032433071837,167300.8,5719.431646104707,793.4,0.7839999999999999,391.2,0.3919999999999999,953.6,8.119227549465528,
(RectTW),rectangle-tireworld-ippc08-unit-cost-p12-x20-y20-h15-v15-u300-s12,ROC,CG-iLAO*-trial,5,209.7178692,15.93769676586766,44442118.2,652139.9657404773,774.0,0.0,433.8,0.7333648478076924,700.6,5.095999999999999,unsolveable
(RectTW),rectangle-tireworld-ippc08-unit-cost-p14-x30-y30-h25-v20-u700-s14,ROC,CG-iLAO*-trial,0,,,,,,,,,,,unsolveable
(Sched),schedule-ippc04-p01,ROC,CG-iLAO*-trial,5,0.0731506,0.0205926547282106,570.6,36.973933737161374,36.0,0.0,20.0,0.0,20.0,0.0,
(Sched),schedule-ippc04-p02,ROC,CG-iLAO*-trial,5,0.0772428,0.0178062792172756,850.4,44.98018514857403,36.0,0.0,20.0,0.0,20.0,0.0,
(Sched),schedule-ippc04-p03,ROC,CG-iLAO*-trial,5,0.0772296,0.0135618588150185,1619.8,142.49806589564645,50.0,0.0,25.0,0.0,26.2,1.4402999687565086,
(Sched),schedule-ippc04-p04,ROC,CG-iLAO*-trial,5,28.5742346,1.486180444509603,14900203.8,430429.3358446659,76879.8,1706.6410499410822,34576.8,576.068441128309,57544.0,1047.411603220052,
(Sched),schedule-ippc04-p05,ROC,CG-iLAO*-trial,5,1192.2885724,93.65953713149284,380347364.0,318579.1713381704,1777708.4,1941.007168440137,710257.0,704.4162014036872,1215572.0,2046.7852166360783,
(Sched),schedule-ippc08-p01,ROC,CG-iLAO*-trial,5,0.0756362,0.0207306709763997,619.4,41.934840121312014,50.0,0.0,25.0,0.0,25.0,0.0,
(Sched),schedule-ippc08-p02,ROC,CG-iLAO*-trial,5,0.0835948,0.0154927717828587,896.6,51.34526673414016,50.0,0.0,25.0,0.0,25.0,0.0,
(Sched),schedule-ippc08-p03,ROC,CG-iLAO*-trial,5,0.0989888,0.010253393044345,1715.0,161.8976610084284,66.0,0.0,30.0,0.0,31.6,1.920399958342012,
(Sched),schedule-ippc08-p04,ROC,CG-iLAO*-trial,5,958.7188538,54.05483432472754,320247380.4,1586300.7916281796,1710818.2,11416.886023328076,669997.6,3021.767959181512,1147194.6,5689.993649157792,
(S&R),search-and-rescue-ippc08-strips-p01-z4,ROC,CG-iLAO*-trial,5,0.4020609999999999,0.0149969093441495,395661.0,3239.31145525712,1076.0,0.0,839.8,4.312,1985.0,9.255683659244196,
(S&R),search-and-rescue-ippc08-strips-p02-z5,ROC,CG-iLAO*-trial,5,1.4589054,0.066756723701612,1759130.4,7598.518222238859,3906.0,0.0,2988.8,5.860367223988613,8607.6,18.7444054586962,
(S&R),search-and-rescue-ippc08-strips-p03-z6,ROC,CG-iLAO*-trial,5,5.8232126,0.3836859939097542,7337671.0,17253.248560296113,13724.0,0.0,10364.8,6.116958721456276,35542.8,39.51429999379972,
(S&R),search-and-rescue-ippc08-strips-p04-z8,ROC,CG-iLAO*-trial,5,93.4887814,5.489117570460385,113890375.0,67335.88597922031,159140.0,0.0,118785.6,19.878304153020697,529534.4,114.28094266324544,
(S&R),search-and-rescue-ippc08-strips-p05-z10,ROC,CG-iLAO*-trial,1,1751.38932,,1601114048.0,,1749740.0,,1301251.0,,7125617.0,,
(Sys),sysadmin-ippc08-unit-cost-p01,ROC,CG-iLAO*-trial,5,0.1337572,0.022809608546268,10849.8,250.89791498535809,442.0,0.0,427.8,0.7333648478076924,467.4,1.4667296956153848,
(Sys),sysadmin-ippc08-unit-cost-p02,ROC,CG-iLAO*-trial,5,0.3529125999999999,0.0201647136688249,49732.8,805.7372388961552,1568.4,2.813129218503835,1541.4,1.3293366766925525,1677.8,2.658673353385105,
(Sys),sysadmin-ippc08-unit-cost-p03,ROC,CG-iLAO*-trial,5,1.0233946,0.0294276189346365,168061.0,1632.3360814244104,4692.6,4.045394418347858,4634.0,3.92,5026.6,11.235433948005744,
(Sys),sysadmin-ippc08-unit-cost-p04,ROC,CG-iLAO*-trial,5,10.8570954,0.9261459520985664,2017177.2,13395.715510406451,33080.8,7.626389971670736,32983.4,9.473108043298144,35251.2,30.930762421899654,
(TriTW),triangle-tireworld-ippc08-p01,ROC,CG-iLAO*-trial,5,0.0505541999999999,0.0113421302693023,147.2,16.830911561766346,39.2,4.267222047187139,27.4,4.662987883321165,29.6,5.964328629443552,
(TriTW),triangle-tireworld-ippc08-p02,ROC,CG-iLAO*-trial,5,0.1151048,0.0166173290669681,2658.2,203.2052154448797,395.4,10.763951690712847,246.6,8.142850606513667,300.4,16.810356807634985,
(TriTW),triangle-tireworld-ippc08-p03,ROC,CG-iLAO*-trial,5,0.9324976,0.0149049519904472,80484.0,8080.664505447557,4476.2,108.71270350791576,2860.4,40.608437743897504,3528.4,46.90341838288548,
(TriTW),triangle-tireworld-ippc08-p04,ROC,CG-iLAO*-trial,5,15.761368199999998,0.8822530141407946,2100774.0,206452.5695253993,52625.0,1314.721482778767,35114.2,783.0678088032989,42618.0,894.3802365437197,
(TriTW),triangle-tireworld-ippc08-p05,ROC,CG-iLAO*-trial,5,371.0481594,7.139887628115851,36846485.8,934953.0484669232,657840.6,9924.282599737677,480559.8,6864.418836014014,579900.6,7290.913491897705,
(Zeno),zenotravel-ippc04-unit-cost_NO_FORALLS-p01-problem,ROC,CG-iLAO*-trial,5,0.1670312,0.0148633314847588,0.0,0.0,0.0,0.0,,,,,trivial (s0 in G)
(Zeno),zenotravel-ippc04-unit-cost_NO_FORALLS-p02-problem,ROC,CG-iLAO*-trial,5,138.07933640000002,4.200690473695777,36301512.0,385711.6290638248,364578.0,3409.056572179464,152882.8,1402.378753598328,400493.8,5086.545137114581,
(Zeno),zenotravel-ippc04-unit-cost_NO_FORALLS-p03-problem,ROC,CG-iLAO*-trial,5,1221.1349878,37.927784261908606,435422913.4,1833204.3211370176,1600358.4,8487.222285752625,1090474.0,4003.895752489068,3279159.0,9295.266740899908,
(Zeno),zenotravel-ippc04-unit-cost_NO_FORALLS-p04-problem,ROC,CG-iLAO*-trial,5,193.7648494,4.668540356503853,23102202.8,155882.33516284535,487473.6,4138.675480519824,147260.6,1806.631698453229,318889.2,2994.901960128912,
(Zeno),zenotravel-ippc04-unit-cost_NO_FORALLS-p05-problem,ROC,CG-iLAO*-trial,5,551.7655844,16.903146104395585,122024285.2,699266.4677854272,976685.8,11981.744762198196,398406.0,2483.3386408140154,1038822.2,4993.025173217536,
(Zeno),zenotravel-ippc08-unit-cost_NO_FORALLS-p01-c4-p2-a2-s3846-problem,ROC,CG-iLAO*-trial,5,7.374038799999999,0.2964586044781898,1431013.6,25382.50697353152,33854.2,1465.22964269223,11447.8,217.6927450881172,24057.2,445.5694343915435,
(Zeno),zenotravel-ippc08-unit-cost_NO_FORALLS-p02-c5-p2-a2-s17462-problem,ROC,CG-iLAO*-trial,5,5.9962792,0.1797464919212185,765765.8,18687.856443226014,26042.8,693.5510336118027,7012.4,254.12562140799577,14417.0,452.5873003962881,
(Zeno),zenotravel-ippc08-unit-cost_NO_FORALLS-p04-c6-p2-a2-s12861-problem,ROC,CG-iLAO*-trial,5,75.6943258,1.9344683792503337,14337826.2,154369.36650374925,257175.2,2728.248076063465,87166.6,803.7413943900115,198025.8,897.1182285875145,
(Coresec),coresec-icaps16-bigger-p01-problem,ROC,CG-iLAO*-trial,5,0.7440914000000001,0.0225976491345116,98875.8,1958.6537428509407,8554.4,50.81883524836043,3891.4,70.98772581228391,6531.6,83.57647764772094,
(Coresec),coresec-icaps16-bigger-p02-problem,ROC,CG-iLAO*-trial,5,2.1661158,0.041088257949855,331368.2,1368.0978869890853,24922.6,48.75871794869098,10826.2,62.48497214530867,18965.2,71.81307335019162,
(Coresec),coresec-icaps16-bigger-p03-problem,ROC,CG-iLAO*-trial,5,6.4450612000000005,0.2436973270152277,1221619.2,2112.4439004489564,61943.2,29.862836837782176,34162.0,37.30699237408452,62251.0,126.41164313464166,
(Coresec),coresec-icaps16-bigger-p04-problem,ROC,CG-iLAO*-trial,5,17.0731526,0.2371720201247991,3154243.8,7780.210566614763,167049.4,139.06555668460828,79904.6,168.10653888531522,147563.2,259.277257436899,
(Coresec),coresec-icaps16-bigger-p05-problem,ROC,CG-iLAO*-trial,5,451.0553388,23.00940336596373,70127272.0,46075.27349497385,2733694.4,478.4008696647613,1190975.0,434.38570473716095,2516282.4,726.0662793547156,
(Coresec),coresec-icaps16-bigger-p06-problem,ROC,CG-iLAO*-trial,0,,,,,,,,,,,
(Coresec),coresec-icaps16-bigger-p07-problem,ROC,CG-iLAO*-trial,0,,,,,,,,,,,
(PARC-N),no-repair-parc_NOREPAIR_s4_c1_fN.N_uN-facts,ROC,CG-iLAO*-trial,5,8.8397238,0.5938666562336132,898087.6,13581.638100203376,28352.2,649.6264401515689,7565.6,140.17713913473906,18574.6,203.22997952073905,
(PARC-N),no-repair-parc_NOREPAIR_s4_c2_fN.N_uN-facts,ROC,CG-iLAO*-trial,5,13.1277916,1.1145001184241845,1332459.4,30262.779307130662,37366.0,994.7923957087728,9724.0,171.30332722980015,22723.8,164.8584883589559,
(PARC-N),no-repair-parc_NOREPAIR_s4_c3_fN.N_uN-facts,ROC,CG-iLAO*-trial,5,18.6868402,1.7272937518374458,2108219.8,116179.6519902279,51049.2,1745.2351564829307,12409.0,315.43336589523943,26626.0,380.60202353639687,
(PARC-N),no-repair-parc_NOREPAIR_s5_c1_fN.N_uN-facts,ROC,CG-iLAO*-trial,5,96.9621956,2.6496587978928434,9992605.8,239133.04720532204,276043.8,6056.751914435988,57778.0,957.4693285113628,159628.8,1311.820166419163,
(PARC-N),no-repair-parc_NOREPAIR_s5_c2_fN.N_uN-facts,ROC,CG-iLAO*-trial,5,146.0097892,5.31460887181644,14824286.4,471728.8423195241,359084.6,9204.181006534802,73515.6,1426.1298066361278,200720.8,1796.4201839168916,
(PARC-N),no-repair-parc_NOREPAIR_s5_c3_fN.N_uN-facts,ROC,CG-iLAO*-trial,5,202.3961668,13.02039272479606,23139810.2,578320.0134525156,473859.8,17980.73268073979,90587.6,2735.685304667918,231568.4,3281.695293462816,
(PARC-R),with-repair-parc_REPAIR_s4_c1_fN.N_uN-facts,ROC,CG-iLAO*-trial,5,31.726509,0.7840375964268732,6661272.4,14649.430547215685,83902.4,217.93278692294095,21288.6,64.84786701195344,71566.8,225.95272404642523,
(PARC-R),with-repair-parc_REPAIR_s4_c2_fN.N_uN-facts,ROC,CG-iLAO*-trial,5,86.8330736,5.803690646851658,16827708.8,81334.65870041617,185565.8,549.9829151382796,49176.2,175.95779239351688,164134.6,352.33833571724773,
(PARC-R),with-repair-parc_REPAIR_s4_c3_fN.N_uN-facts,ROC,CG-iLAO*-trial,5,130.8982228,3.3477309482130613,24052577.6,167023.9897233341,269368.0,1069.3002700457905,66957.0,299.19513953271365,214144.8,911.8634116489158,
(PARC-R),with-repair-parc_REPAIR_s5_c1_fN.N_uN-facts,ROC,CG-iLAO*-trial,5,410.8467052,7.215429107464077,64622425.2,199269.5987343636,867388.6,2412.242845307246,177790.6,461.2445141744235,673433.4,1278.170777234404,
(PARC-R),with-repair-parc_REPAIR_s5_c2_fN.N_uN-facts,ROC,CG-iLAO*-trial,4,1166.70709475,15.44882038642132,162551095.75,227395.43965092843,1954758.5,3230.4996541711625,414699.75,826.0767858377332,1545951.0,3049.863813571572,
(PARC-R),with-repair-parc_REPAIR_s5_c3_fN.N_uN-facts,ROC,CG-iLAO*-trial,0,,,,,,,,,,,
(TriTW),intermediate-triangle-tireworld-tire6-start10,LMCut,CG-iLAO*-trial,0,,,,,,,,,,,
(TriTW),intermediate-triangle-tireworld-tire6-start8,LMCut,CG-iLAO*-trial,5,1399.734856,28.94736865791398,69665732.0,2248415.090240189,5025250.4,147374.84550213013,3525210.0,48569.6534665126,4410249.4,132320.3396512996,
(TriTW),intermediate-triangle-tireworld-tire6-start9,LMCut,CG-iLAO*-trial,0,,,,,,,,,,,
(BW),blocksworld-ippc04-p01,LMCut,CG-iLAO*-trial,5,1.5806632,0.1317820854118886,49400.4,5496.297113942805,2017.4,165.04852648842396,871.2,90.66011727325306,1853.2,201.40599887788844,
(BW),blocksworld-ippc04-p02,LMCut,CG-iLAO*-trial,5,1.0500678,0.0254393913385974,33917.6,557.2968335958855,1357.2,49.50076912533784,542.0,19.639160878204542,1131.8,50.03339109035085,
(BW),blocksworld-ippc04-p03,LMCut,CG-iLAO*-trial,5,0.5524108,0.0335163738959963,12043.2,677.5160098359299,707.4,37.64322749180787,258.2,9.50953542503523,572.4,16.75312794674475,
(BW),blocksworld-ippc04-p04,LMCut,CG-iLAO*-trial,5,1.904104,0.0517276633007724,78708.6,7722.270250889695,2476.2,91.87028281223476,1193.8,83.77114290732817,2575.4,192.15258628496255,
(BW),blocksworld-ippc04-p05,LMCut,CG-iLAO*-trial,5,0.8594718,0.0448585183446148,29407.2,3202.0456714144475,1123.8,81.71672279282863,471.8,52.85607991518099,1031.6,119.7455740142407,
(BW),blocksworld-ippc04-p06,LMCut,CG-iLAO*-trial,0,,,,,,,,,,,
(BW),blocksworld-ippc04-p07,LMCut,CG-iLAO*-trial,0,,,,,,,,,,,
(BW),blocksworld-ippc04-p08,LMCut,CG-iLAO*-trial,0,,,,,,,,,,,
(BW),blocksworld-ippc04-p09,LMCut,CG-iLAO*-trial,0,,,,,,,,,,,
(BW),blocksworld-ippc04-p10,LMCut,CG-iLAO*-trial,0,,,,,,,,,,,
(BW),blocksworld-ippc08-p01-c0-C0-g1-n5,LMCut,CG-iLAO*-trial,5,0.552349,0.0224725151550599,21136.2,1958.1696225363112,692.6,41.838540318706144,429.4,37.15531423632426,885.0,80.35043845555542,
(BW),blocksworld-ippc08-p02-c1-C1-g20-n5,LMCut,CG-iLAO*-trial,5,0.5491552000000001,0.026016160668069,20937.8,1741.0846035457323,689.2,37.56558723086863,426.2,33.31654099692824,874.4,67.84431778712202,
(BW),blocksworld-ippc08-p03-c1-C2-g40-n5,LMCut,CG-iLAO*-trial,5,0.5494496,0.0208414964595831,20897.2,2040.006227927748,689.6,36.46653611189304,428.0,32.35484507766959,880.8,65.46341317102248,
(BW),blocksworld-ippc08-p04-c2-C1-g0-n5,LMCut,CG-iLAO*-trial,5,0.548621,0.0245502589606121,21025.0,1863.6408286147844,689.0,37.36872489127773,426.8,33.96742769183442,877.0,70.68511130358357,
(BW),blocksworld-ippc08-p05-c0-C0-g1-n10,LMCut,CG-iLAO*-trial,0,,,,,,,,,,,
(BW),blocksworld-ippc08-p06-c1-C1-g20-n10,LMCut,CG-iLAO*-trial,0,,,,,,,,,,,
(BW),blocksworld-ippc08-p07-c1-C2-g0-n10,LMCut,CG-iLAO*-trial,0,,,,,,,,,,,
(BW),blocksworld-ippc08-p08-c3-C2-g0-n10,LMCut,CG-iLAO*-trial,0,,,,,,,,,,,
(BW),blocksworld-ippc08-p09-c0-C0-g1-n14,LMCut,CG-iLAO*-trial,0,,,,,,,,,,,
(BW),blocksworld-ippc08-p10-c1-C1-g20-n14,LMCut,CG-iLAO*-trial,0,,,,,,,,,,,
(BW),blocksworld-ippc08-p11-c1-C2-g0-n14,LMCut,CG-iLAO*-trial,0,,,,,,,,,,,
(BW),blocksworld-ippc08-p12-c3-C2-g0-n14,LMCut,CG-iLAO*-trial,0,,,,,,,,,,,
(Elev),elevators-ippc04-p01,LMCut,CG-iLAO*-trial,5,0.0248626,0.0098956076686707,2032.2,448.8431668010553,167.6,49.91500872483145,75.8,16.876499163037337,167.8,29.720994330607446,
(Elev),elevators-ippc04-p02,LMCut,CG-iLAO*-trial,5,0.0121612,0.0045928662225917,47.0,0.0,34.0,0.0,8.0,0.0,8.0,0.0,
(Elev),elevators-ippc04-p03,LMCut,CG-iLAO*-trial,5,0.0300572,0.004074924677908,3112.4,358.69478002335075,183.6,19.78144019023893,102.4,8.712635422190003,238.0,22.501619497271744,
(Elev),elevators-ippc04-p04,LMCut,CG-iLAO*-trial,5,0.0221472,0.0066300897547517,3303.6,104.10275738903364,167.4,3.997631298656744,101.2,1.998815649328372,227.4,8.352452095043708,
(Elev),elevators-ippc04-p05,LMCut,CG-iLAO*-trial,5,0.0157795999999999,0.0072272144615595,1081.2,549.843897178099,112.6,23.42671500659023,40.8,9.075456131787536,88.6,23.311643785885195,
(Elev),elevators-ippc04-p06,LMCut,CG-iLAO*-trial,5,0.316755,0.0457384352992814,23090.2,4155.969016196343,780.0,98.08620208775544,404.2,54.89539783989182,1028.0,128.08116364243415,
(Elev),elevators-ippc04-p07,LMCut,CG-iLAO*-trial,5,0.2931914,0.016835820690243,15068.0,2126.819472545801,689.0,54.391324308201945,339.4,15.650572385698869,804.8,33.99003948217771,
(Elev),elevators-ippc04-p08,LMCut,CG-iLAO*-trial,5,4.2154818,0.0498843147155357,755730.6,14435.775769555856,8357.0,132.7616095111836,5855.2,27.65892666030264,16787.0,120.05059999850062,
(Elev),elevators-ippc04-p09,LMCut,CG-iLAO*-trial,5,1.8629354,0.1008249427375861,180169.4,8222.311212311048,3850.2,260.3949810269007,2334.0,119.68203607893707,6403.6,347.7509528613832,
(Elev),elevators-ippc04-p10,LMCut,CG-iLAO*-trial,5,8.702803399999999,0.0847363660915887,3488179.2,76897.23247641872,12466.6,64.14801833260323,11238.0,28.745924232836902,35640.6,101.74948813630463,
(Elev),elevators-ippc04-p11,LMCut,CG-iLAO*-trial,5,661.6585702,4.438737811715378,135429175.0,670142.2690459773,337094.2,658.1321026541707,277224.4,545.6555516587363,1016300.6,1527.761550902496,
(Elev),elevators-ippc04-p12,LMCut,CG-iLAO*-trial,5,120.2285578,2.1567645503871358,10187009.6,137926.68262549437,91706.6,1532.1016230837954,63345.8,538.0442406196723,209327.2,1918.6697587401536,
(Elev),elevators-ippc04-p13,LMCut,CG-iLAO*-trial,0,,,,,,,,,,,
(Elev),elevators-ippc04-p14,LMCut,CG-iLAO*-trial,5,91.0345464,2.7668242093212685,2715262.6,21515.166070816555,62220.8,2139.4002357071945,25810.0,404.13992804473054,74412.4,978.150877081854,
(Elev),elevators-ippc04-p15,LMCut,CG-iLAO*-trial,5,931.3469784,13.63154490805802,145749364.6,1232669.6133100544,485373.0,1321.5155197575243,445176.6,1747.2757024625507,1688331.0,5270.488580661189,
(ExBW),exploding-blocksworld-ippc04-fixed-p01,LMCut,CG-iLAO*-trial,5,0.0143532,0.0072584194536761,381.0,42.50534648723617,123.8,15.199796840747576,29.4,3.645810746596702,41.8,4.443627347111816,
(ExBW),exploding-blocksworld-ippc04-fixed-p02,LMCut,CG-iLAO*-trial,5,0.007283,0.0047884113334424,29.0,0.0,22.0,0.0,6.0,0.0,6.0,0.0,
(ExBW),exploding-blocksworld-ippc04-fixed-p03,LMCut,CG-iLAO*-trial,5,0.0145907999999999,0.0085810966448667,302.8,179.05798810441271,86.4,14.4774892850936,17.6,3.314660766956401,23.4,7.681599833368047,
(ExBW),exploding-blocksworld-ippc04-fixed-p04,LMCut,CG-iLAO*-trial,5,0.108321,0.0033091503147968,27834.2,1722.5451274390462,974.2,48.73822877372545,257.0,13.928416995480855,371.2,23.43327343757163,
(ExBW),exploding-blocksworld-ippc04-fixed-p05,LMCut,CG-iLAO*-trial,5,0.0038694,0.0033204698118814,0.0,0.0,0.0,0.0,,,,,trivial (s0 in G)
(ExBW),exploding-blocksworld-ippc04-fixed-p06,LMCut,CG-iLAO*-trial,5,1.6172638,0.2200876870489761,20344.6,2884.5371740118026,4152.8,683.0630651294213,890.8,111.41251017726869,1250.4,185.79166594871796,
(ExBW),exploding-blocksworld-ippc04-fixed-p07,LMCut,CG-iLAO*-trial,5,7.7915684,0.3674244847846574,164116.8,71899.59679466738,24612.8,523.0227590306181,4554.8,42.97006660455624,6479.4,97.93843666303847,
(ExBW),exploding-blocksworld-ippc04-fixed-p08,LMCut,CG-iLAO*-trial,5,1.6608382,0.230131584053962,12341.6,1811.32629858234,4677.0,675.0804529239459,648.4,85.01882671502824,1014.0,157.47474819792538,
(ExBW),exploding-blocksworld-ippc04-fixed-p09,LMCut,CG-iLAO*-trial,5,96.4922036,4.751333994702088,4403659.8,182033.32232660236,242127.0,12767.18652741942,50609.0,2060.632463026825,90117.2,3312.485032754714,
(ExBW),exploding-blocksworld-ippc04-fixed-p10,LMCut,CG-iLAO*-trial,5,399.8077288,8.538259508099728,28073710.6,362590.5166197207,924052.4,24967.940660428045,192200.8,6918.290392337112,345849.2,11580.46393033647,
(ExBW),exploding-blocksworld-ippc08-fixed-p01-n2-N5-s1,LMCut,CG-iLAO*-trial,5,0.0158774,0.0049349975744447,646.0,256.9634003511006,183.2,36.26476725418212,51.2,8.752228516212313,65.0,17.265808987707466,
(ExBW),exploding-blocksworld-ippc08-fixed-p02-n3-N5-s2,LMCut,CG-iLAO*-trial,5,0.1183788,0.0129958978256026,34702.6,478.1478550574079,1083.4,50.63708459222352,372.8,12.843609461518207,444.4,15.403156040240583,
(ExBW),exploding-blocksworld-ippc08-fixed-p03-n3-N6-s3,LMCut,CG-iLAO*-trial,5,0.146434,0.0077062490771684,39552.4,1508.0592816252283,944.6,58.31321167625738,225.8,11.401743024643205,338.4,13.728397430144568,
(ExBW),exploding-blocksworld-ippc08-fixed-p04-n4-N6-s4,LMCut,CG-iLAO*-trial,5,0.1813582,0.0094023231562791,21051.8,940.1642960589388,1731.6,81.02081470832047,534.6,27.219312555610216,811.4,47.51373123634893,
(ExBW),exploding-blocksworld-ippc08-fixed-p05-n5-N7-s5,LMCut,CG-iLAO*-trial,5,0.0278694,0.0082598137264284,515.0,208.1008713100452,144.8,32.77598242616077,30.4,5.424634181214434,41.6,7.63142555490126,
(ExBW),exploding-blocksworld-ippc08-fixed-p06-n6-N8-s6,LMCut,CG-iLAO*-trial,5,0.3815074,0.0349105588176015,20882.2,10132.888734329612,1955.0,132.84260581605588,460.2,8.208633503817794,669.8,23.05313306255789,
(ExBW),exploding-blocksworld-ippc08-fixed-p07-n7-N9-s7,LMCut,CG-iLAO*-trial,5,1.4675458,0.2536386519327211,12169.4,2436.450890868929,4514.8,730.8782971083489,666.8,134.1654002490955,1077.8,241.44177083512287,
(ExBW),exploding-blocksworld-ippc08-fixed-p08-n8-N10-s8,LMCut,CG-iLAO*-trial,5,172.4425042,3.669102455254954,8856758.6,227540.25815494452,290550.0,14362.23109642231,37219.0,1596.1449867477577,63747.4,2916.3769664595834,
(ExBW),exploding-blocksworld-ippc08-fixed-p09-n9-N11-s9,LMCut,CG-iLAO*-trial,5,25.8421244,1.155044026529031,1055442.2,42178.17691404198,38389.6,2416.397078978536,6036.6,341.2621736085029,10773.0,564.4915693258846,
(ExBW),exploding-blocksworld-ippc08-fixed-p10-n10-N12-s10,LMCut,CG-iLAO*-trial,5,479.9218488,29.941395493091093,88905220.6,5014470.237795545,275759.8,3183.290565999905,56083.6,1646.110711251221,92415.4,2568.7856459455697,
(ExBW),exploding-blocksworld-ippc08-fixed-p11-n11-N13-s11,LMCut,CG-iLAO*-trial,0,,,,,,,,,,,
(Rand),random-ippc04-p03-problem,LMCut,CG-iLAO*-trial,5,1.7448602000000002,0.0108508229363373,32110.8,999.591045450088,1385.0,0.0,60.0,0.0,175.8,11.23201424500521,
(Rand),random-ippc04-p04-problem,LMCut,CG-iLAO*-trial,0,,,,,,,,,,,
(Rand),random-ippc04-p05-problem,LMCut,CG-iLAO*-trial,0,,,,,,,,,,,
(Rand),random-ippc04-p06-problem,LMCut,CG-iLAO*-trial,5,5.410038,0.5794336951454948,1146.4,52.72217840719407,608.6,52.31988623840842,16.0,0.0,16.0,0.0,
(Rand),random-ippc04-p07-problem,LMCut,CG-iLAO*-trial,5,0.4198974,0.3882902140751741,1068.4,1307.1918150049746,612.2,553.856396319479,6.0,4.203731675547334,8.6,8.352452095043706,
(Rand),random-ippc04-p08-problem,LMCut,CG-iLAO*-trial,0,,,,,,,,,,,
(Rand),random-ippc04-p09-problem,LMCut,CG-iLAO*-trial,0,,,,,,,,,,,
(Rand),random-ippc04-p10-problem,LMCut,CG-iLAO*-trial,0,,,,,,,,,,,
(Rand),random-ippc04-p13-problem,LMCut,CG-iLAO*-trial,5,33.7490184,14.105520990312865,47041.8,28354.863246006746,9347.8,4131.9841421263945,16.8,9.201568561935517,34.0,19.89182746758075,
(RectTW),rectangle-tireworld-ippc08-unit-cost-p01-x5-y5-h2-v2-u0-s1,LMCut,CG-iLAO*-trial,5,0.0231526,0.0025548291826296,1966.4,890.8053591756169,47.8,0.3919999999999999,23.8,0.3919999999999999,54.8,3.739441669554427,
(RectTW),rectangle-tireworld-ippc08-unit-cost-p02-x5-y5-h2-v3-u15-s2,LMCut,CG-iLAO*-trial,5,0.02301,0.0030149947427881,378.0,7.411806797266102,34.0,0.0,10.0,0.0,11.2,0.3919999999999999,unsolveable
(RectTW),rectangle-tireworld-ippc08-unit-cost-p03-x7-y7-h4-v3-u0-s3,LMCut,CG-iLAO*-trial,5,0.1631992,0.0335002215491883,4092.6,84.84694889034019,95.4,0.4800999895855028,47.4,0.4800999895855028,125.2,4.356317711095001,
(RectTW),rectangle-tireworld-ippc08-unit-cost-p04-x7-y7-h3-v4-u20-s4,LMCut,CG-iLAO*-trial,5,0.0362912,0.0070605034159827,6.0,0.0,5.0,0.0,1.0,0.0,0.0,0.0,unsolveable
(RectTW),rectangle-tireworld-ippc08-unit-cost-p05-x9-y9-h3-v5-u30-s5,LMCut,CG-iLAO*-trial,5,0.0874212,0.0166475502060064,6.0,0.0,5.0,0.0,1.0,0.0,0.0,0.0,unsolveable
(RectTW),rectangle-tireworld-ippc08-unit-cost-p06-x11-y11-h4-v3-u40-s6,LMCut,CG-iLAO*-trial,5,3.4267566,0.3427563004734203,33004.8,715.6567407801032,239.2,0.3919999999999999,113.2,0.3919999999999999,241.6,2.017943507633452,
(RectTW),rectangle-tireworld-ippc08-unit-cost-p07-x11-y11-h3-v5-u80-s7,LMCut,CG-iLAO*-trial,5,0.1745276,0.0100670761773424,6.0,0.0,5.0,0.0,1.0,0.0,0.0,0.0,unsolveable
(RectTW),rectangle-tireworld-ippc08-unit-cost-p08-x11-y11-h6-v7-u80-s8,LMCut,CG-iLAO*-trial,5,0.1783085999999999,0.0144650648844039,6.0,0.0,5.0,0.0,1.0,0.0,0.0,0.0,unsolveable
(RectTW),rectangle-tireworld-ippc08-unit-cost-p09-x15-y15-h4-v4-u60-s9,LMCut,CG-iLAO*-trial,5,36.829688,4.2080550504056085,88660.2,3251.546334515933,449.0,0.0,222.8,0.392,494.8,3.939551243479388,
(RectTW),rectangle-tireworld-ippc08-unit-cost-p10-x15-y15-h10-v10-u150-s10,LMCut,CG-iLAO*-trial,5,7.298708,0.9131452322183808,381202.0,1123.4575700399191,244.0,0.0,23.0,0.0,32.8,0.9601999791710056,unsolveable
(RectTW),rectangle-tireworld-ippc08-unit-cost-p11-x20-y20-h5-v5-u80-s11,LMCut,CG-iLAO*-trial,5,331.0133088,18.59765889421191,162423.6,5083.346988189572,793.4,0.7839999999999999,391.2,0.3919999999999999,952.0,2.4792256855720094,
(RectTW),rectangle-tireworld-ippc08-unit-cost-p12-x20-y20-h15-v15-u300-s12,LMCut,CG-iLAO*-trial,5,315.0729308,21.15236513462974,44615404.6,738862.1219940417,774.0,0.0,433.2,0.7333648478076924,700.2,4.61329210000841,unsolveable
(RectTW),rectangle-tireworld-ippc08-unit-cost-p14-x30-y30-h25-v20-u700-s14,LMCut,CG-iLAO*-trial,5,13.892684,0.5589343374510991,6.0,0.0,5.0,0.0,1.0,0.0,0.0,0.0,unsolveable
(Sched),schedule-ippc04-p01,LMCut,CG-iLAO*-trial,5,0.0056472,0.0050732466140947,690.6,41.571410560624464,36.0,0.0,20.0,0.0,20.0,0.0,
(Sched),schedule-ippc04-p02,LMCut,CG-iLAO*-trial,5,0.0037996,0.0027152372153195,1087.8,42.32601734158318,36.0,0.0,20.0,0.0,20.0,0.0,
(Sched),schedule-ippc04-p03,LMCut,CG-iLAO*-trial,5,0.0110862,0.0024415268033064,2167.6,49.93809223428544,50.0,0.0,25.0,0.0,25.0,0.0,
(Sched),schedule-ippc04-p04,LMCut,CG-iLAO*-trial,5,20.0712548,0.6765971282000252,9896637.4,210026.00507631377,60343.8,595.3321822848148,25619.4,139.5880571395705,43794.8,303.1274180670564,
(Sched),schedule-ippc04-p05,LMCut,CG-iLAO*-trial,5,1625.1223134,80.36544804854321,374022973.8,435450.258900277,2355784.4,3832.558038983362,941141.8,1450.4752726413503,1726691.8,2432.1407259745474,
(Sched),schedule-ippc08-p01,LMCut,CG-iLAO*-trial,5,0.0074214,0.0040404895664085,771.2,61.032524312861256,50.0,0.0,25.0,0.0,25.0,0.0,
(Sched),schedule-ippc08-p02,LMCut,CG-iLAO*-trial,5,0.009915,0.0046760593353121,1183.4,67.73097560200945,50.0,0.0,25.0,0.0,25.0,0.0,
(Sched),schedule-ippc08-p03,LMCut,CG-iLAO*-trial,5,0.0137249999999999,0.0049538888913822,2306.2,184.3081703669156,66.0,0.0,30.0,0.0,30.8,1.5679999999999998,
(Sched),schedule-ippc08-p04,LMCut,CG-iLAO*-trial,5,842.0217865999999,40.22355549053756,206097913.2,1958086.9197926307,1448870.0,5676.15489019107,548378.2,1168.698448387778,986593.2,3257.734177796586,
(S&R),search-and-rescue-ippc08-strips-p01-z4,LMCut,CG-iLAO*-trial,5,0.2906242,0.0043746700074204,387767.8,3610.211804676285,1076.0,0.0,836.8,2.4322960346142075,1980.4,12.665907626380353,
(S&R),search-and-rescue-ippc08-strips-p02-z5,LMCut,CG-iLAO*-trial,5,1.2179064,0.0865341725721676,1719597.6,2653.765492897969,3906.0,0.0,2982.2,5.761199875026035,8586.0,13.394130057603592,
(S&R),search-and-rescue-ippc08-strips-p03-z6,LMCut,CG-iLAO*-trial,5,4.9159414,0.3133952337416065,7183144.6,13625.60758053805,13724.0,0.0,10361.6,10.47454514525571,35438.0,31.378369619851185,
(S&R),search-and-rescue-ippc08-strips-p04-z8,LMCut,CG-iLAO*-trial,5,88.5586828,4.442196834542044,111609685.8,122603.93915656015,159140.0,0.0,118788.0,15.003924819859634,528364.2,118.45180177608106,
(S&R),search-and-rescue-ippc08-strips-p05-z10,LMCut,CG-iLAO*-trial,2,1703.43815,5.7650969599999815,1569075062.0,1616315.96,1749740.0,0.0,1301152.0,99.95999999999998,7111533.5,3187.94,
(Sys),sysadmin-ippc08-unit-cost-p01,LMCut,CG-iLAO*-trial,5,0.0331088,0.0047106820961622,11046.8,137.08571239921395,442.2,0.392,428.6,0.784,468.2,0.9601999791710056,
(Sys),sysadmin-ippc08-unit-cost-p02,LMCut,CG-iLAO*-trial,5,0.1252636,0.0033721685566792,51144.2,490.4202006279921,1602.8,1.4402999687565086,1578.4,1.592311527308648,1718.4,3.074139879706192,
(Sys),sysadmin-ippc08-unit-cost-p03,LMCut,CG-iLAO*-trial,5,0.4830932,0.0041961661651636,172464.0,1797.8388869306389,4694.8,2.998223473992557,4643.0,2.5555273428394383,5030.8,6.482831480148161,
(Sys),sysadmin-ippc08-unit-cost-p04,LMCut,CG-iLAO*-trial,5,7.8265152,0.9341320538757546,2032000.0,16071.101661479212,33087.2,9.03302739949348,33003.2,11.717456379265936,35248.4,18.023476246273912,
(TriTW),triangle-tireworld-ippc08-p01,LMCut,CG-iLAO*-trial,5,0.0061918,0.0051922941278691,120.6,21.72507712299314,37.8,5.0505667008762485,24.6,3.5927393448453784,26.8,5.273820626452894,
(TriTW),triangle-tireworld-ippc08-p02,LMCut,CG-iLAO*-trial,5,0.029114,0.0070186814298869,3716.2,407.6165777590504,510.0,32.26567216098248,312.6,18.308959992309777,387.6,25.2041063321039,
(TriTW),triangle-tireworld-ippc08-p03,LMCut,CG-iLAO*-trial,5,0.6901714,0.0209634242596026,78414.6,6191.710315143627,9112.4,386.4276074195527,5605.4,155.47458318323288,7269.4,349.51290233123007,
(TriTW),triangle-tireworld-ippc08-p04,LMCut,CG-iLAO*-trial,5,21.758001,0.4945492020856106,1981929.2,64929.87494613357,161878.8,2527.889239263461,106868.8,1505.3544424300876,137171.0,3300.2470454922004,
(TriTW),triangle-tireworld-ippc08-p05,LMCut,CG-iLAO*-trial,5,714.6857846,30.35833480743388,46823774.4,1933660.3605844616,2735616.6,159279.50273155858,1858671.2,41238.055971055466,2386393.8,107006.40783877972,
(Zeno),zenotravel-ippc04-unit-cost_NO_FORALLS-p01-problem,LMCut,CG-iLAO*-trial,5,0.0157444,0.0040798074718417,0.0,0.0,0.0,0.0,,,,,trivial (s0 in G)
(Zeno),zenotravel-ippc04-unit-cost_NO_FORALLS-p02-problem,LMCut,CG-iLAO*-trial,5,1001.916344,37.83295104109471,42064539.4,121273.85123119432,344736.6,2774.4817090505385,182649.8,716.6954878496165,472532.2,1008.9765892546764,
(Zeno),zenotravel-ippc04-unit-cost_NO_FORALLS-p03-problem,LMCut,CG-iLAO*-trial,0,,,,,,,,,,,
(Zeno),zenotravel-ippc04-unit-cost_NO_FORALLS-p04-problem,LMCut,CG-iLAO*-trial,0,,,,,,,,,,,
(Zeno),zenotravel-ippc04-unit-cost_NO_FORALLS-p05-problem,LMCut,CG-iLAO*-trial,0,,,,,,,,,,,
(Zeno),zenotravel-ippc08-unit-cost_NO_FORALLS-p01-c4-p2-a2-s3846-problem,LMCut,CG-iLAO*-trial,5,30.6320166,0.6831972944897393,1591215.4,11750.972541542931,34126.2,411.8143308628296,13141.8,99.887722889252,28161.6,260.4939546630593,
(Zeno),zenotravel-ippc08-unit-cost_NO_FORALLS-p02-c5-p2-a2-s17462-problem,LMCut,CG-iLAO*-trial,5,30.438802,0.685301513503744,877092.2,13248.750814384875,24362.4,438.2546851500848,8548.2,188.90922916575565,18023.8,332.4332188936599,
(Zeno),zenotravel-ippc08-unit-cost_NO_FORALLS-p04-c6-p2-a2-s12861-problem,LMCut,CG-iLAO*-trial,5,633.759957,15.137778726115426,17847064.0,230502.50692065453,272899.4,4097.734533238579,111874.8,1192.7235976469988,263157.0,2867.7753245050417,
(Coresec),coresec-icaps16-bigger-p01-problem,LMCut,CG-iLAO*-trial,5,0.4582012,0.0121803955397936,259318.4,2644.5194663862844,9145.2,0.7333648478076924,7516.4,38.45098407063205,12462.2,113.18452714041791,
(Coresec),coresec-icaps16-bigger-p02-problem,LMCut,CG-iLAO*-trial,5,1.6539732,0.1254324730899773,866855.0,3668.458859237759,26469.8,1.4402999687565088,21528.0,20.340607660539543,37785.0,54.55352894176508,
(Coresec),coresec-icaps16-bigger-p03-problem,LMCut,CG-iLAO*-trial,5,5.0429628,0.1644153505863441,2611969.4,17832.513945786108,64009.4,2.813129218503835,54038.4,46.14790760153704,98620.8,290.9582866047984,
(Coresec),coresec-icaps16-bigger-p04-problem,LMCut,CG-iLAO*-trial,5,15.7373,0.5900804429133867,7709806.0,18539.959566967773,173729.8,5.592014306133345,143286.4,76.26541087544209,270354.2,280.45634452441976,
(Coresec),coresec-icaps16-bigger-p05-problem,LMCut,CG-iLAO*-trial,5,740.2862161999999,59.65823629256092,177006903.8,71787.51264498683,2872693.4,24.672655633311948,2346469.2,572.6170776915407,5180825.2,1894.199854308937,
(Coresec),coresec-icaps16-bigger-p06-problem,LMCut,CG-iLAO*-trial,0,,,,,,,,,,,
(Coresec),coresec-icaps16-bigger-p07-problem,LMCut,CG-iLAO*-trial,0,,,,,,,,,,,
(PARC-N),no-repair-parc_NOREPAIR_s4_c1_fN.N_uN-facts,LMCut,CG-iLAO*-trial,5,15.685813,0.3966003045269826,1529910.8,23321.79168698803,45450.8,1102.6783717040976,12741.4,213.47684412132384,33045.8,463.5175816989038,
(PARC-N),no-repair-parc_NOREPAIR_s4_c2_fN.N_uN-facts,LMCut,CG-iLAO*-trial,5,26.8731816,0.7640211304796687,3063871.4,67732.22789145456,75511.8,1181.8358585455087,20671.4,251.93175475910132,53056.2,339.2348386354208,
(PARC-N),no-repair-parc_NOREPAIR_s4_c3_fN.N_uN-facts,LMCut,CG-iLAO*-trial,5,46.8625536,1.2302450880422855,5034192.8,93750.3623693881,136896.2,2558.231569108629,36403.2,486.7992146912318,88403.0,962.4138885115904,
(PARC-N),no-repair-parc_NOREPAIR_s5_c1_fN.N_uN-facts,LMCut,CG-iLAO*-trial,5,207.2132198,4.348026066293176,18184942.0,426192.2620580239,454840.8,9790.013639307352,100756.6,1595.904481282009,294444.8,2980.646915215554,
(PARC-N),no-repair-parc_NOREPAIR_s5_c2_fN.N_uN-facts,LMCut,CG-iLAO*-trial,5,353.9802972,11.84989966266416,36355668.0,690587.3512410148,754229.0,17603.31189469981,165244.6,2534.4398115118065,488116.8,4773.653590974527,
(PARC-N),no-repair-parc_NOREPAIR_s5_c3_fN.N_uN-facts,LMCut,CG-iLAO*-trial,5,629.965723,16.040154791344733,58728188.0,824240.7347593444,1366675.0,29069.071191780444,288825.4,5333.354433353928,790504.6,8751.820667784277,
(PARC-R),with-repair-parc_REPAIR_s4_c1_fN.N_uN-facts,LMCut,CG-iLAO*-trial,5,81.6829956,1.0885641665395491,9869196.6,62093.1030370383,145070.0,351.61602443574725,42273.2,115.43451573944424,152307.8,562.8290760648387,
(PARC-R),with-repair-parc_REPAIR_s4_c2_fN.N_uN-facts,LMCut,CG-iLAO*-trial,5,234.2643274,6.952601264366006,31546530.0,307033.669887151,355858.6,558.9199041866375,111255.4,141.40092593756236,410397.8,1007.1117037071904,
(PARC-R),with-repair-parc_REPAIR_s4_c3_fN.N_uN-facts,LMCut,CG-iLAO*-trial,5,359.4403754,1.9667729757309504,45156300.2,184195.35787407865,510722.4,1298.3903980914213,149713.8,416.3251312904375,513049.6,1301.289094865549,
(PARC-R),with-repair-parc_REPAIR_s5_c1_fN.N_uN-facts,LMCut,CG-iLAO*-trial,5,1233.8637706,18.72356734334452,112842476.2,311260.13571523235,1624358.4,1487.724775977062,373500.0,357.5778147480629,1545974.6,1816.6257224469764,
(PARC-R),with-repair-parc_REPAIR_s5_c2_fN.N_uN-facts,LMCut,CG-iLAO*-trial,0,,,,,,,,,,,
(PARC-R),with-repair-parc_REPAIR_s5_c3_fN.N_uN-facts,LMCut,CG-iLAO*-trial,0,,,,,,,,,,,
(TriTW),intermediate-triangle-tireworld-tire6-start10,PDB,CG-iLAO*-trial,0,,,,,,,,,,,
(TriTW),intermediate-triangle-tireworld-tire6-start8,PDB,CG-iLAO*-trial,5,282.4136098,9.705600170800617,40408857.4,778942.0125100977,2382537.8,7294.564032871602,1724666.4,4529.904263334492,1929248.8,5263.085174357717,
(TriTW),intermediate-triangle-tireworld-tire6-start9,PDB,CG-iLAO*-trial,5,766.3690134000001,22.906867740687535,95611464.0,2928742.4341654,4914898.4,16137.977821100632,3558477.4,10145.145520482984,3981105.8,11172.000797754356,
(BW),blocksworld-ippc04-p01,PDB,CG-iLAO*-trial,5,0.507979,0.0184109595605443,5759.2,1445.5803776974838,449.0,106.84966560546644,132.0,22.458897568669748,241.6,46.95253535220436,
(BW),blocksworld-ippc04-p02,PDB,CG-iLAO*-trial,5,0.4856254,0.0167092648404583,4051.2,1282.558974513063,280.0,64.807571162635,89.0,12.44252707451344,165.4,27.53503542761476,
(BW),blocksworld-ippc04-p03,PDB,CG-iLAO*-trial,5,0.5078720000000001,0.0165119871898303,1613.6,759.0697150170068,195.4,74.1817924830615,37.2,15.891720611689596,60.4,28.70312763445823,
(BW),blocksworld-ippc04-p04,PDB,CG-iLAO*-trial,5,0.5067744000000001,0.0328461010768331,10489.6,1541.6510294408392,489.6,18.10853323712332,178.8,11.418577144285534,347.6,18.85678912222333,
(BW),blocksworld-ippc04-p05,PDB,CG-iLAO*-trial,5,0.4936056,0.0052480128808774,3329.6,1324.1848484014606,254.0,82.38297591128885,65.6,15.784998447893493,119.8,24.83405854869477,
(BW),blocksworld-ippc04-p06,PDB,CG-iLAO*-trial,5,17.4118182,0.248864932747317,1068629.8,11104.922388342206,62870.8,1321.1387814699865,12858.8,60.28521596544214,28932.6,133.10925533560768,
(BW),blocksworld-ippc04-p07,PDB,CG-iLAO*-trial,5,1144.3333852,63.01266567245501,114638367.2,612955.1809799412,3690033.6,16803.19019219672,1064912.4,1487.2139294990484,2396648.0,2229.6249626517906,
(BW),blocksworld-ippc04-p08,PDB,CG-iLAO*-trial,5,8.9697626,0.094697008270178,285267.8,6418.265134484863,15806.6,438.9019908088821,2648.4,62.34094205255483,5824.4,148.15396132402265,
(BW),blocksworld-ippc04-p09,PDB,CG-iLAO*-trial,5,8.4861268,0.1053186458551232,222509.2,10451.004060130492,13899.4,669.7726385095168,2189.4,56.066278777889295,5160.8,123.33898614793294,
(BW),blocksworld-ippc04-p10,PDB,CG-iLAO*-trial,5,36.5411902,0.8739130515022973,3023530.8,31378.777973068103,155272.8,2833.071313169508,31693.4,187.43237227330823,69442.2,478.4365219169624,
(BW),blocksworld-ippc08-p01-c0-C0-g1-n5,PDB,CG-iLAO*-trial,5,0.1881575999999999,0.013976239008492,5323.0,2125.837992510248,226.6,25.559782784679527,101.0,8.407463351094668,192.6,15.55207818910386,
(BW),blocksworld-ippc08-p02-c1-C1-g20-n5,PDB,CG-iLAO*-trial,5,0.1986412,0.0155527849502802,6184.2,2097.3842135917776,239.2,18.15937620073993,104.4,8.352452095043708,196.0,17.92087497863874,
(BW),blocksworld-ippc08-p03-c1-C2-g40-n5,PDB,CG-iLAO*-trial,5,0.188297,0.0193975555486231,6482.2,1748.2561010744391,234.6,23.50039182652068,106.2,7.291621493193404,200.8,12.678033916976242,
(BW),blocksworld-ippc08-p04-c2-C1-g0-n5,PDB,CG-iLAO*-trial,5,0.1919652,0.0175149848669596,6258.4,1889.5850222353051,242.2,20.87561026652874,106.8,6.857199428338072,197.8,15.831171276945998,
(BW),blocksworld-ippc08-p05-c0-C0-g1-n10,PDB,CG-iLAO*-trial,5,81.2817728,3.793276612792344,9176574.6,28419.239453051094,314430.6,2106.7046665577022,93399.2,353.4415344919156,216928.6,832.8161086434387,
(BW),blocksworld-ippc08-p06-c1-C1-g20-n10,PDB,CG-iLAO*-trial,5,82.21102859999999,3.4017306436348904,9176574.6,28419.239453051094,314430.6,2106.7046665577022,93399.2,353.4415344919156,216928.6,832.8161086434387,
(BW),blocksworld-ippc08-p07-c1-C2-g0-n10,PDB,CG-iLAO*-trial,5,84.213097,4.284308948198584,9176574.6,28419.239453051094,314430.6,2106.7046665577022,93399.2,353.4415344919156,216928.6,832.8161086434387,
(BW),blocksworld-ippc08-p08-c3-C2-g0-n10,PDB,CG-iLAO*-trial,5,86.7121028,1.3923573231246358,9137721.0,79627.61333547754,314553.0,2019.9468451224157,93414.4,339.97644967850346,216931.0,830.7938078729281,
(BW),blocksworld-ippc08-p09-c0-C0-g1-n14,PDB,CG-iLAO*-trial,0,,,,,,,,,,,
(BW),blocksworld-ippc08-p10-c1-C1-g20-n14,PDB,CG-iLAO*-trial,0,,,,,,,,,,,
(BW),blocksworld-ippc08-p11-c1-C2-g0-n14,PDB,CG-iLAO*-trial,0,,,,,,,,,,,
(BW),blocksworld-ippc08-p12-c3-C2-g0-n14,PDB,CG-iLAO*-trial,0,,,,,,,,,,,
(Elev),elevators-ippc04-p01,PDB,CG-iLAO*-trial,5,0.0829072,0.0162924313603606,23753.0,1890.437730347128,682.6,17.405418007045963,508.2,16.06004433368725,1367.0,42.07842012243331,
(Elev),elevators-ippc04-p02,PDB,CG-iLAO*-trial,5,0.0669728,0.0113332944159509,3608.0,3988.5957140026103,126.8,11.91254397683383,54.8,17.806899337054723,139.0,47.08489524252974,
(Elev),elevators-ippc04-p03,PDB,CG-iLAO*-trial,5,0.0905716,0.0088081573865284,24953.2,3851.941500457139,685.6,19.049344765634327,483.4,35.823524338065894,1324.2,105.64999982962613,
(Elev),elevators-ippc04-p04,PDB,CG-iLAO*-trial,5,0.0725652,0.0198583509625402,13768.0,671.2125811693342,439.2,15.450470025212825,298.2,10.796024453473605,804.6,35.97334257474554,
(Elev),elevators-ippc04-p05,PDB,CG-iLAO*-trial,5,0.0641498,0.0106728487132866,7917.8,637.4218332501641,400.6,27.653370427490383,231.0,26.4418456239348,606.6,72.69882816111962,
(Elev),elevators-ippc04-p06,PDB,CG-iLAO*-trial,5,0.3094412,0.0304812248133946,197548.6,9924.6289239697,4037.8,185.8090337523986,2637.2,72.38585430869763,7343.2,161.42762757347327,
(Elev),elevators-ippc04-p07,PDB,CG-iLAO*-trial,5,0.3429999999999999,0.028557957280419,209266.0,8866.307222594984,5117.2,531.3477941085292,2839.6,128.27687155524177,7944.8,352.0278951219633,
(Elev),elevators-ippc04-p08,PDB,CG-iLAO*-trial,5,1.8303728,0.0605655053101342,1713778.8,33134.036946399145,14183.6,118.14850086226232,12732.8,80.18148953468001,39633.4,298.06348386878926,
(Elev),elevators-ippc04-p09,PDB,CG-iLAO*-trial,5,1.2054814,0.0490695518007468,1021493.6,12501.039976524193,11541.2,395.0780513063209,9022.2,72.77224240051973,27137.8,322.8896409363422,
(Elev),elevators-ippc04-p10,PDB,CG-iLAO*-trial,5,4.5531968,0.0467325139137373,5107400.0,123281.53442933582,14430.4,24.563421911451996,13999.2,27.055100517277697,46930.2,216.8962957360037,
(Elev),elevators-ippc04-p11,PDB,CG-iLAO*-trial,5,361.939082,8.00634452070528,202289034.4,2238141.400232,506825.8,845.7997063513322,483803.8,744.1976753954556,1907740.8,6567.184710195381,
(Elev),elevators-ippc04-p12,PDB,CG-iLAO*-trial,5,63.0303004,1.901322486533758,27589438.2,204015.45384485376,192588.2,4796.93978984769,139725.2,936.9834068456069,482378.8,3343.484451249026,
(Elev),elevators-ippc04-p13,PDB,CG-iLAO*-trial,0,,,,,,,,,,,
(Elev),elevators-ippc04-p14,PDB,CG-iLAO*-trial,5,159.53007399999998,3.5231058254767604,56458830.2,763025.959895904,385327.6,8405.520742184626,311841.2,3609.1573476455696,1041133.4,14136.683798569453,
(Elev),elevators-ippc04-p15,PDB,CG-iLAO*-trial,5,435.0675732,11.198610960557016,230997995.8,850209.181804191,521116.4,234.1561067664049,507703.4,325.9006760594399,2129806.4,5128.831834164188,
(ExBW),exploding-blocksworld-ippc04-fixed-p01,PDB,CG-iLAO*-trial,5,0.0687,0.0095213973935006,622.6,107.83313672522004,145.0,15.131403107445124,28.0,3.279707304013576,46.6,5.207849460189877,
(ExBW),exploding-blocksworld-ippc04-fixed-p02,PDB,CG-iLAO*-trial,5,0.0786696,0.0093782621161287,29.0,0.0,22.0,0.0,6.0,0.0,6.0,0.0,
(ExBW),exploding-blocksworld-ippc04-fixed-p03,PDB,CG-iLAO*-trial,5,0.0765248,0.0169316910406416,759.0,184.51919271447076,148.8,12.723404575820105,28.2,4.816976645158247,45.4,8.712635422190003,
(ExBW),exploding-blocksworld-ippc04-fixed-p04,PDB,CG-iLAO*-trial,5,0.262483,0.0203395698853481,128510.8,5042.157100629055,1719.2,115.48608740450078,679.4,14.005430946600676,965.0,26.58673353385105,
(ExBW),exploding-blocksworld-ippc04-fixed-p05,PDB,CG-iLAO*-trial,5,0.0705214,0.015154102032253,0.0,0.0,0.0,0.0,,,,,trivial (s0 in G)
(ExBW),exploding-blocksworld-ippc04-fixed-p06,PDB,CG-iLAO*-trial,5,0.4693508,0.0435978409023812,61350.8,20595.026010286656,11591.4,1806.5551468626688,1378.6,116.4256498199602,2299.8,207.2382807880822,
(ExBW),exploding-blocksworld-ippc04-fixed-p07,PDB,CG-iLAO*-trial,5,2.8943854,0.2336948884066993,585960.6,17878.653399173436,91751.0,3103.31999842749,14835.6,216.04730689365235,25290.6,276.30480867332,
(ExBW),exploding-blocksworld-ippc04-fixed-p08,PDB,CG-iLAO*-trial,5,0.7918156,0.0358653135030415,90882.8,3515.856249516467,41714.8,958.0095049549352,2670.4,240.69933198079295,5519.0,480.5174950405032,
(ExBW),exploding-blocksworld-ippc04-fixed-p09,PDB,CG-iLAO*-trial,5,18.9979248,0.435043180721498,6068746.4,238396.6517082471,443279.0,15547.1323556005,82284.4,2160.150723430196,150644.2,2935.1437086561878,
(ExBW),exploding-blocksworld-ippc04-fixed-p10,PDB,CG-iLAO*-trial,0,,,,,,,,,,,
(ExBW),exploding-blocksworld-ippc08-fixed-p01-n2-N5-s1,PDB,CG-iLAO*-trial,5,0.6726782,0.023041006126252,469616.2,29655.126522802493,426.6,32.34059393394005,224.2,5.237272572627855,322.0,12.114005118044156,
(ExBW),exploding-blocksworld-ippc08-fixed-p02-n3-N5-s2,PDB,CG-iLAO*-trial,5,0.5293287999999999,0.0143475977031217,377240.4,12965.122835556012,1470.8,32.44614097238684,750.0,12.082251445819193,967.4,18.548684481655293,
(ExBW),exploding-blocksworld-ippc08-fixed-p03-n3-N6-s3,PDB,CG-iLAO*-trial,5,1.1732154,0.0149995199145071,950569.8,21112.622783339448,4758.6,61.41590491069882,2062.6,12.327761191716847,3356.6,32.97579864082142,
(ExBW),exploding-blocksworld-ippc08-fixed-p04-n4-N6-s4,PDB,CG-iLAO*-trial,5,15.983900600000002,0.387997778668608,11677772.4,343525.67022874655,36364.8,463.9781616240143,15691.8,120.27343207874296,24982.8,182.73613037382617,
(ExBW),exploding-blocksworld-ippc08-fixed-p05-n5-N7-s5,PDB,CG-iLAO*-trial,5,0.1100503999999999,0.0190691029895319,1685.0,555.5557680017372,480.6,110.03021737686424,55.4,6.606101422170266,103.2,14.179892242185764,
(ExBW),exploding-blocksworld-ippc08-fixed-p06-n6-N8-s6,PDB,CG-iLAO*-trial,5,29.776733,0.997073507259723,22207508.6,1286660.8287619825,14669.0,374.6784927908192,7434.2,70.94658542875759,9544.8,123.85959431549902,
(ExBW),exploding-blocksworld-ippc08-fixed-p07-n7-N9-s7,PDB,CG-iLAO*-trial,5,0.28644,0.0592744160815304,15657.0,2458.361673505345,5516.4,709.1391596689608,560.8,104.73334781243268,991.4,204.43899299301975,
(ExBW),exploding-blocksworld-ippc08-fixed-p08-n8-N10-s8,PDB,CG-iLAO*-trial,5,546.0221154,72.76756942650694,173778855.4,10000034.473528594,2214307.0,11930.846710492931,497877.0,2098.233324871188,845324.0,3333.7821434040943,
(ExBW),exploding-blocksworld-ippc08-fixed-p09-n9-N11-s9,PDB,CG-iLAO*-trial,5,73.0838598,2.2406681111097724,10639584.8,157946.65910328607,975999.6,21979.061984514625,141669.4,1783.8369719500715,278605.6,4074.10097810253,
(ExBW),exploding-blocksworld-ippc08-fixed-p10-n10-N12-s10,PDB,CG-iLAO*-trial,0,,,,,,,,,,,
(ExBW),exploding-blocksworld-ippc08-fixed-p11-n11-N13-s11,PDB,CG-iLAO*-trial,0,,,,,,,,,,,
(Rand),random-ippc04-p03-problem,PDB,CG-iLAO*-trial,5,1.8255992,0.1950716628694328,778803.2,70601.28393407405,62317.2,15636.97790633676,2723.0,225.09215499434893,12760.4,1197.900722070072,
(Rand),random-ippc04-p04-problem,PDB,CG-iLAO*-trial,5,0.3316,0.0085273088190823,560.0,0.0,225.2,6.658232798573507,2.0,0.0,2.0,0.0,
(Rand),random-ippc04-p05-problem,PDB,CG-iLAO*-trial,5,0.9965532,0.0600587156011773,772.2,113.7836975317642,555.2,108.18312282421874,2.6,0.4800999895855028,3.6,0.4800999895855028,
(Rand),random-ippc04-p06-problem,PDB,CG-iLAO*-trial,0,,,,,,,,,,,
(Rand),random-ippc04-p07-problem,PDB,CG-iLAO*-trial,5,0.283748,0.013311448345727,1251.8,1701.2302541114177,1028.6,1382.1597869190089,4.4,2.744,5.6,5.095999999999999,
(Rand),random-ippc04-p08-problem,PDB,CG-iLAO*-trial,0,,,,,,,,,,,
(Rand),random-ippc04-p09-problem,PDB,CG-iLAO*-trial,5,2.1295936,0.8244844762549597,320116.6,224041.16963450648,89204.2,66009.60285123538,80.0,53.35017750673375,184.6,131.90756314935092,
(Rand),random-ippc04-p10-problem,PDB,CG-iLAO*-trial,0,,,,,,,,,,,
(Rand),random-ippc04-p13-problem,PDB,CG-iLAO*-trial,5,30.5208186,13.825351649634372,4890885.4,2147657.7946521197,827935.0,409593.8352151854,656.4,168.71558865736145,6583.4,4399.108664129131,
(RectTW),rectangle-tireworld-ippc08-unit-cost-p01-x5-y5-h2-v2-u0-s1,PDB,CG-iLAO*-trial,5,0.353654,0.0163027257215227,1365.0,58.60367223988613,44.6,0.4800999895855028,20.6,0.4800999895855028,45.4,2.017943507633452,
(RectTW),rectangle-tireworld-ippc08-unit-cost-p02-x5-y5-h2-v3-u15-s2,PDB,CG-iLAO*-trial,5,0.3752064,0.0287827663332476,372.8,1.6860557523403548,34.0,0.0,10.0,0.0,11.2,0.3919999999999999,unsolveable
(RectTW),rectangle-tireworld-ippc08-unit-cost-p03-x7-y7-h4-v3-u0-s3,PDB,CG-iLAO*-trial,5,0.8411312000000001,0.0175946115915044,2709.8,80.51617020201594,87.4,0.4800999895855028,39.4,0.4800999895855028,92.2,2.9334593912307696,
(RectTW),rectangle-tireworld-ippc08-unit-cost-p04-x7-y7-h3-v4-u20-s4,PDB,CG-iLAO*-trial,5,0.9533926,0.0345637985724384,6.0,0.0,5.0,0.0,1.0,0.0,0.0,0.0,unsolveable
(RectTW),rectangle-tireworld-ippc08-unit-cost-p05-x9-y9-h3-v5-u30-s5,PDB,CG-iLAO*-trial,5,2.0838416,0.0543906841402305,6.0,0.0,5.0,0.0,1.0,0.0,0.0,0.0,unsolveable
(RectTW),rectangle-tireworld-ippc08-unit-cost-p06-x11-y11-h4-v3-u40-s6,PDB,CG-iLAO*-trial,5,4.7390172,0.0776914274810076,25132.0,453.0929079118321,209.2,0.3919999999999999,82.2,0.3919999999999999,162.2,1.900290504107201,
(RectTW),rectangle-tireworld-ippc08-unit-cost-p07-x11-y11-h3-v5-u80-s7,PDB,CG-iLAO*-trial,5,4.4342652000000005,0.0981581885754259,6.0,0.0,5.0,0.0,1.0,0.0,0.0,0.0,unsolveable
(RectTW),rectangle-tireworld-ippc08-unit-cost-p08-x11-y11-h6-v7-u80-s8,PDB,CG-iLAO*-trial,5,4.5096618,0.1742527373886189,6.0,0.0,5.0,0.0,1.0,0.0,0.0,0.0,unsolveable
(RectTW),rectangle-tireworld-ippc08-unit-cost-p09-x15-y15-h4-v4-u60-s9,PDB,CG-iLAO*-trial,5,23.5296972,0.5991361479225068,71119.4,4390.613346066356,443.0,0.6198064213930023,201.0,1.0735362127101256,411.2,3.687717993556448,
(RectTW),rectangle-tireworld-ippc08-unit-cost-p10-x15-y15-h10-v10-u150-s10,PDB,CG-iLAO*-trial,5,15.0378548,0.916698421357084,383911.0,3418.855085715099,244.0,0.0,23.0,0.0,32.0,0.8765386471799175,unsolveable
(RectTW),rectangle-tireworld-ippc08-unit-cost-p11-x20-y20-h5-v5-u80-s11,PDB,CG-iLAO*-trial,5,104.0080276,5.83825413294487,116048.0,5388.037219351773,786.0,3.6140614272588114,377.0,1.2396128427860047,813.6,8.071774030533808,
(RectTW),rectangle-tireworld-ippc08-unit-cost-p12-x20-y20-h15-v15-u300-s12,PDB,CG-iLAO*-trial,5,142.841203,8.212084545451,43815018.6,423273.7622129822,774.0,0.0,434.2,0.7333648478076924,700.0,3.0990321069650117,unsolveable
(RectTW),rectangle-tireworld-ippc08-unit-cost-p14-x30-y30-h25-v20-u700-s14,PDB,CG-iLAO*-trial,0,,,,,,,,,,,unsolveable
(Sched),schedule-ippc04-p01,PDB,CG-iLAO*-trial,5,0.072766,0.0160225291735106,685.4,42.988836876565976,36.0,0.0,20.0,0.0,20.0,0.0,
(Sched),schedule-ippc04-p02,PDB,CG-iLAO*-trial,5,0.0680452,0.0058894776641247,1105.0,38.05126857280845,36.0,0.0,20.0,0.0,20.0,0.0,
(Sched),schedule-ippc04-p03,PDB,CG-iLAO*-trial,5,0.0753218,0.0154185879461662,2285.8,183.15400357076552,50.0,0.0,25.0,0.0,26.2,1.4402999687565088,
(Sched),schedule-ippc04-p04,PDB,CG-iLAO*-trial,0,,,,,,,,,,,
(Sched),schedule-ippc04-p05,PDB,CG-iLAO*-trial,0,,,,,,,,,,,
(Sched),schedule-ippc08-p01,PDB,CG-iLAO*-trial,5,0.078051,0.0226653848050175,754.4,47.84006287621286,50.0,0.0,25.0,0.0,25.0,0.0,
(Sched),schedule-ippc08-p02,PDB,CG-iLAO*-trial,5,0.0822248,0.0190353098962045,1125.0,33.69832280692913,50.0,0.0,25.0,0.0,25.0,0.0,
(Sched),schedule-ippc08-p03,PDB,CG-iLAO*-trial,5,0.0945736,0.0122093507504017,2398.2,213.9485221823231,66.0,0.0,30.0,0.0,31.6,1.920399958342012,
(Sched),schedule-ippc08-p04,PDB,CG-iLAO*-trial,0,,,,,,,,,,,
(S&R),search-and-rescue-ippc08-strips-p01-z4,PDB,CG-iLAO*-trial,5,0.3731042,0.0172836304692522,440927.2,2386.401088782856,1076.0,0.0,834.6,2.9465260901610897,1995.8,8.090788836695713,
(S&R),search-and-rescue-ippc08-strips-p02-z5,PDB,CG-iLAO*-trial,5,1.2078478,0.0228479750608736,1814364.6,5384.523386708985,3906.0,0.0,2977.6,4.662987883321165,8643.4,9.986387535039883,
(S&R),search-and-rescue-ippc08-strips-p03-z6,PDB,CG-iLAO*-trial,5,4.5386986,0.0421062293636363,7377463.2,15552.190511458635,13724.0,0.0,10347.8,9.866414951744122,35545.4,27.479172039928716,
(S&R),search-and-rescue-ippc08-strips-p04-z8,PDB,CG-iLAO*-trial,5,79.8980912,4.118989562692731,112863469.8,94868.79553997038,159140.0,0.0,118769.2,25.30146683494852,529254.2,117.48463007559754,
(S&R),search-and-rescue-ippc08-strips-p05-z10,PDB,CG-iLAO*-trial,4,1698.298054,63.513165922783614,1586947268.75,2064946.2754554765,1749740.0,0.0,1301268.75,92.26020359107532,7124366.5,867.8634553891528,
(Sys),sysadmin-ippc08-unit-cost-p01,PDB,CG-iLAO*-trial,5,0.0731158,0.0198473121948999,13561.0,435.7895929000599,501.0,0.0,491.8,0.3919999999999999,542.0,1.5182094717133072,
(Sys),sysadmin-ippc08-unit-cost-p02,PDB,CG-iLAO*-trial,5,0.1826464,0.0137225052336756,59153.2,930.0920566395564,1608.2,1.5679999999999998,1592.0,2.4792256855720094,1744.6,2.8805999375130176,
(Sys),sysadmin-ippc08-unit-cost-p03,PDB,CG-iLAO*-trial,5,0.6181,0.0238135723531972,201333.4,2922.644166465702,4713.6,2.673083612609228,4688.0,4.157787873376899,5111.4,11.32059079730382,
(Sys),sysadmin-ippc08-unit-cost-p04,PDB,CG-iLAO*-trial,5,30.0957902,1.9252967388887696,2306296.0,10991.905582920552,33104.8,5.417547784745419,33050.4,6.339016958488121,35508.8,54.57605834063138,
(TriTW),triangle-tireworld-ippc08-p01,PDB,CG-iLAO*-trial,5,0.0495688,0.0117917469340104,141.2,10.74251665113906,39.6,4.5798620066547855,28.0,4.760823458184518,30.2,5.522889099013305,
(TriTW),triangle-tireworld-ippc08-p02,PDB,CG-iLAO*-trial,5,0.0596714,0.0115025859178158,2381.0,148.98707648651947,417.8,18.66018820912587,262.6,13.784249562453518,306.0,13.789822333880885,
(TriTW),triangle-tireworld-ippc08-p03,PDB,CG-iLAO*-trial,5,0.2505184,0.0213005161904648,90791.2,13307.377980963189,5245.0,128.58854816817865,3322.0,86.25113564469746,3960.6,98.85203212883384,
(TriTW),triangle-tireworld-ippc08-p04,PDB,CG-iLAO*-trial,5,5.9414136,0.6497240874276634,2045648.8,185889.63983109992,78595.4,2803.5339170582542,52697.8,2254.617519931928,60713.4,2486.076980098565,
(TriTW),triangle-tireworld-ippc08-p05,PDB,CG-iLAO*-trial,5,230.9700848,19.20461286969644,36145211.2,2603130.25517078,1291959.8,11810.84574309156,913337.8,11108.707017192595,1028936.8,12584.110014632895,
(Zeno),zenotravel-ippc04-unit-cost_NO_FORALLS-p01-problem,PDB,CG-iLAO*-trial,5,0.1679876,0.0180911221081616,0.0,0.0,0.0,0.0,,,,,trivial (s0 in G)
(Zeno),zenotravel-ippc04-unit-cost_NO_FORALLS-p02-problem,PDB,CG-iLAO*-trial,5,30.5928156,1.1224151949384449,18419746.2,279067.2276124301,142753.2,1842.4624895785528,73925.2,846.7187296286766,205599.8,3758.762138053431,
(Zeno),zenotravel-ippc04-unit-cost_NO_FORALLS-p03-problem,PDB,CG-iLAO*-trial,5,534.3698816,25.087091217375438,312244987.4,2013504.9220730788,1107785.6,8343.987627561297,663349.4,1223.5047206839863,2128671.6,13984.077418799425,
(Zeno),zenotravel-ippc04-unit-cost_NO_FORALLS-p04-problem,PDB,CG-iLAO*-trial,5,37.386163,5.8808497666437525,9248099.0,102039.65406384323,145922.6,959.0675957491212,55042.6,376.57950843878905,132629.0,993.04652918179,
(Zeno),zenotravel-ippc04-unit-cost_NO_FORALLS-p05-problem,PDB,CG-iLAO*-trial,5,144.4777792,10.530888541618197,65660664.4,614534.1632159138,393289.2,3141.523401597384,196349.4,1522.1785258030675,536934.8,6081.10313220751,
(Zeno),zenotravel-ippc08-unit-cost_NO_FORALLS-p01-c4-p2-a2-s3846-problem,PDB,CG-iLAO*-trial,5,2.2140296,0.0480575462359344,1192842.8,14385.54655223304,21525.2,940.3207804488848,8780.4,261.5602191771524,19259.4,470.0493559787099,
(Zeno),zenotravel-ippc08-unit-cost_NO_FORALLS-p02-c5-p2-a2-s17462-problem,PDB,CG-iLAO*-trial,5,1.8793752,0.0246371971184724,641929.4,18249.9508022596,17552.0,451.7245128615448,5171.4,115.14328576169778,11393.4,150.0988935868616,
(Zeno),zenotravel-ippc08-unit-cost_NO_FORALLS-p04-c6-p2-a2-s12861-problem,PDB,CG-iLAO*-trial,5,11.3183358,0.2254158099972077,5534647.8,107505.0708262708,84277.6,1609.4006967365212,27334.2,478.04130790549885,70901.4,1079.1436057615315,
(Coresec),coresec-icaps16-bigger-p01-problem,PDB,CG-iLAO*-trial,5,0.0891064,0.0229644336470415,7625.2,291.9317195235899,1249.2,21.74981894177512,410.2,6.940725034173302,528.0,7.766152200414307,
(Coresec),coresec-icaps16-bigger-p02-problem,PDB,CG-iLAO*-trial,5,0.0936538,0.0193573568125791,7752.0,215.94094859474893,1733.6,30.126672833222056,408.0,6.290348162065435,522.8,6.658232798573508,
(Coresec),coresec-icaps16-bigger-p03-problem,PDB,CG-iLAO*-trial,5,0.420465,0.0439401851595589,185191.2,1214.7354228077818,11386.8,38.926606633509685,5796.0,33.20450571835094,8885.6,46.669406852883824,
(Coresec),coresec-icaps16-bigger-p04-problem,PDB,CG-iLAO*-trial,5,0.4188525999999999,0.0167369887129631,187455.4,1804.3274570919768,17656.4,61.16205045614478,5778.4,19.78144019023893,8851.6,35.72688086021505,
(Coresec),coresec-icaps16-bigger-p05-problem,PDB,CG-iLAO*-trial,5,1.249317,0.0373046865134234,601281.8,3413.862789823867,74863.4,418.6940787926192,14340.0,59.13550946766249,23983.4,114.32127403068952,
(Coresec),coresec-icaps16-bigger-p06-problem,PDB,CG-iLAO*-trial,5,22.5775626,1.0210534820858197,10020842.6,22263.18859149731,855060.2,1921.907320820648,179316.4,271.7634534958665,373052.8,751.456536217498,
(Coresec),coresec-icaps16-bigger-p07-problem,PDB,CG-iLAO*-trial,0,,,,,,,,,,,
(PARC-N),no-repair-parc_NOREPAIR_s4_c1_fN.N_uN-facts,PDB,CG-iLAO*-trial,0,,,,,,,,,,,
(PARC-N),no-repair-parc_NOREPAIR_s4_c2_fN.N_uN-facts,PDB,CG-iLAO*-trial,0,,,,,,,,,,,
(PARC-N),no-repair-parc_NOREPAIR_s4_c3_fN.N_uN-facts,PDB,CG-iLAO*-trial,0,,,,,,,,,,,
(PARC-N),no-repair-parc_NOREPAIR_s5_c1_fN.N_uN-facts,PDB,CG-iLAO*-trial,0,,,,,,,,,,,
(PARC-N),no-repair-parc_NOREPAIR_s5_c2_fN.N_uN-facts,PDB,CG-iLAO*-trial,0,,,,,,,,,,,
(PARC-N),no-repair-parc_NOREPAIR_s5_c3_fN.N_uN-facts,PDB,CG-iLAO*-trial,0,,,,,,,,,,,
(PARC-R),with-repair-parc_REPAIR_s4_c1_fN.N_uN-facts,PDB,CG-iLAO*-trial,0,,,,,,,,,,,
(PARC-R),with-repair-parc_REPAIR_s4_c2_fN.N_uN-facts,PDB,CG-iLAO*-trial,0,,,,,,,,,,,
(PARC-R),with-repair-parc_REPAIR_s4_c3_fN.N_uN-facts,PDB,CG-iLAO*-trial,0,,,,,,,,,,,
(PARC-R),with-repair-parc_REPAIR_s5_c1_fN.N_uN-facts,PDB,CG-iLAO*-trial,0,,,,,,,,,,,
(PARC-R),with-repair-parc_REPAIR_s5_c2_fN.N_uN-facts,PDB,CG-iLAO*-trial,0,,,,,,,,,,,
(PARC-R),with-repair-parc_REPAIR_s5_c3_fN.N_uN-facts,PDB,CG-iLAO*-trial,0,,,,,,,,,,,
(TriTW),intermediate-triangle-tireworld-tire6-start10,ROC,FTVI,0,,,,,,,,,,,
(TriTW),intermediate-triangle-tireworld-tire6-start8,ROC,FTVI,5,1122.0275886,44.8987554886506,9304520.0,252516.22069441763,3564661.2,152235.17897695545,,,,,
(TriTW),intermediate-triangle-tireworld-tire6-start9,ROC,FTVI,0,,,,,,,,,,,
(BW),blocksworld-ippc04-p01,ROC,FTVI,5,0.2871818,0.0208734292309946,2820.2,71.02235186193147,660.6,36.3610376089572,,,,,
(BW),blocksworld-ippc04-p02,ROC,FTVI,5,0.2733516,0.0196435515159946,2939.6,284.1801289604887,615.4,98.51725095636804,,,,,
(BW),blocksworld-ippc04-p03,ROC,FTVI,5,0.1536342,0.0236458672303247,345.4,140.37021370646977,159.4,52.74403336871384,,,,,
(BW),blocksworld-ippc04-p04,ROC,FTVI,5,0.4288572,0.02022601528015,6099.0,300.37791343572513,1259.8,83.119715495182,,,,,
(BW),blocksworld-ippc04-p05,ROC,FTVI,5,0.1948286,0.008704713167976,1421.2,130.4944979069999,373.6,29.605733498766757,,,,,
(BW),blocksworld-ippc04-p06,ROC,FTVI,0,,,,,,,,,,,
(BW),blocksworld-ippc04-p07,ROC,FTVI,0,,,,,,,,,,,
(BW),blocksworld-ippc04-p08,ROC,FTVI,0,,,,,,,,,,,
(BW),blocksworld-ippc04-p09,ROC,FTVI,0,,,,,,,,,,,
(BW),blocksworld-ippc04-p10,ROC,FTVI,0,,,,,,,,,,,
(BW),blocksworld-ippc08-p01-c0-C0-g1-n5,ROC,FTVI,5,0.1914655999999999,0.0157352670097896,1475.4,92.21294885209994,319.6,20.0131260926423,,,,,
(BW),blocksworld-ippc08-p02-c1-C1-g20-n5,ROC,FTVI,5,0.1872104,0.0149763370242985,1475.4,92.21294885209994,319.6,20.0131260926423,,,,,
(BW),blocksworld-ippc08-p03-c1-C2-g40-n5,ROC,FTVI,5,0.1941912,0.016374599739281,1475.4,92.21294885209994,319.6,20.0131260926423,,,,,
(BW),blocksworld-ippc08-p04-c2-C1-g0-n5,ROC,FTVI,5,0.1901556,0.0190042764211368,1475.4,92.21294885209994,319.6,20.0131260926423,,,,,
(BW),blocksworld-ippc08-p05-c0-C0-g1-n10,ROC,FTVI,0,,,,,,,,,,,
(BW),blocksworld-ippc08-p06-c1-C1-g20-n10,ROC,FTVI,0,,,,,,,,,,,
(BW),blocksworld-ippc08-p07-c1-C2-g0-n10,ROC,FTVI,0,,,,,,,,,,,
(BW),blocksworld-ippc08-p08-c3-C2-g0-n10,ROC,FTVI,0,,,,,,,,,,,
(BW),blocksworld-ippc08-p09-c0-C0-g1-n14,ROC,FTVI,3,1556.1524499999998,193.7469384333428,887425.3333333334,67954.06246550713,388262.6666666667,32410.663403452745,,,,,
(BW),blocksworld-ippc08-p10-c1-C1-g20-n14,ROC,FTVI,2,1422.7205045,381.77833246000006,894093.0,115502.8,386648.5,55868.82,,,,,
(BW),blocksworld-ippc08-p11-c1-C2-g0-n14,ROC,FTVI,3,1418.105950333333,82.92014820607294,887425.3333333334,67954.06246550713,388262.6666666667,32410.663403452745,,,,,
(BW),blocksworld-ippc08-p12-c3-C2-g0-n14,ROC,FTVI,2,1437.2414535,303.5208617,854626.5,38148.46,374817.5,32680.06,,,,,
(Elev),elevators-ippc04-p01,ROC,FTVI,5,0.1766254,0.0133982355552877,19513.0,965.6251858355809,830.8,5.237272572627855,,,,,
(Elev),elevators-ippc04-p02,ROC,FTVI,5,0.0905615999999999,0.018780721662993,1113.6,71.1741825102333,187.8,19.36733910479186,,,,,
(Elev),elevators-ippc04-p03,ROC,FTVI,5,0.1975422,0.0238304795385855,22325.8,591.3246913701473,820.6,14.490750705191225,,,,,
(Elev),elevators-ippc04-p04,ROC,FTVI,5,0.1613316,0.0188910014792931,12712.8,554.4913785299101,697.4,48.128277924729446,,,,,
(Elev),elevators-ippc04-p05,ROC,FTVI,5,0.148821,0.0159100439785991,9313.2,1140.4260294749502,689.4,16.45232919680371,,,,,
(Elev),elevators-ippc04-p06,ROC,FTVI,5,11.1595036,0.1800449995111993,1300827.8,7888.913160565529,14787.0,0.0,,,,,
(Elev),elevators-ippc04-p07,ROC,FTVI,5,11.4674876,0.0899723001223159,1605028.2,7997.384409331839,14787.0,0.0,,,,,
(Elev),elevators-ippc04-p08,ROC,FTVI,5,13.1470488,0.0833852859973447,2185925.6,14483.818149449957,14796.0,0.0,,,,,
(Elev),elevators-ippc04-p09,ROC,FTVI,5,11.2682562,0.0695825476839271,1426276.8,5634.103728095888,14787.0,0.0,,,,,
(Elev),elevators-ippc04-p10,ROC,FTVI,5,15.4580934,0.1609252957293211,3436261.6,53956.56097427945,14796.0,0.0,,,,,
(Elev),elevators-ippc04-p11,ROC,FTVI,0,,,,,,,,,,,
(Elev),elevators-ippc04-p12,ROC,FTVI,0,,,,,,,,,,,
(Elev),elevators-ippc04-p13,ROC,FTVI,0,,,,,,,,,,,
(Elev),elevators-ippc04-p14,ROC,FTVI,0,,,,,,,,,,,
(Elev),elevators-ippc04-p15,ROC,FTVI,0,,,,,,,,,,,
(ExBW),exploding-blocksworld-ippc04-fixed-p01,ROC,FTVI,5,0.0926892,0.015255238870554,126.4,27.84028045835745,101.8,31.32568122164305,,,,,
(ExBW),exploding-blocksworld-ippc04-fixed-p02,ROC,FTVI,5,0.0739514,0.0200908864033525,89.0,23.13298251415065,79.4,29.207288405464823,,,,,
(ExBW),exploding-blocksworld-ippc04-fixed-p03,ROC,FTVI,5,0.0971173999999999,0.0106050963344957,139.4,19.27986555969725,125.2,23.645432201590225,,,,,
(ExBW),exploding-blocksworld-ippc04-fixed-p04,ROC,FTVI,5,0.3078128,0.0335259189713878,18531.4,149.56174248784347,1288.6,155.80039876714048,,,,,
(ExBW),exploding-blocksworld-ippc04-fixed-p05,ROC,FTVI,5,0.0729298,0.0142940282104795,0.0,0.0,0.0,0.0,,,,,trivial (s0 in G)
(ExBW),exploding-blocksworld-ippc04-fixed-p06,ROC,FTVI,5,1.6453774,0.1720772391336326,10834.4,672.8878965890232,6130.8,759.8698820613961,,,,,
(ExBW),exploding-blocksworld-ippc04-fixed-p07,ROC,FTVI,0,,,,,,,,,,,
(ExBW),exploding-blocksworld-ippc04-fixed-p08,ROC,FTVI,5,3.5168714000000003,1.0425346333353769,12707.6,3765.762113646585,12334.6,3956.537463542586,,,,,
(ExBW),exploding-blocksworld-ippc04-fixed-p09,ROC,FTVI,0,,,,,,,,,,,
(ExBW),exploding-blocksworld-ippc04-fixed-p10,ROC,FTVI,0,,,,,,,,,,,
(ExBW),exploding-blocksworld-ippc08-fixed-p01-n2-N5-s1,ROC,FTVI,5,0.1147044,0.0213118482275586,534.2,20.353823817651563,338.0,41.229940577206754,,,,,
(ExBW),exploding-blocksworld-ippc08-fixed-p02-n3-N5-s2,ROC,FTVI,5,0.2390585999999999,0.0297862920079787,12727.2,229.3730981261752,1055.0,122.35016436441758,,,,,
(ExBW),exploding-blocksworld-ippc08-fixed-p03-n3-N6-s3,ROC,FTVI,0,,,,,,,,,,,
(ExBW),exploding-blocksworld-ippc08-fixed-p04-n4-N6-s4,ROC,FTVI,5,0.5904762,0.0251261390503941,19313.6,137.6020509149482,2389.8,137.28313481269285,,,,,
(ExBW),exploding-blocksworld-ippc08-fixed-p05-n5-N7-s5,ROC,FTVI,5,0.1244619999999999,0.0167554484473892,182.8,27.203783266303237,154.2,30.429907393878143,,,,,
(ExBW),exploding-blocksworld-ippc08-fixed-p06-n6-N8-s6,ROC,FTVI,5,0.5802138,0.0463409350878368,5010.0,245.26406569246947,2367.0,260.2574470020021,,,,,
(ExBW),exploding-blocksworld-ippc08-fixed-p07-n7-N9-s7,ROC,FTVI,5,1.0857072,0.374177145624807,5301.6,1968.9993186631627,4554.4,1785.2897103876444,,,,,
(ExBW),exploding-blocksworld-ippc08-fixed-p08-n8-N10-s8,ROC,FTVI,0,,,,,,,,,,,
(ExBW),exploding-blocksworld-ippc08-fixed-p09-n9-N11-s9,ROC,FTVI,0,,,,,,,,,,,
(ExBW),exploding-blocksworld-ippc08-fixed-p10-n10-N12-s10,ROC,FTVI,0,,,,,,,,,,,
(ExBW),exploding-blocksworld-ippc08-fixed-p11-n11-N13-s11,ROC,FTVI,0,,,,,,,,,,,
(Rand),random-ippc04-p03-problem,ROC,FTVI,5,0.2671252,0.0247740708713264,518.4,91.21394419714564,385.0,58.62988725897398,,,,,
(Rand),random-ippc04-p04-problem,ROC,FTVI,5,0.492422,0.0169813972889583,557.0,0.0,231.2,6.658232798573507,,,,,
(Rand),random-ippc04-p05-problem,ROC,FTVI,5,375.7212254,221.8426558407428,205698.0,115605.23929149924,153309.4,89285.17785667459,,,,,
(Rand),random-ippc04-p06-problem,ROC,FTVI,5,1.4895046,0.0766073441936169,1130.4,52.72217840719407,609.8,52.3228231654218,,,,,
(Rand),random-ippc04-p07-problem,ROC,FTVI,3,0.3850883333333333,0.0234321588068629,297.0,140.1411421864876,233.33333333333331,6.434587097173456,,,,,
(Rand),random-ippc04-p08-problem,ROC,FTVI,0,,,,,,,,,,,
(Rand),random-ippc04-p09-problem,ROC,FTVI,5,20.882127,24.28913704411821,19984.0,25403.82577285555,11421.2,14111.81415810965,,,,,
(Rand),random-ippc04-p10-problem,ROC,FTVI,0,,,,,,,,,,,
(Rand),random-ippc04-p13-problem,ROC,FTVI,5,1013.3963116,563.3166884384569,1054298.8,538772.452115082,327379.2,167554.70490461096,,,,,
(RectTW),rectangle-tireworld-ippc08-unit-cost-p01-x5-y5-h2-v2-u0-s1,ROC,FTVI,5,0.18849,0.0138674627462012,728.6,17.093627350565473,49.0,0.0,,,,,
(RectTW),rectangle-tireworld-ippc08-unit-cost-p02-x5-y5-h2-v3-u15-s2,ROC,FTVI,5,0.1973416,0.0180051670499447,195.6,0.4800999895855028,34.0,0.0,,,,,unsolveable
(RectTW),rectangle-tireworld-ippc08-unit-cost-p03-x7-y7-h4-v3-u0-s3,ROC,FTVI,5,0.565735,0.0072269151787799,1934.0,54.75385502409853,97.0,0.0,,,,,
(RectTW),rectangle-tireworld-ippc08-unit-cost-p04-x7-y7-h3-v4-u20-s4,ROC,FTVI,5,0.4400348,0.0085578322859135,3.0,0.0,5.0,0.0,,,,,unsolveable
(RectTW),rectangle-tireworld-ippc08-unit-cost-p05-x9-y9-h3-v5-u30-s5,ROC,FTVI,5,1.0688192,0.0255018583397505,3.0,0.0,5.0,0.0,,,,,unsolveable
(RectTW),rectangle-tireworld-ippc08-unit-cost-p06-x11-y11-h4-v3-u40-s6,ROC,FTVI,5,9.3307126,1.3340151348813871,9526.2,165.66858695600683,241.8,0.3919999999999999,,,,,
(RectTW),rectangle-tireworld-ippc08-unit-cost-p07-x11-y11-h3-v5-u80-s7,ROC,FTVI,5,2.6229478,0.045793757858818,3.0,0.0,5.0,0.0,,,,,unsolveable
(RectTW),rectangle-tireworld-ippc08-unit-cost-p08-x11-y11-h6-v7-u80-s8,ROC,FTVI,5,2.5806134,0.0402540241222993,3.0,0.0,5.0,0.0,,,,,unsolveable
(RectTW),rectangle-tireworld-ippc08-unit-cost-p09-x15-y15-h4-v4-u60-s9,ROC,FTVI,5,270.1700874,102.3987948754304,120651.6,493.6580527612205,450.0,0.0,,,,,
(RectTW),rectangle-tireworld-ippc08-unit-cost-p10-x15-y15-h10-v10-u150-s10,ROC,FTVI,5,566.3390499999999,182.02016420032356,193116.8,13.795392854137932,244.0,0.0,,,,,unsolveable
(RectTW),rectangle-tireworld-ippc08-unit-cost-p11-x20-y20-h5-v5-u80-s11,ROC,FTVI,4,1405.3558425,160.02854186880123,74112.75,1379.3820280473426,794.0,0.0,,,,,
(RectTW),rectangle-tireworld-ippc08-unit-cost-p12-x20-y20-h15-v15-u300-s12,ROC,FTVI,0,,,,,,,,,,,unsolveable
(RectTW),rectangle-tireworld-ippc08-unit-cost-p14-x30-y30-h25-v20-u700-s14,ROC,FTVI,0,,,,,,,,,,,unsolveable
(Sched),schedule-ippc04-p01,ROC,FTVI,5,0.0594612,0.002715058714456,660.0,0.0,40.0,0.0,,,,,
(Sched),schedule-ippc04-p02,ROC,FTVI,5,0.0617232,0.0082998601514907,1024.0,0.0,40.0,0.0,,,,,
(Sched),schedule-ippc04-p03,ROC,FTVI,5,0.0890532,0.0080686129836486,2220.0,0.0,55.0,0.0,,,,,
(Sched),schedule-ippc04-p04,ROC,FTVI,0,,,,,,,,,,,
(Sched),schedule-ippc04-p05,ROC,FTVI,0,,,,,,,,,,,
(Sched),schedule-ippc08-p01,ROC,FTVI,5,0.0815144,0.011379555231158,820.0,0.0,55.0,0.0,,,,,
(Sched),schedule-ippc08-p02,ROC,FTVI,5,0.0687554,0.0153535285542085,1220.0,0.0,55.0,0.0,,,,,
(Sched),schedule-ippc08-p03,ROC,FTVI,5,0.0984712,0.0089646816393614,2562.0,0.0,72.0,0.0,,,,,
(Sched),schedule-ippc08-p04,ROC,FTVI,0,,,,,,,,,,,
(S&R),search-and-rescue-ippc08-strips-p01-z4,ROC,FTVI,5,0.4109524,0.0079938951078792,238519.2,3900.749209090992,1153.0,6.704231499582932,,,,,
(S&R),search-and-rescue-ippc08-strips-p02-z5,ROC,FTVI,5,1.9296898,0.0231906129170279,1024650.0,11468.636014257318,4568.6,102.56925512062568,,,,,
(S&R),search-and-rescue-ippc08-strips-p03-z6,ROC,FTVI,5,11.2271468,0.1497490120766073,3958666.4,7764.551381993425,16512.0,0.0,,,,,
(S&R),search-and-rescue-ippc08-strips-p04-z8,ROC,FTVI,5,1114.0450322000002,91.9331097703854,57303097.8,33651.33088433181,189246.0,0.0,,,,,
(S&R),search-and-rescue-ippc08-strips-p05-z10,ROC,FTVI,0,,,,,,,,,,,
(Sys),sysadmin-ippc08-unit-cost-p01,ROC,FTVI,5,0.1183982,0.0072360056711796,6697.2,197.6661700544633,444.0,0.0,,,,,
(Sys),sysadmin-ippc08-unit-cost-p02,ROC,FTVI,5,0.3344821999999999,0.007008178214565,29260.6,207.26534321009868,1576.0,0.0,,,,,
(Sys),sysadmin-ippc08-unit-cost-p03,ROC,FTVI,5,1.1018274,0.0239386318081033,113513.2,1526.6363628002575,4724.0,0.0,,,,,
(Sys),sysadmin-ippc08-unit-cost-p04,ROC,FTVI,5,11.2795444,0.5389560367315404,1322584.6,6746.743778322696,33132.0,0.0,,,,,
(TriTW),triangle-tireworld-ippc08-p01,ROC,FTVI,5,0.0493918,0.005687366600646,89.6,11.52239975005207,48.6,1.9203999583420115,,,,,
(TriTW),triangle-tireworld-ippc08-p02,ROC,FTVI,5,0.1306652,0.0118685934643421,1204.0,73.45163742218412,632.6,33.63899071018629,,,,,
(TriTW),triangle-tireworld-ippc08-p03,ROC,FTVI,5,1.4243836,0.0532319436104158,21062.8,1830.6861034879792,8043.2,270.27071033317685,,,,,
(TriTW),triangle-tireworld-ippc08-p04,ROC,FTVI,5,25.0430176,0.7469066774740676,413239.4,16038.654593991852,113086.0,3443.059817197488,,,,,
(TriTW),triangle-tireworld-ippc08-p05,ROC,FTVI,5,488.1853064,17.32286125815371,8969971.0,436639.726318956,1552189.4,48157.580800887576,,,,,
(Zeno),zenotravel-ippc04-unit-cost_NO_FORALLS-p01-problem,ROC,FTVI,5,0.1580992,0.0091055731707599,0.0,0.0,0.0,0.0,,,,,trivial (s0 in G)
(Zeno),zenotravel-ippc04-unit-cost_NO_FORALLS-p02-problem,ROC,FTVI,0,,,,,,,,,,,
(Zeno),zenotravel-ippc04-unit-cost_NO_FORALLS-p03-problem,ROC,FTVI,0,,,,,,,,,,,
(Zeno),zenotravel-ippc04-unit-cost_NO_FORALLS-p04-problem,ROC,FTVI,0,,,,,,,,,,,
(Zeno),zenotravel-ippc04-unit-cost_NO_FORALLS-p05-problem,ROC,FTVI,0,,,,,,,,,,,
(Zeno),zenotravel-ippc08-unit-cost_NO_FORALLS-p01-c4-p2-a2-s3846-problem,ROC,FTVI,0,,,,,,,,,,,
(Zeno),zenotravel-ippc08-unit-cost_NO_FORALLS-p02-c5-p2-a2-s17462-problem,ROC,FTVI,0,,,,,,,,,,,
(Zeno),zenotravel-ippc08-unit-cost_NO_FORALLS-p04-c6-p2-a2-s12861-problem,ROC,FTVI,0,,,,,,,,,,,
(Coresec),coresec-icaps16-bigger-p01-problem,ROC,FTVI,5,0.7701268,0.017935216437565,45779.6,582.7705280948926,9585.8,34.64490588816774,,,,,
(Coresec),coresec-icaps16-bigger-p02-problem,ROC,FTVI,5,2.2783668,0.0249933939468792,143524.0,2386.767577188864,27669.6,115.45315074089577,,,,,
(Coresec),coresec-icaps16-bigger-p03-problem,ROC,FTVI,5,126.0867164,7.497005221417259,916902.4,936.5292665667208,70877.0,0.0,,,,,
(Coresec),coresec-icaps16-bigger-p04-problem,ROC,FTVI,5,1181.8015558,136.17674985000755,2534576.2,1395.7361338247283,194339.0,0.0,,,,,
(Coresec),coresec-icaps16-bigger-p05-problem,ROC,FTVI,0,,,,,,,,,,,
(Coresec),coresec-icaps16-bigger-p06-problem,ROC,FTVI,0,,,,,,,,,,,
(Coresec),coresec-icaps16-bigger-p07-problem,ROC,FTVI,0,,,,,,,,,,,
(PARC-N),no-repair-parc_NOREPAIR_s4_c1_fN.N_uN-facts,ROC,FTVI,0,,,,,,,,,,,
(PARC-N),no-repair-parc_NOREPAIR_s4_c2_fN.N_uN-facts,ROC,FTVI,0,,,,,,,,,,,
(PARC-N),no-repair-parc_NOREPAIR_s4_c3_fN.N_uN-facts,ROC,FTVI,0,,,,,,,,,,,
(PARC-N),no-repair-parc_NOREPAIR_s5_c1_fN.N_uN-facts,ROC,FTVI,0,,,,,,,,,,,
(PARC-N),no-repair-parc_NOREPAIR_s5_c2_fN.N_uN-facts,ROC,FTVI,0,,,,,,,,,,,
(PARC-N),no-repair-parc_NOREPAIR_s5_c3_fN.N_uN-facts,ROC,FTVI,0,,,,,,,,,,,
(PARC-R),with-repair-parc_REPAIR_s4_c1_fN.N_uN-facts,ROC,FTVI,0,,,,,,,,,,,
(PARC-R),with-repair-parc_REPAIR_s4_c2_fN.N_uN-facts,ROC,FTVI,5,222.5642108,36.20439560503898,5561739.0,97762.7617850486,232973.8,3833.552841642332,,,,,
(PARC-R),with-repair-parc_REPAIR_s4_c3_fN.N_uN-facts,ROC,FTVI,5,212.3031978,35.56463702257624,6786774.2,211340.174694812,305418.2,3928.352285554848,,,,,
(PARC-R),with-repair-parc_REPAIR_s5_c1_fN.N_uN-facts,ROC,FTVI,0,,,,,,,,,,,
(PARC-R),with-repair-parc_REPAIR_s5_c2_fN.N_uN-facts,ROC,FTVI,0,,,,,,,,,,,
(PARC-R),with-repair-parc_REPAIR_s5_c3_fN.N_uN-facts,ROC,FTVI,0,,,,,,,,,,,
(TriTW),intermediate-triangle-tireworld-tire6-start10,LMCut,FTVI,0,,,,,,,,,,,
(TriTW),intermediate-triangle-tireworld-tire6-start8,LMCut,FTVI,0,,,,,,,,,,,
(TriTW),intermediate-triangle-tireworld-tire6-start9,LMCut,FTVI,0,,,,,,,,,,,
(BW),blocksworld-ippc04-p01,LMCut,FTVI,5,9.0702892,1.3715924530091923,57460.2,9150.836791117194,13727.0,2025.5087984207812,,,,,
(BW),blocksworld-ippc04-p02,LMCut,FTVI,5,5.5844608,0.2363592322873772,33248.4,1300.4170328998307,8527.8,300.07747223675415,,,,,
(BW),blocksworld-ippc04-p03,LMCut,FTVI,5,2.6527536,0.0901486624311276,13165.0,395.5195499592909,4191.0,143.05314816528855,,,,,
(BW),blocksworld-ippc04-p04,LMCut,FTVI,5,13.9048126,1.3893508067053348,101711.6,13334.630019593944,20888.6,2265.215051074842,,,,,
(BW),blocksworld-ippc04-p05,LMCut,FTVI,5,4.5885694,0.5715029619420012,28726.0,4572.186360838762,7149.4,929.8353616506524,,,,,
(BW),blocksworld-ippc04-p06,LMCut,FTVI,0,,,,,,,,,,,
(BW),blocksworld-ippc04-p07,LMCut,FTVI,0,,,,,,,,,,,
(BW),blocksworld-ippc04-p08,LMCut,FTVI,0,,,,,,,,,,,
(BW),blocksworld-ippc04-p09,LMCut,FTVI,0,,,,,,,,,,,
(BW),blocksworld-ippc04-p10,LMCut,FTVI,0,,,,,,,,,,,
(BW),blocksworld-ippc08-p01-c0-C0-g1-n5,LMCut,FTVI,5,0.9155588,0.0195348733697514,10960.4,793.2855389681574,1097.6,11.947964512836483,,,,,
(BW),blocksworld-ippc08-p02-c1-C1-g20-n5,LMCut,FTVI,5,0.9296812,0.0247258639664118,10960.4,793.2855389681574,1097.6,11.947964512836483,,,,,
(BW),blocksworld-ippc08-p03-c1-C2-g40-n5,LMCut,FTVI,5,0.923216,0.0165518379240445,10960.4,793.2855389681574,1097.6,11.947964512836483,,,,,
(BW),blocksworld-ippc08-p04-c2-C1-g0-n5,LMCut,FTVI,5,0.919001,0.0227278767819539,10960.4,793.2855389681574,1097.6,11.947964512836483,,,,,
(BW),blocksworld-ippc08-p05-c0-C0-g1-n10,LMCut,FTVI,0,,,,,,,,,,,
(BW),blocksworld-ippc08-p06-c1-C1-g20-n10,LMCut,FTVI,0,,,,,,,,,,,
(BW),blocksworld-ippc08-p07-c1-C2-g0-n10,LMCut,FTVI,0,,,,,,,,,,,
(BW),blocksworld-ippc08-p08-c3-C2-g0-n10,LMCut,FTVI,0,,,,,,,,,,,
(BW),blocksworld-ippc08-p09-c0-C0-g1-n14,LMCut,FTVI,0,,,,,,,,,,,
(BW),blocksworld-ippc08-p10-c1-C1-g20-n14,LMCut,FTVI,0,,,,,,,,,,,
(BW),blocksworld-ippc08-p11-c1-C2-g0-n14,LMCut,FTVI,0,,,,,,,,,,,
(BW),blocksworld-ippc08-p12-c3-C2-g0-n14,LMCut,FTVI,0,,,,,,,,,,,
(Elev),elevators-ippc04-p01,LMCut,FTVI,5,0.0351492,0.0102514647182568,1026.2,134.37854912150226,288.8,64.50871866654924,,,,,
(Elev),elevators-ippc04-p02,LMCut,FTVI,5,0.009732,0.0059045583768068,39.0,0.0,35.0,0.0,,,,,
(Elev),elevators-ippc04-p03,LMCut,FTVI,5,0.0334174,0.004408498715483,1227.6,204.12870708452544,265.4,67.86413320746091,,,,,
(Elev),elevators-ippc04-p04,LMCut,FTVI,5,0.0280688,0.0077810977633585,1392.8,98.93127909816997,265.0,30.33254357946263,,,,,
(Elev),elevators-ippc04-p05,LMCut,FTVI,5,0.0166038,0.0071073899707771,418.4,81.23863081071713,208.6,42.53967672655728,,,,,
(Elev),elevators-ippc04-p06,LMCut,FTVI,5,0.3788496,0.0425625045203584,7360.6,1574.8963577632655,937.2,70.67532797235538,,,,,
(Elev),elevators-ippc04-p07,LMCut,FTVI,5,0.2550458,0.0305648486472166,3308.4,487.1822776086996,563.4,42.417588050241605,,,,,
(Elev),elevators-ippc04-p08,LMCut,FTVI,5,16.8448164,0.1337304503617403,1649085.6,14904.154496260964,14796.0,0.0,,,,,
(Elev),elevators-ippc04-p09,LMCut,FTVI,5,14.9132382,0.1816048542713257,951902.0,6538.32903788728,14787.0,0.0,,,,,
(Elev),elevators-ippc04-p10,LMCut,FTVI,5,19.482645400000003,0.3369605418852166,2879232.4,57295.75556018174,14796.0,0.0,,,,,
(Elev),elevators-ippc04-p11,LMCut,FTVI,0,,,,,,,,,,,
(Elev),elevators-ippc04-p12,LMCut,FTVI,0,,,,,,,,,,,
(Elev),elevators-ippc04-p13,LMCut,FTVI,0,,,,,,,,,,,
(Elev),elevators-ippc04-p14,LMCut,FTVI,0,,,,,,,,,,,
(Elev),elevators-ippc04-p15,LMCut,FTVI,0,,,,,,,,,,,
(ExBW),exploding-blocksworld-ippc04-fixed-p01,LMCut,FTVI,5,0.0123366,0.0042246450620065,62.6,2.8805999375130176,75.6,2.880599937513017,,,,,
(ExBW),exploding-blocksworld-ippc04-fixed-p02,LMCut,FTVI,5,0.008889,0.0057575915938246,38.0,0.0,26.0,0.0,,,,,
(ExBW),exploding-blocksworld-ippc04-fixed-p03,LMCut,FTVI,5,0.019149,0.0038815275570527,90.2,28.093029455720863,89.4,6.45908476488736,,,,,
(ExBW),exploding-blocksworld-ippc04-fixed-p04,LMCut,FTVI,5,0.1722064,0.0078244779374841,17614.0,79.8155704107914,940.0,52.17798309632138,,,,,
(ExBW),exploding-blocksworld-ippc04-fixed-p05,LMCut,FTVI,5,0.0095872,0.004262162948258,0.0,0.0,0.0,0.0,,,,,trivial (s0 in G)
(ExBW),exploding-blocksworld-ippc04-fixed-p06,LMCut,FTVI,5,1.6790492,0.1292847675176125,8899.0,234.1416689100853,3998.0,293.2568741564296,,,,,
(ExBW),exploding-blocksworld-ippc04-fixed-p07,LMCut,FTVI,5,11.5395314,0.5924779829459542,86638.6,2063.8811726492395,42466.0,1504.3281547853844,,,,,
(ExBW),exploding-blocksworld-ippc04-fixed-p08,LMCut,FTVI,5,1.9650594,0.6874445794930499,5257.0,1993.3597970461828,5605.2,2211.365203141263,,,,,
(ExBW),exploding-blocksworld-ippc04-fixed-p09,LMCut,FTVI,0,,,,,,,,,,,
(ExBW),exploding-blocksworld-ippc04-fixed-p10,LMCut,FTVI,0,,,,,,,,,,,
(ExBW),exploding-blocksworld-ippc08-fixed-p01-n2-N5-s1,LMCut,FTVI,5,0.0210436,0.0045079330868077,267.4,0.4800999895855029,198.0,0.0,,,,,
(ExBW),exploding-blocksworld-ippc08-fixed-p02-n3-N5-s2,LMCut,FTVI,5,0.1273362,0.0090445508193377,12655.2,148.76309617643753,917.0,95.00037305189912,,,,,
(ExBW),exploding-blocksworld-ippc08-fixed-p03-n3-N6-s3,LMCut,FTVI,0,,,,,,,,,,,
(ExBW),exploding-blocksworld-ippc08-fixed-p04-n4-N6-s4,LMCut,FTVI,5,0.3273676,0.006704617400086,18430.6,252.3598759232537,1738.6,124.72224026211202,,,,,
(ExBW),exploding-blocksworld-ippc08-fixed-p05-n5-N7-s5,LMCut,FTVI,5,0.0261554,0.0050969366657646,166.6,37.61770561849832,166.0,37.25031436108962,,,,,
(ExBW),exploding-blocksworld-ippc08-fixed-p06-n6-N8-s6,LMCut,FTVI,5,0.3473355999999999,0.0168798234945776,3812.8,244.49175442946944,2014.8,173.3081165554574,,,,,
(ExBW),exploding-blocksworld-ippc08-fixed-p07-n7-N9-s7,LMCut,FTVI,5,1.4127762,0.3310543338263786,5265.0,1194.2733721891316,4656.2,1049.9510533658224,,,,,
(ExBW),exploding-blocksworld-ippc08-fixed-p08-n8-N10-s8,LMCut,FTVI,0,,,,,,,,,,,
(ExBW),exploding-blocksworld-ippc08-fixed-p09-n9-N11-s9,LMCut,FTVI,0,,,,,,,,,,,
(ExBW),exploding-blocksworld-ippc08-fixed-p10-n10-N12-s10,LMCut,FTVI,0,,,,,,,,,,,
(ExBW),exploding-blocksworld-ippc08-fixed-p11-n11-N13-s11,LMCut,FTVI,0,,,,,,,,,,,
(Rand),random-ippc04-p03-problem,LMCut,FTVI,5,1.8528282,0.0401341246611238,13584.6,209.9914766270288,1389.0,0.0,,,,,
(Rand),random-ippc04-p04-problem,LMCut,FTVI,0,,,,,,,,,,,
(Rand),random-ippc04-p05-problem,LMCut,FTVI,0,,,,,,,,,,,
(Rand),random-ippc04-p06-problem,LMCut,FTVI,5,5.4037574,0.5448838280373831,1130.4,52.72217840719407,609.8,52.3228231654218,,,,,
(Rand),random-ippc04-p07-problem,LMCut,FTVI,5,0.2307696,0.0920585938048984,308.8,105.3842260682309,323.4,108.18170240849416,,,,,
(Rand),random-ippc04-p08-problem,LMCut,FTVI,0,,,,,,,,,,,
(Rand),random-ippc04-p09-problem,LMCut,FTVI,0,,,,,,,,,,,
(Rand),random-ippc04-p10-problem,LMCut,FTVI,0,,,,,,,,,,,
(Rand),random-ippc04-p13-problem,LMCut,FTVI,3,268.2300466666667,389.1177901898294,293289.6666666667,455337.3819948869,96331.0,144823.92079525537,,,,,
(RectTW),rectangle-tireworld-ippc08-unit-cost-p01-x5-y5-h2-v2-u0-s1,LMCut,FTVI,5,0.031935,0.0038651608993779,590.8,32.54662477124163,49.0,0.0,,,,,
(RectTW),rectangle-tireworld-ippc08-unit-cost-p02-x5-y5-h2-v3-u15-s2,LMCut,FTVI,5,0.0249774,0.0058479967443848,195.6,0.4800999895855028,34.0,0.0,,,,,unsolveable
(RectTW),rectangle-tireworld-ippc08-unit-cost-p03-x7-y7-h4-v3-u0-s3,LMCut,FTVI,5,0.2029825999999999,0.0160830226614805,1657.4,58.37905322973301,97.0,0.0,,,,,
(RectTW),rectangle-tireworld-ippc08-unit-cost-p04-x7-y7-h3-v4-u20-s4,LMCut,FTVI,5,0.0339402,0.0071091365694058,3.0,0.0,5.0,0.0,,,,,unsolveable
(RectTW),rectangle-tireworld-ippc08-unit-cost-p05-x9-y9-h3-v5-u30-s5,LMCut,FTVI,5,0.0735678,0.0019507171547469,3.0,0.0,5.0,0.0,,,,,unsolveable
(RectTW),rectangle-tireworld-ippc08-unit-cost-p06-x11-y11-h4-v3-u40-s6,LMCut,FTVI,5,18.4556876,15.512500691569487,8522.2,149.53579766731443,240.0,0.0,,,,,
(RectTW),rectangle-tireworld-ippc08-unit-cost-p07-x11-y11-h3-v5-u80-s7,LMCut,FTVI,5,0.1808658,0.0199926723013624,3.0,0.0,5.0,0.0,,,,,unsolveable
(RectTW),rectangle-tireworld-ippc08-unit-cost-p08-x11-y11-h6-v7-u80-s8,LMCut,FTVI,5,0.1778306,0.0094857935063976,3.0,0.0,5.0,0.0,,,,,unsolveable
(RectTW),rectangle-tireworld-ippc08-unit-cost-p09-x15-y15-h4-v4-u60-s9,LMCut,FTVI,5,240.9212878,38.17597759800555,119540.6,492.8145518306049,450.0,0.0,,,,,
(RectTW),rectangle-tireworld-ippc08-unit-cost-p10-x15-y15-h10-v10-u150-s10,LMCut,FTVI,5,494.0212246,61.55417570288499,193100.0,3.0990321069650117,244.0,0.0,,,,,unsolveable
(RectTW),rectangle-tireworld-ippc08-unit-cost-p11-x20-y20-h5-v5-u80-s11,LMCut,FTVI,5,1576.9531152,118.9610490597358,71011.6,934.7142389928592,794.0,0.0,,,,,
(RectTW),rectangle-tireworld-ippc08-unit-cost-p12-x20-y20-h15-v15-u300-s12,LMCut,FTVI,0,,,,,,,,,,,unsolveable
(RectTW),rectangle-tireworld-ippc08-unit-cost-p14-x30-y30-h25-v20-u700-s14,LMCut,FTVI,5,15.8666752,2.556758579026261,3.0,0.0,5.0,0.0,,,,,unsolveable
(Sched),schedule-ippc04-p01,LMCut,FTVI,5,0.013054,0.0055127587661932,856.0,0.0,40.0,0.0,,,,,
(Sched),schedule-ippc04-p02,LMCut,FTVI,5,0.0121792,0.0056678067102313,1388.0,0.0,40.0,0.0,,,,,
(Sched),schedule-ippc04-p03,LMCut,FTVI,5,0.0210974,0.0028719536031516,3220.0,0.0,55.0,0.0,,,,,
(Sched),schedule-ippc04-p04,LMCut,FTVI,0,,,,,,,,,,,
(Sched),schedule-ippc04-p05,LMCut,FTVI,0,,,,,,,,,,,
(Sched),schedule-ippc08-p01,LMCut,FTVI,5,0.0145548,0.0055162988575079,1020.0,0.0,55.0,0.0,,,,,
(Sched),schedule-ippc08-p02,LMCut,FTVI,5,0.0177536,0.0061981265847363,1620.0,0.0,55.0,0.0,,,,,
(Sched),schedule-ippc08-p03,LMCut,FTVI,5,0.038583,0.0026081203077465,3696.0,0.0,72.0,0.0,,,,,
(Sched),schedule-ippc08-p04,LMCut,FTVI,0,,,,,,,,,,,
(S&R),search-and-rescue-ippc08-strips-p01-z4,LMCut,FTVI,5,0.3179135999999999,0.0106263916553802,232653.2,2908.3874211088178,1145.8,1.568,,,,,
(S&R),search-and-rescue-ippc08-strips-p02-z5,LMCut,FTVI,5,1.7536918,0.057286521740949,1004607.8,10991.487360508769,4570.8,84.44484344233223,,,,,
(S&R),search-and-rescue-ippc08-strips-p03-z6,LMCut,FTVI,5,10.3724442,0.0848249387922804,3870928.8,14119.314871301083,16512.0,0.0,,,,,
(S&R),search-and-rescue-ippc08-strips-p04-z8,LMCut,FTVI,5,1117.4515422,47.145502825983904,56145124.8,4131.390192492595,189246.0,0.0,,,,,
(S&R),search-and-rescue-ippc08-strips-p05-z10,LMCut,FTVI,0,,,,,,,,,,,
(Sys),sysadmin-ippc08-unit-cost-p01,LMCut,FTVI,5,0.029931,0.0053424911540441,6791.2,148.1809258440505,444.0,0.0,,,,,
(Sys),sysadmin-ippc08-unit-cost-p02,LMCut,FTVI,5,0.1334854,0.0015938103209905,30133.2,223.24339771648343,1614.0,0.0,,,,,
(Sys),sysadmin-ippc08-unit-cost-p03,LMCut,FTVI,5,0.5560706,0.0043240707190257,114950.2,998.3408485201836,4724.0,0.0,,,,,
(Sys),sysadmin-ippc08-unit-cost-p04,LMCut,FTVI,5,8.120335,0.4611727654055613,1365363.6,6090.844722914547,33132.0,0.0,,,,,
(TriTW),triangle-tireworld-ippc08-p01,LMCut,FTVI,5,0.0092854,0.0029352627572903,66.8,0.9601999791710056,44.6,1.9203999583420115,,,,,
(TriTW),triangle-tireworld-ippc08-p02,LMCut,FTVI,5,0.0351232,0.0060210094427349,1795.0,52.97079044152541,1107.6,24.874245636802733,,,,,
(TriTW),triangle-tireworld-ippc08-p03,LMCut,FTVI,5,1.1877078,0.0353296541685454,46178.0,960.1985788783484,25738.6,1109.7037432107722,,,,,
(TriTW),triangle-tireworld-ippc08-p04,LMCut,FTVI,5,36.7530034,1.409138479096474,1009962.4,61161.619876959565,467299.2,24465.14813110405,,,,,
(TriTW),triangle-tireworld-ippc08-p05,LMCut,FTVI,5,1097.2268366,31.805516457292995,21115218.4,626093.3359742753,7800352.8,336144.4491393556,,,,,
(Zeno),zenotravel-ippc04-unit-cost_NO_FORALLS-p01-problem,LMCut,FTVI,5,0.0174708,0.0059605914250369,0.0,0.0,0.0,0.0,,,,,trivial (s0 in G)
(Zeno),zenotravel-ippc04-unit-cost_NO_FORALLS-p02-problem,LMCut,FTVI,0,,,,,,,,,,,
(Zeno),zenotravel-ippc04-unit-cost_NO_FORALLS-p03-problem,LMCut,FTVI,0,,,,,,,,,,,
(Zeno),zenotravel-ippc04-unit-cost_NO_FORALLS-p04-problem,LMCut,FTVI,0,,,,,,,,,,,
(Zeno),zenotravel-ippc04-unit-cost_NO_FORALLS-p05-problem,LMCut,FTVI,0,,,,,,,,,,,
(Zeno),zenotravel-ippc08-unit-cost_NO_FORALLS-p01-c4-p2-a2-s3846-problem,LMCut,FTVI,0,,,,,,,,,,,
(Zeno),zenotravel-ippc08-unit-cost_NO_FORALLS-p02-c5-p2-a2-s17462-problem,LMCut,FTVI,0,,,,,,,,,,,
(Zeno),zenotravel-ippc08-unit-cost_NO_FORALLS-p04-c6-p2-a2-s12861-problem,LMCut,FTVI,0,,,,,,,,,,,
(Coresec),coresec-icaps16-bigger-p01-problem,LMCut,FTVI,5,0.2902686,0.019792840524782,107812.0,947.98029540703,10222.2,1.796369672422689,,,,,
(Coresec),coresec-icaps16-bigger-p02-problem,LMCut,FTVI,5,7.673444000000001,0.5840895339094105,412045.0,2423.188117600447,29721.2,0.9601999791710056,,,,,
(Coresec),coresec-icaps16-bigger-p03-problem,LMCut,FTVI,5,118.90102199999998,5.543514424853159,1112947.6,464.9505043077165,70877.0,0.0,,,,,
(Coresec),coresec-icaps16-bigger-p04-problem,LMCut,FTVI,5,1093.9202799999998,246.78275790270732,3140786.0,1407.1701210585734,194339.0,0.0,,,,,
(Coresec),coresec-icaps16-bigger-p05-problem,LMCut,FTVI,0,,,,,,,,,,,
(Coresec),coresec-icaps16-bigger-p06-problem,LMCut,FTVI,0,,,,,,,,,,,
(Coresec),coresec-icaps16-bigger-p07-problem,LMCut,FTVI,0,,,,,,,,,,,
(PARC-N),no-repair-parc_NOREPAIR_s4_c1_fN.N_uN-facts,LMCut,FTVI,0,,,,,,,,,,,
(PARC-N),no-repair-parc_NOREPAIR_s4_c2_fN.N_uN-facts,LMCut,FTVI,0,,,,,,,,,,,
(PARC-N),no-repair-parc_NOREPAIR_s4_c3_fN.N_uN-facts,LMCut,FTVI,0,,,,,,,,,,,
(PARC-N),no-repair-parc_NOREPAIR_s5_c1_fN.N_uN-facts,LMCut,FTVI,0,,,,,,,,,,,
(PARC-N),no-repair-parc_NOREPAIR_s5_c2_fN.N_uN-facts,LMCut,FTVI,0,,,,,,,,,,,
(PARC-N),no-repair-parc_NOREPAIR_s5_c3_fN.N_uN-facts,LMCut,FTVI,0,,,,,,,,,,,
(PARC-R),with-repair-parc_REPAIR_s4_c1_fN.N_uN-facts,LMCut,FTVI,0,,,,,,,,,,,
(PARC-R),with-repair-parc_REPAIR_s4_c2_fN.N_uN-facts,LMCut,FTVI,0,,,,,,,,,,,
(PARC-R),with-repair-parc_REPAIR_s4_c3_fN.N_uN-facts,LMCut,FTVI,1,372.396381,,12529906.0,,571499.0,,,,,,
(PARC-R),with-repair-parc_REPAIR_s5_c1_fN.N_uN-facts,LMCut,FTVI,0,,,,,,,,,,,
(PARC-R),with-repair-parc_REPAIR_s5_c2_fN.N_uN-facts,LMCut,FTVI,0,,,,,,,,,,,
(PARC-R),with-repair-parc_REPAIR_s5_c3_fN.N_uN-facts,LMCut,FTVI,0,,,,,,,,,,,
(TriTW),intermediate-triangle-tireworld-tire6-start10,PDB,FTVI,0,,,,,,,,,,,
(TriTW),intermediate-triangle-tireworld-tire6-start8,PDB,FTVI,5,761.5311238,48.12867559977092,26906254.6,179411.75261800777,12760593.4,440592.2884133178,,,,,
(TriTW),intermediate-triangle-tireworld-tire6-start9,PDB,FTVI,0,,,,,,,,,,,
(BW),blocksworld-ippc04-p01,PDB,FTVI,5,0.5060882,0.0140339945046784,2913.6,193.87818303254235,673.2,45.5859090509337,,,,,
(BW),blocksworld-ippc04-p02,PDB,FTVI,5,0.5022504,0.0170539550284787,2889.6,197.2509956780953,620.8,112.28832986557416,,,,,
(BW),blocksworld-ippc04-p03,PDB,FTVI,5,0.5167634,0.0185657692552012,294.4,120.19067757525954,143.6,48.46236246820825,,,,,
(BW),blocksworld-ippc04-p04,PDB,FTVI,5,0.5385134,0.009353046902229,6116.0,123.91323997055358,1321.0,77.12793009020791,,,,,
(BW),blocksworld-ippc04-p05,PDB,FTVI,5,0.4932272,0.0060845330137508,1499.8,85.51397116261178,446.4,36.07465060121858,,,,,
(BW),blocksworld-ippc04-p06,PDB,FTVI,0,,,,,,,,,,,
(BW),blocksworld-ippc04-p07,PDB,FTVI,0,,,,,,,,,,,
(BW),blocksworld-ippc04-p08,PDB,FTVI,0,,,,,,,,,,,
(BW),blocksworld-ippc04-p09,PDB,FTVI,0,,,,,,,,,,,
(BW),blocksworld-ippc04-p10,PDB,FTVI,0,,,,,,,,,,,
(BW),blocksworld-ippc08-p01-c0-C0-g1-n5,PDB,FTVI,5,0.2201086,0.0063205334298503,2134.8,70.00630531602135,426.4,14.947489956511092,,,,,
(BW),blocksworld-ippc08-p02-c1-C1-g20-n5,PDB,FTVI,5,0.1990442,0.013799060529247,2134.8,70.00630531602135,426.4,14.947489956511092,,,,,
(BW),blocksworld-ippc08-p03-c1-C2-g40-n5,PDB,FTVI,5,0.2009162,0.0197222919506243,2134.8,70.00630531602135,426.4,14.947489956511092,,,,,
(BW),blocksworld-ippc08-p04-c2-C1-g0-n5,PDB,FTVI,5,0.2168861999999999,0.0287708091519147,2134.8,70.00630531602135,426.4,14.947489956511092,,,,,
(BW),blocksworld-ippc08-p05-c0-C0-g1-n10,PDB,FTVI,0,,,,,,,,,,,
(BW),blocksworld-ippc08-p06-c1-C1-g20-n10,PDB,FTVI,0,,,,,,,,,,,
(BW),blocksworld-ippc08-p07-c1-C2-g0-n10,PDB,FTVI,0,,,,,,,,,,,
(BW),blocksworld-ippc08-p08-c3-C2-g0-n10,PDB,FTVI,0,,,,,,,,,,,
(BW),blocksworld-ippc08-p09-c0-C0-g1-n14,PDB,FTVI,0,,,,,,,,,,,
(BW),blocksworld-ippc08-p10-c1-C1-g20-n14,PDB,FTVI,0,,,,,,,,,,,
(BW),blocksworld-ippc08-p11-c1-C2-g0-n14,PDB,FTVI,0,,,,,,,,,,,
(BW),blocksworld-ippc08-p12-c3-C2-g0-n14,PDB,FTVI,0,,,,,,,,,,,
(Elev),elevators-ippc04-p01,PDB,FTVI,5,0.0841963999999999,0.0139243277373471,10704.6,788.063963962317,752.4,17.635643906588722,,,,,
(Elev),elevators-ippc04-p02,PDB,FTVI,5,0.0698748,0.0160430747918989,571.2,60.58397728772848,107.8,22.342280635602084,,,,,
(Elev),elevators-ippc04-p03,PDB,FTVI,5,0.0851656,0.0092180659251502,11009.6,1188.2296279490763,734.6,45.46439591592524,,,,,
(Elev),elevators-ippc04-p04,PDB,FTVI,5,0.08137,0.0113375930539916,6247.2,73.89070025382084,546.8,51.288372795400704,,,,,
(Elev),elevators-ippc04-p05,PDB,FTVI,5,0.0685866,0.0175161654616464,4011.8,432.0426003810272,523.8,39.34867804640963,,,,,
(Elev),elevators-ippc04-p06,PDB,FTVI,5,9.4278566,0.0918694992716782,1184569.8,6368.60237873774,14787.0,0.0,,,,,
(Elev),elevators-ippc04-p07,PDB,FTVI,5,9.9869894,0.2583523111760774,1480227.6,6674.582762553477,14787.0,0.0,,,,,
(Elev),elevators-ippc04-p08,PDB,FTVI,5,11.377723,0.0908972297383868,2009756.4,14682.247734559443,14796.0,0.0,,,,,
(Elev),elevators-ippc04-p09,PDB,FTVI,5,9.554258,0.0431636493667475,1285112.4,5985.271951697433,14787.0,0.0,,,,,
(Elev),elevators-ippc04-p10,PDB,FTVI,5,13.661901,0.1535549351512146,3256722.6,50519.48528530447,14796.0,0.0,,,,,
(Elev),elevators-ippc04-p11,PDB,FTVI,0,,,,,,,,,,,
(Elev),elevators-ippc04-p12,PDB,FTVI,0,,,,,,,,,,,
(Elev),elevators-ippc04-p13,PDB,FTVI,0,,,,,,,,,,,
(Elev),elevators-ippc04-p14,PDB,FTVI,0,,,,,,,,,,,
(Elev),elevators-ippc04-p15,PDB,FTVI,0,,,,,,,,,,,
(ExBW),exploding-blocksworld-ippc04-fixed-p01,PDB,FTVI,5,0.0891289999999999,0.0200803402222532,114.2,1.998815649328372,87.0,1.2396128427860047,,,,,
(ExBW),exploding-blocksworld-ippc04-fixed-p02,PDB,FTVI,5,0.0853038,0.0181129959803071,38.0,0.0,26.0,0.0,,,,,
(ExBW),exploding-blocksworld-ippc04-fixed-p03,PDB,FTVI,5,0.0770314,0.016692422564206,156.0,15.935173673355427,135.2,25.745478515653964,,,,,
(ExBW),exploding-blocksworld-ippc04-fixed-p04,PDB,FTVI,5,0.7535993999999999,0.0266353713666578,125464.6,266.378782518428,1713.8,257.58337598533024,,,,,
(ExBW),exploding-blocksworld-ippc04-fixed-p05,PDB,FTVI,5,0.081623,0.0134676339174362,0.0,0.0,0.0,0.0,,,,,trivial (s0 in G)
(ExBW),exploding-blocksworld-ippc04-fixed-p06,PDB,FTVI,5,0.5125966,0.0167400091262608,21829.4,1393.5402344589838,16318.8,1300.0407405554645,,,,,
(ExBW),exploding-blocksworld-ippc04-fixed-p07,PDB,FTVI,2,7.617183000000001,0.4555941599999998,470851.5,28909.02,255977.0,30113.44,,,,,
(ExBW),exploding-blocksworld-ippc04-fixed-p08,PDB,FTVI,5,1.2034372,0.1556577633697452,68729.0,8340.415177781018,67491.8,8913.652789059264,,,,,
(ExBW),exploding-blocksworld-ippc04-fixed-p09,PDB,FTVI,0,,,,,,,,,,,
(ExBW),exploding-blocksworld-ippc04-fixed-p10,PDB,FTVI,0,,,,,,,,,,,
(ExBW),exploding-blocksworld-ippc08-fixed-p01-n2-N5-s1,PDB,FTVI,5,1.2666212,0.019689761580998,154841.8,29.92066951122584,4319.2,0.9601999791710056,,,,,
(ExBW),exploding-blocksworld-ippc08-fixed-p02-n3-N5-s2,PDB,FTVI,5,191.1691648,5.21424901601846,2072872.2,1291.0776639319572,86348.6,4.045394418347857,,,,,
(ExBW),exploding-blocksworld-ippc08-fixed-p03-n3-N6-s3,PDB,FTVI,0,,,,,,,,,,,
(ExBW),exploding-blocksworld-ippc08-fixed-p04-n4-N6-s4,PDB,FTVI,0,,,,,,,,,,,
(ExBW),exploding-blocksworld-ippc08-fixed-p05-n5-N7-s5,PDB,FTVI,5,0.1332938,0.0145070832608206,1800.0,445.0443174336687,1632.2,407.23894988569054,,,,,
(ExBW),exploding-blocksworld-ippc08-fixed-p06-n6-N8-s6,PDB,FTVI,0,,,,,,,,,,,
(ExBW),exploding-blocksworld-ippc08-fixed-p07-n7-N9-s7,PDB,FTVI,5,0.3079083999999999,0.0559795747667359,8916.2,3502.3990965142734,8171.8,3310.923141298209,,,,,
(ExBW),exploding-blocksworld-ippc08-fixed-p08-n8-N10-s8,PDB,FTVI,0,,,,,,,,,,,
(ExBW),exploding-blocksworld-ippc08-fixed-p09-n9-N11-s9,PDB,FTVI,0,,,,,,,,,,,
(ExBW),exploding-blocksworld-ippc08-fixed-p10-n10-N12-s10,PDB,FTVI,0,,,,,,,,,,,
(ExBW),exploding-blocksworld-ippc08-fixed-p11-n11-N13-s11,PDB,FTVI,0,,,,,,,,,,,
(Rand),random-ippc04-p03-problem,PDB,FTVI,0,,,,,,,,,,,
(Rand),random-ippc04-p04-problem,PDB,FTVI,5,0.3429722,0.0161204601795576,557.0,0.0,231.2,6.658232798573507,,,,,
(Rand),random-ippc04-p05-problem,PDB,FTVI,5,1.1104842,0.1574089025335872,998.6,247.73159462611943,927.0,221.64731733093453,,,,,
(Rand),random-ippc04-p06-problem,PDB,FTVI,0,,,,,,,,,,,
(Rand),random-ippc04-p07-problem,PDB,FTVI,3,0.272253,0.0027708420477055,297.0,140.1411421864876,233.33333333333331,6.434587097173456,,,,,
(Rand),random-ippc04-p08-problem,PDB,FTVI,0,,,,,,,,,,,
(Rand),random-ippc04-p09-problem,PDB,FTVI,5,2.4314802,0.9067810711370182,225068.6,144206.05665364303,142632.4,89567.42401564674,,,,,
(Rand),random-ippc04-p10-problem,PDB,FTVI,0,,,,,,,,,,,
(Rand),random-ippc04-p13-problem,PDB,FTVI,4,361.9268195,348.0979914870229,24838691.0,18359933.747130733,8360978.75,6576128.788315876,,,,,
(RectTW),rectangle-tireworld-ippc08-unit-cost-p01-x5-y5-h2-v2-u0-s1,PDB,FTVI,5,0.3816005999999999,0.088686860937527,473.4,27.77811685481937,49.0,0.0,,,,,
(RectTW),rectangle-tireworld-ippc08-unit-cost-p02-x5-y5-h2-v3-u15-s2,PDB,FTVI,5,0.3982046,0.0176701391382619,195.6,0.4800999895855028,34.0,0.0,,,,,unsolveable
(RectTW),rectangle-tireworld-ippc08-unit-cost-p03-x7-y7-h4-v3-u0-s3,PDB,FTVI,5,0.8768461999999999,0.0066305974801841,1007.6,24.28818840506636,94.4,1.592311527308648,,,,,
(RectTW),rectangle-tireworld-ippc08-unit-cost-p04-x7-y7-h3-v4-u20-s4,PDB,FTVI,5,0.944452,0.0048042012554679,3.0,0.0,5.0,0.0,,,,,unsolveable
(RectTW),rectangle-tireworld-ippc08-unit-cost-p05-x9-y9-h3-v5-u30-s5,PDB,FTVI,5,2.0833052000000003,0.0207083051644285,3.0,0.0,5.0,0.0,,,,,unsolveable
(RectTW),rectangle-tireworld-ippc08-unit-cost-p06-x11-y11-h4-v3-u40-s6,PDB,FTVI,5,6.612125000000001,0.1114853388522488,4060.4,91.9918853812661,220.0,4.512258857822764,,,,,
(RectTW),rectangle-tireworld-ippc08-unit-cost-p07-x11-y11-h3-v5-u80-s7,PDB,FTVI,5,4.455995,0.0636680448140507,3.0,0.0,5.0,0.0,,,,,unsolveable
(RectTW),rectangle-tireworld-ippc08-unit-cost-p08-x11-y11-h6-v7-u80-s8,PDB,FTVI,5,4.6169376,0.1869580145304664,3.0,0.0,5.0,0.0,,,,,unsolveable
(RectTW),rectangle-tireworld-ippc08-unit-cost-p09-x15-y15-h4-v4-u60-s9,PDB,FTVI,5,221.0030262,63.69065553636078,106707.2,1411.8797657251127,450.0,0.0,,,,,
(RectTW),rectangle-tireworld-ippc08-unit-cost-p10-x15-y15-h10-v10-u150-s10,PDB,FTVI,5,525.4209334,96.2598691133348,192944.0,11.776322006467042,244.0,0.0,,,,,unsolveable
(RectTW),rectangle-tireworld-ippc08-unit-cost-p11-x20-y20-h5-v5-u80-s11,PDB,FTVI,5,648.574953,39.81813812296426,30927.0,566.6905397481063,792.4,0.9994078246641857,,,,,
(RectTW),rectangle-tireworld-ippc08-unit-cost-p12-x20-y20-h15-v15-u300-s12,PDB,FTVI,0,,,,,,,,,,,unsolveable
(RectTW),rectangle-tireworld-ippc08-unit-cost-p14-x30-y30-h25-v20-u700-s14,PDB,FTVI,0,,,,,,,,,,,unsolveable
(Sched),schedule-ippc04-p01,PDB,FTVI,5,0.070869,0.0044686482693539,856.0,0.0,40.0,0.0,,,,,
(Sched),schedule-ippc04-p02,PDB,FTVI,5,0.0603622,0.0064638219915761,1388.0,0.0,40.0,0.0,,,,,
(Sched),schedule-ippc04-p03,PDB,FTVI,5,0.0928914,0.0063349730180906,3220.0,0.0,55.0,0.0,,,,,
(Sched),schedule-ippc04-p04,PDB,FTVI,0,,,,,,,,,,,
(Sched),schedule-ippc04-p05,PDB,FTVI,0,,,,,,,,,,,
(Sched),schedule-ippc08-p01,PDB,FTVI,5,0.0674548,0.0071810686763171,1020.0,0.0,55.0,0.0,,,,,
(Sched),schedule-ippc08-p02,PDB,FTVI,5,0.0704062,0.0064141490192779,1660.0,0.0,55.0,0.0,,,,,
(Sched),schedule-ippc08-p03,PDB,FTVI,5,0.1040732,0.0076724379226256,3696.0,0.0,72.0,0.0,,,,,
(Sched),schedule-ippc08-p04,PDB,FTVI,0,,,,,,,,,,,
(S&R),search-and-rescue-ippc08-strips-p01-z4,PDB,FTVI,5,0.3508484,0.0120026595094493,241511.4,5271.234786037897,1141.0,0.0,,,,,
(S&R),search-and-rescue-ippc08-strips-p02-z5,PDB,FTVI,5,1.6705698000000002,0.0402250659104979,1029247.8,11759.260393609116,4588.2,124.16627071793692,,,,,
(S&R),search-and-rescue-ippc08-strips-p03-z6,PDB,FTVI,5,9.5541998,0.115245541154437,3830462.0,16398.97851323673,16512.0,0.0,,,,,
(S&R),search-and-rescue-ippc08-strips-p04-z8,PDB,FTVI,5,993.6315976,127.2441297988762,56847718.4,42965.004309320575,189246.0,0.0,,,,,
(S&R),search-and-rescue-ippc08-strips-p05-z10,PDB,FTVI,0,,,,,,,,,,,
(Sys),sysadmin-ippc08-unit-cost-p01,PDB,FTVI,5,0.0843434,0.0070772324916746,8139.6,62.66055933360314,502.0,0.0,,,,,
(Sys),sysadmin-ippc08-unit-cost-p02,PDB,FTVI,5,0.1951928,0.0228520124406736,36172.4,203.32258176602028,1614.0,0.0,,,,,
(Sys),sysadmin-ippc08-unit-cost-p03,PDB,FTVI,5,0.7058782,0.0147999861566713,137039.0,1104.795340395677,4724.0,0.0,,,,,
(Sys),sysadmin-ippc08-unit-cost-p04,PDB,FTVI,5,33.6203882,5.716093994956483,1630330.0,4866.114582539132,33132.0,0.0,,,,,
(TriTW),triangle-tireworld-ippc08-p01,PDB,FTVI,5,0.0426464,0.0103352268521332,80.0,0.0,47.0,0.0,,,,,
(TriTW),triangle-tireworld-ippc08-p02,PDB,FTVI,5,0.0533046,0.0040904838238936,1265.6,17.690017976248637,770.0,27.74629056288425,,,,,
(TriTW),triangle-tireworld-ippc08-p03,PDB,FTVI,5,0.2552185999999999,0.0118454875715377,27812.4,790.9535255727734,15036.0,295.986608075433,,,,,
(TriTW),triangle-tireworld-ippc08-p04,PDB,FTVI,5,6.5326516,0.2617764819050754,604118.8,4592.981522686979,276696.6,7616.970993749154,,,,,
(TriTW),triangle-tireworld-ippc08-p05,PDB,FTVI,5,333.3439962,7.912492796840269,15253847.8,245018.45573377475,6280003.8,181893.29448636083,,,,,
(Zeno),zenotravel-ippc04-unit-cost_NO_FORALLS-p01-problem,PDB,FTVI,5,0.167124,0.0119741327169862,0.0,0.0,0.0,0.0,,,,,trivial (s0 in G)
(Zeno),zenotravel-ippc04-unit-cost_NO_FORALLS-p02-problem,PDB,FTVI,0,,,,,,,,,,,
(Zeno),zenotravel-ippc04-unit-cost_NO_FORALLS-p03-problem,PDB,FTVI,0,,,,,,,,,,,
(Zeno),zenotravel-ippc04-unit-cost_NO_FORALLS-p04-problem,PDB,FTVI,0,,,,,,,,,,,
(Zeno),zenotravel-ippc04-unit-cost_NO_FORALLS-p05-problem,PDB,FTVI,0,,,,,,,,,,,
(Zeno),zenotravel-ippc08-unit-cost_NO_FORALLS-p01-c4-p2-a2-s3846-problem,PDB,FTVI,0,,,,,,,,,,,
(Zeno),zenotravel-ippc08-unit-cost_NO_FORALLS-p02-c5-p2-a2-s17462-problem,PDB,FTVI,0,,,,,,,,,,,
(Zeno),zenotravel-ippc08-unit-cost_NO_FORALLS-p04-c6-p2-a2-s12861-problem,PDB,FTVI,0,,,,,,,,,,,
(Coresec),coresec-icaps16-bigger-p01-problem,PDB,FTVI,5,0.0764008,0.0089065716366952,4490.0,69.66966054173078,1635.2,16.77375282994238,,,,,
(Coresec),coresec-icaps16-bigger-p02-problem,PDB,FTVI,5,0.0741204,0.0045959695834781,4902.6,56.33968775206338,2318.8,53.21463167212566,,,,,
(Coresec),coresec-icaps16-bigger-p03-problem,PDB,FTVI,5,0.3774536,0.0064465108730673,92735.4,355.12939221641454,15938.2,39.14311873113842,,,,,
(Coresec),coresec-icaps16-bigger-p04-problem,PDB,FTVI,5,0.4294968,0.0089689655339143,98561.6,457.08006853941896,25184.8,117.16374415321488,,,,,
(Coresec),coresec-icaps16-bigger-p05-problem,PDB,FTVI,0,,,,,,,,,,,
(Coresec),coresec-icaps16-bigger-p06-problem,PDB,FTVI,0,,,,,,,,,,,
(Coresec),coresec-icaps16-bigger-p07-problem,PDB,FTVI,0,,,,,,,,,,,
(PARC-N),no-repair-parc_NOREPAIR_s4_c1_fN.N_uN-facts,PDB,FTVI,0,,,,,,,,,,,
(PARC-N),no-repair-parc_NOREPAIR_s4_c2_fN.N_uN-facts,PDB,FTVI,0,,,,,,,,,,,
(PARC-N),no-repair-parc_NOREPAIR_s4_c3_fN.N_uN-facts,PDB,FTVI,0,,,,,,,,,,,
(PARC-N),no-repair-parc_NOREPAIR_s5_c1_fN.N_uN-facts,PDB,FTVI,0,,,,,,,,,,,
(PARC-N),no-repair-parc_NOREPAIR_s5_c2_fN.N_uN-facts,PDB,FTVI,0,,,,,,,,,,,
(PARC-N),no-repair-parc_NOREPAIR_s5_c3_fN.N_uN-facts,PDB,FTVI,0,,,,,,,,,,,
(PARC-R),with-repair-parc_REPAIR_s4_c1_fN.N_uN-facts,PDB,FTVI,0,,,,,,,,,,,
(PARC-R),with-repair-parc_REPAIR_s4_c2_fN.N_uN-facts,PDB,FTVI,0,,,,,,,,,,,
(PARC-R),with-repair-parc_REPAIR_s4_c3_fN.N_uN-facts,PDB,FTVI,0,,,,,,,,,,,
(PARC-R),with-repair-parc_REPAIR_s5_c1_fN.N_uN-facts,PDB,FTVI,0,,,,,,,,,,,
(PARC-R),with-repair-parc_REPAIR_s5_c2_fN.N_uN-facts,PDB,FTVI,0,,,,,,,,,,,
(PARC-R),with-repair-parc_REPAIR_s5_c3_fN.N_uN-facts,PDB,FTVI,0,,,,,,,,,,,
(TriTW),intermediate-triangle-tireworld-tire6-start10,ROC,iLAO*,0,,,,,,,,,,,
(TriTW),intermediate-triangle-tireworld-tire6-start8,ROC,iLAO*,5,790.1476818,23.18614401748003,64206265.6,3625733.781220045,1161839.2,20426.79784808338,737915.2,8603.520263272703,1177173.0,18309.187048443197,
(TriTW),intermediate-triangle-tireworld-tire6-start9,ROC,iLAO*,0,,,,,,,,,,,
(BW),blocksworld-ippc04-p01,ROC,iLAO*,5,0.2319614,0.0111353171870448,6782.6,380.19231041145474,347.0,9.255683659244196,117.8,3.739441669554427,489.0,16.996714976724178,
(BW),blocksworld-ippc04-p02,ROC,iLAO*,5,0.189991,0.0067660546492974,4835.4,206.58028080143563,291.4,10.270848845153935,100.8,2.729964102328087,421.0,15.156770104478063,
(BW),blocksworld-ippc04-p03,ROC,iLAO*,5,0.1390235999999999,0.0156797282019943,1394.4,371.2333135051325,103.6,29.187552415370487,31.0,8.315575746753797,126.4,36.04268935581805,
(BW),blocksworld-ippc04-p04,ROC,iLAO*,5,0.3105542,0.0181167374060183,13984.8,142.0011545868554,593.4,10.437805133264368,217.2,1.7963696724226892,956.4,14.155488546849943,
(BW),blocksworld-ippc04-p05,ROC,iLAO*,5,0.1723626,0.0119203444391349,3070.4,91.77656833854708,209.4,17.003494229128314,65.0,5.7478482930571495,273.4,27.40217392835831,
(BW),blocksworld-ippc04-p06,ROC,iLAO*,5,79.40169540000001,4.544878288223966,1356863.0,75168.01244330782,67860.0,558.5116210787381,14467.8,120.99631029085144,100430.0,765.260659069836,
(BW),blocksworld-ippc04-p07,ROC,iLAO*,0,,,,,,,,,,,
(BW),blocksworld-ippc04-p08,ROC,iLAO*,5,23.1386186,0.4667218342711782,697748.8,21201.523549471247,15796.8,307.75832372821367,2963.2,77.2608034128561,22220.8,560.4652129650866,
(BW),blocksworld-ippc04-p09,ROC,iLAO*,5,16.7064264,1.1278334241979422,373750.8,5555.199595383049,12570.4,244.37718276467623,2218.4,35.844965281054456,17093.6,288.06239424124766,
(BW),blocksworld-ippc04-p10,ROC,iLAO*,5,202.4177728,6.80538617636055,3880852.8,39532.9671917389,169805.0,1610.508874362386,35600.6,245.4289429060884,249229.2,1768.774783601349,
(BW),blocksworld-ippc08-p01-c0-C0-g1-n5,ROC,iLAO*,5,0.1602854,0.0138910730674147,3501.2,487.37692787410447,178.4,18.98874866861953,92.0,11.88994869627283,293.8,39.31449279845793,
(BW),blocksworld-ippc08-p02-c1-C1-g20-n5,ROC,iLAO*,5,0.1670811999999999,0.0129061979392501,3501.2,487.37692787410447,178.4,18.98874866861953,92.0,11.88994869627283,293.8,39.31449279845793,
(BW),blocksworld-ippc08-p03-c1-C2-g40-n5,ROC,iLAO*,5,0.1670804,0.0148601302252791,3501.2,487.37692787410447,178.4,18.98874866861953,92.0,11.88994869627283,293.8,39.31449279845793,
(BW),blocksworld-ippc08-p04-c2-C1-g0-n5,ROC,iLAO*,5,0.1609352,0.0119847503040916,3501.2,487.37692787410447,178.4,18.98874866861953,92.0,11.88994869627283,293.8,39.31449279845793,
(BW),blocksworld-ippc08-p05-c0-C0-g1-n10,ROC,iLAO*,5,427.3579902,17.481614759209265,9657742.2,119994.87169327152,320160.0,577.4430774370751,102766.4,219.63424527154228,597489.6,1631.9597940929796,
(BW),blocksworld-ippc08-p06-c1-C1-g20-n10,ROC,iLAO*,5,427.0325118,18.083304638812915,9657742.2,119994.87169327152,320160.0,577.4430774370751,102766.4,219.63424527154228,597489.6,1631.9597940929796,
(BW),blocksworld-ippc08-p07-c1-C2-g0-n10,ROC,iLAO*,5,423.2576604,16.807974039819204,9657742.2,119994.87169327152,320160.0,577.4430774370751,102766.4,219.63424527154228,597489.6,1631.9597940929796,
(BW),blocksworld-ippc08-p08-c3-C2-g0-n10,ROC,iLAO*,5,436.0207988,29.77073963873713,9657742.2,119994.87169327152,320160.0,577.4430774370751,102766.4,219.63424527154228,597489.6,1631.9597940929796,
(BW),blocksworld-ippc08-p09-c0-C0-g1-n14,ROC,iLAO*,5,352.2033104,31.35771959438633,1468559.0,104011.76642378804,77315.8,5021.049922259685,12172.2,797.072359214645,102326.4,6804.3446945445085,
(BW),blocksworld-ippc08-p10-c1-C1-g20-n14,ROC,iLAO*,5,366.8951388,49.73538135308153,1468559.0,104011.76642378804,77315.8,5021.049922259685,12172.2,797.072359214645,102326.4,6804.3446945445085,
(BW),blocksworld-ippc08-p11-c1-C2-g0-n14,ROC,iLAO*,5,353.1623992,35.1834261756552,1468559.0,104011.76642378804,77315.8,5021.049922259685,12172.2,797.072359214645,102326.4,6804.3446945445085,
(BW),blocksworld-ippc08-p12-c3-C2-g0-n14,ROC,iLAO*,5,318.261517,32.55134475086315,1468559.0,104011.76642378804,77315.8,5021.049922259685,12172.2,797.072359214645,102326.4,6804.3446945445085,
(Elev),elevators-ippc04-p01,ROC,iLAO*,5,0.1784582,0.0112027164218926,61132.8,5062.002202866372,754.2,19.90534159465745,621.2,36.780171614607774,2751.4,152.75631920153089,
(Elev),elevators-ippc04-p02,ROC,iLAO*,5,0.0800244,0.0102733718614024,3181.4,150.0771372861303,119.2,2.092707337398137,66.8,1.1428665713896788,300.2,6.022018266328988,
(Elev),elevators-ippc04-p03,ROC,iLAO*,5,0.1931174,0.0183869669740829,69344.2,3593.3269876792456,721.8,18.021344677909024,600.6,24.935945460318923,2648.4,106.2070450393946,
(Elev),elevators-ippc04-p04,ROC,iLAO*,5,0.161706,0.0127679340073294,39914.4,1819.8638102275672,553.4,15.42807622485707,421.6,11.201189936787964,1875.8,53.37681354296076,
(Elev),elevators-ippc04-p05,ROC,iLAO*,5,0.140187,0.0252363461910443,27394.4,3461.625777338734,511.6,42.44927438720242,349.2,36.78539362301292,1552.6,158.49675459137956,
(Elev),elevators-ippc04-p06,ROC,iLAO*,5,2.0475646000000003,0.0882481296873642,773937.8,68560.82536681063,5912.0,258.7081209394092,4392.8,182.78027263356404,20548.6,876.2422393470883,
(Elev),elevators-ippc04-p07,ROC,iLAO*,5,2.1318804,0.1009432484985393,826740.8,40744.61563558336,5738.8,244.5326037648149,4464.4,221.36514544074004,20795.2,996.8677152280536,
(Elev),elevators-ippc04-p08,ROC,iLAO*,5,8.458021800000001,0.1123252256071013,3862462.2,59030.63386741145,14386.0,29.84095977008782,13811.2,60.12889009452944,63142.6,272.37484688568435,
(Elev),elevators-ippc04-p09,ROC,iLAO*,5,5.8984202,0.075611209117865,2704493.6,46295.487130811525,11747.6,104.23736266809516,10852.0,88.16297000441851,49518.8,422.9993334084582,
(Elev),elevators-ippc04-p10,ROC,iLAO*,5,22.4780302,0.3037542745168818,11472573.0,280337.311473822,14696.2,16.42662424236946,14454.2,31.196649563695136,65845.6,147.55246584181504,
(Elev),elevators-ippc04-p11,ROC,iLAO*,5,918.237676,30.20132540397864,351303197.6,9568800.569611575,511155.2,1845.294293857757,492986.0,2336.619078172564,2951081.6,13904.779978632385,
(Elev),elevators-ippc04-p12,ROC,iLAO*,5,179.3001816,8.102990814982274,70528957.2,2040993.7086561024,221135.0,1550.2343665910648,179359.2,1281.9029941707756,1087695.0,8361.12979101748,
(Elev),elevators-ippc04-p13,ROC,iLAO*,0,,,,,,,,,,,
(Elev),elevators-ippc04-p14,ROC,iLAO*,5,527.2731602,17.43660252319399,202878823.6,6359249.102154574,444157.8,2226.0673919861456,414296.0,2686.4481726770755,2484346.0,16974.883038574375,
(Elev),elevators-ippc04-p15,ROC,iLAO*,4,1537.30969325,69.67436738953158,493072203.0,14866575.16705672,525698.75,167.13789147487373,513039.0,170.54440438392186,3069532.0,959.0433751747972,
(ExBW),exploding-blocksworld-ippc04-fixed-p01,ROC,iLAO*,5,0.0862594,0.0181678792312613,362.0,0.0,64.0,0.0,15.0,0.0,47.0,0.0,
(ExBW),exploding-blocksworld-ippc04-fixed-p02,ROC,iLAO*,5,0.0797976,0.0174971141392612,182.6,12.482599729223072,41.0,2.400499947927514,9.2,0.960199979171006,29.6,2.880599937513017,
(ExBW),exploding-blocksworld-ippc04-fixed-p03,ROC,iLAO*,5,0.0759884,0.0196117629147309,509.2,24.11994825865097,93.6,6.635113864885816,17.8,1.1428665713896788,66.0,3.870689860993774,
(ExBW),exploding-blocksworld-ippc04-fixed-p04,ROC,iLAO*,5,0.3178222,0.022874444720648,97370.0,5379.719617898315,712.6,22.532329129497462,238.6,5.058167257021064,586.6,12.544,
(ExBW),exploding-blocksworld-ippc04-fixed-p05,ROC,iLAO*,5,0.0746237999999999,0.0093598051538899,0.0,0.0,0.0,0.0,,,,,trivial (s0 in G)
(ExBW),exploding-blocksworld-ippc04-fixed-p06,ROC,iLAO*,5,0.5991624,0.0454630914536785,19902.4,1246.0721542254284,1780.4,131.55615780342626,405.8,25.210202379195607,1414.8,101.03871289758196,
(ExBW),exploding-blocksworld-ippc04-fixed-p07,ROC,iLAO*,5,16.8071608,0.4141490997447081,1908730.2,16315.766088023694,41025.6,504.15436835953335,7728.8,187.3665688003065,33070.4,655.5798905518685,
(ExBW),exploding-blocksworld-ippc04-fixed-p08,ROC,iLAO*,5,0.963242,0.0260117577259331,14863.0,350.4729923974171,2821.8,92.17919800041656,350.4,7.681599833368045,1948.6,49.93039891689229,
(ExBW),exploding-blocksworld-ippc04-fixed-p09,ROC,iLAO*,5,90.3919632,7.4587367355231216,16004916.2,2516268.600506389,171253.0,1262.2585650808633,36389.0,97.6308246405816,145834.2,464.65412072206993,
(ExBW),exploding-blocksworld-ippc04-fixed-p10,ROC,iLAO*,5,881.0670131999999,28.887217640926277,112737005.4,725348.3540489335,707096.6,7005.115037874539,174302.6,1697.7303000229451,623644.2,5051.877791687363,
(ExBW),exploding-blocksworld-ippc08-fixed-p01-n2-N5-s1,ROC,iLAO*,5,0.1030148,0.0202715262245244,1968.6,2.8805999375130176,199.8,1.900290504107201,52.0,0.0,154.0,1.0735362127101256,
(ExBW),exploding-blocksworld-ippc08-fixed-p02-n3-N5-s2,ROC,iLAO*,5,0.3041142,0.0168930868013937,94169.2,1921.2255928505635,792.6,23.44310764382572,315.8,3.0616178729554084,707.0,11.190896300118233,
(ExBW),exploding-blocksworld-ippc08-fixed-p03-n3-N6-s3,ROC,iLAO*,5,0.4251932,0.0407496070291263,120061.8,23259.624951670736,885.0,1.96,228.6,0.7839999999999999,683.8,2.3519999999999994,
(ExBW),exploding-blocksworld-ippc08-fixed-p04-n4-N6-s4,ROC,iLAO*,5,0.5558604,0.0222315076985492,93279.4,1666.7804275596711,1474.2,23.30999579579541,482.0,8.743445545092621,1339.8,24.995956152946015,
(ExBW),exploding-blocksworld-ippc08-fixed-p05-n5-N7-s5,ROC,iLAO*,5,0.1084918,0.0130333586132717,625.0,54.88,93.2,1.5679999999999998,24.6,0.7839999999999999,78.0,1.96,
(ExBW),exploding-blocksworld-ippc08-fixed-p06-n6-N8-s6,ROC,iLAO*,5,0.4391626,0.0113188936436215,35504.4,217.9689202065285,1154.8,25.03434888308461,299.0,4.800999895855028,955.0,19.21399906318307,
(ExBW),exploding-blocksworld-ippc08-fixed-p07-n7-N9-s7,ROC,iLAO*,5,0.4878558,0.069976163573303,11528.4,1276.3729482310412,1597.8,278.21880695596406,218.0,37.43548690747858,1126.0,197.79206738390693,
(ExBW),exploding-blocksworld-ippc08-fixed-p08-n8-N10-s8,ROC,iLAO*,5,263.6652788,5.77670351883784,31845901.8,148473.77844561313,157492.0,4900.869731612951,34174.0,698.8371685593146,126037.6,2705.042972275302,
(ExBW),exploding-blocksworld-ippc08-fixed-p09-n9-N11-s9,ROC,iLAO*,5,25.2662258,1.0456101071734456,2437742.0,90484.28604175732,27516.4,677.3031199219445,5775.4,93.62483226153198,20441.2,363.116330759166,
(ExBW),exploding-blocksworld-ippc08-fixed-p10-n10-N12-s10,ROC,iLAO*,0,,,,,,,,,,,
(ExBW),exploding-blocksworld-ippc08-fixed-p11-n11-N13-s11,ROC,iLAO*,5,519.2924322,4.68273336269374,26664825.0,112924.796007792,1467414.8,6867.881879210212,288142.4,1206.8550353112007,1192964.6,6083.072009129597,
(Rand),random-ippc04-p03-problem,ROC,iLAO*,5,0.2643044,0.0463759379062747,3648.0,0.0,298.0,0.0,8.0,0.0,384.0,0.0,
(Rand),random-ippc04-p04-problem,ROC,iLAO*,5,0.4908515999999999,0.0143634400066591,3341.0,0.0,227.2,6.658232798573507,2.0,0.0,557.0,0.0,
(Rand),random-ippc04-p05-problem,ROC,iLAO*,5,45.5180832,15.907973572031633,41349.0,3121.223291365102,11401.6,862.919599833032,59.8,5.16340042994924,13742.0,1242.554362979745,
(Rand),random-ippc04-p06-problem,ROC,iLAO*,5,1.5571388,0.0636615419124009,21854.4,1070.8101922264282,609.6,52.31988623840842,16.0,0.0,1130.4,52.72217840719407,
(Rand),random-ippc04-p07-problem,ROC,iLAO*,5,0.6343715999999999,0.2784355518908398,3197.0,2230.874204180953,719.6,590.0572105957184,7.8,4.973922395856212,706.6,582.0423207430881,
(Rand),random-ippc04-p08-problem,ROC,iLAO*,0,,,,,,,,,,,
(Rand),random-ippc04-p09-problem,ROC,iLAO*,5,5.3594868,2.1877902245337943,24263.0,5106.619522713631,2409.8,590.3555790064154,3.6,0.7839999999999999,3689.8,953.7871133035924,
(Rand),random-ippc04-p10-problem,ROC,iLAO*,3,1713.1024006666669,49.3825174356874,75076235.66666667,11365768.489910793,1689397.6666666667,88947.65556167315,8203.333333333334,424.6048467824068,5528365.333333333,250639.1465959408,
(Rand),random-ippc04-p13-problem,ROC,iLAO*,5,59.5278436,12.574854564348698,237458.4,36684.766749517374,20618.6,3160.8991523451045,26.2,3.9880100300776578,48143.4,7393.60420598885,
(RectTW),rectangle-tireworld-ippc08-unit-cost-p01-x5-y5-h2-v2-u0-s1,ROC,iLAO*,5,0.207109,0.0087361274040068,3284.2,521.0734370355103,49.0,0.0,24.0,0.0,141.0,0.0,
(RectTW),rectangle-tireworld-ippc08-unit-cost-p02-x5-y5-h2-v3-u15-s2,ROC,iLAO*,5,0.2123412,0.0219872963309976,1664.0,12.002499739637573,34.0,0.0,11.0,0.0,105.0,0.0,unsolveable
(RectTW),rectangle-tireworld-ippc08-unit-cost-p03-x7-y7-h4-v3-u0-s3,ROC,iLAO*,5,0.6229958,0.0349992386699948,7905.2,125.09100201053631,97.0,0.0,48.0,0.0,309.0,0.0,
(RectTW),rectangle-tireworld-ippc08-unit-cost-p04-x7-y7-h3-v4-u20-s4,ROC,iLAO*,5,0.4407606,0.0015238803494553,9.0,0.0,5.0,0.0,1.0,0.0,3.0,0.0,unsolveable
(RectTW),rectangle-tireworld-ippc08-unit-cost-p05-x9-y9-h3-v5-u30-s5,ROC,iLAO*,5,1.0660954,0.0229004857576798,9.0,0.0,5.0,0.0,1.0,0.0,3.0,0.0,unsolveable
(RectTW),rectangle-tireworld-ippc08-unit-cost-p06-x11-y11-h4-v3-u40-s6,ROC,iLAO*,5,12.4729364,0.9114190067666348,42269.6,2122.713625587776,241.0,0.0,115.0,0.0,809.0,0.0,
(RectTW),rectangle-tireworld-ippc08-unit-cost-p07-x11-y11-h3-v5-u80-s7,ROC,iLAO*,5,2.5923646,0.0664741995081744,9.0,0.0,5.0,0.0,1.0,0.0,3.0,0.0,unsolveable
(RectTW),rectangle-tireworld-ippc08-unit-cost-p08-x11-y11-h6-v7-u80-s8,ROC,iLAO*,5,2.6201308,0.0682906904464207,9.0,0.0,5.0,0.0,1.0,0.0,3.0,0.0,unsolveable
(RectTW),rectangle-tireworld-ippc08-unit-cost-p09-x15-y15-h4-v4-u60-s9,ROC,iLAO*,5,347.2251486,136.2253797307589,296117.2,6810.732346165425,450.0,0.0,223.0,0.0,2050.0,0.0,
(RectTW),rectangle-tireworld-ippc08-unit-cost-p10-x15-y15-h10-v10-u150-s10,ROC,iLAO*,3,1087.0978753333334,137.20442377245274,4660792.0,884100.830219001,244.0,0.0,24.666666666666668,0.6533333333333334,1401.0,147.0,unsolveable
(RectTW),rectangle-tireworld-ippc08-unit-cost-p11-x20-y20-h5-v5-u80-s11,ROC,iLAO*,0,,,,,,,,,,,
(RectTW),rectangle-tireworld-ippc08-unit-cost-p12-x20-y20-h15-v15-u300-s12,ROC,iLAO*,0,,,,,,,,,,,unsolveable
(RectTW),rectangle-tireworld-ippc08-unit-cost-p14-x30-y30-h25-v20-u700-s14,ROC,iLAO*,0,,,,,,,,,,,unsolveable
(Sched),schedule-ippc04-p01,ROC,iLAO*,5,0.0705822,0.009349794892436,8084.8,1029.885986575213,40.0,0.0,20.0,0.0,36.0,0.0,
(Sched),schedule-ippc04-p02,ROC,iLAO*,5,0.087864,0.0132916086318067,12952.0,1716.2187989181332,40.0,0.0,20.0,0.0,36.0,0.0,
(Sched),schedule-ippc04-p03,ROC,iLAO*,5,0.138204,0.0150098234417277,37790.0,3735.124437016791,55.0,0.0,25.0,0.0,50.0,0.0,
(Sched),schedule-ippc04-p04,ROC,iLAO*,5,57.3213846,1.8118447941638236,23782494.4,1098794.9291132374,66009.8,578.02038294856,35180.2,458.5161849967785,105236.2,1058.0731739837277,
(Sched),schedule-ippc04-p05,ROC,iLAO*,0,,,,,,,,,,,
(Sched),schedule-ippc08-p01,ROC,iLAO*,5,0.0893698,0.0086947850568708,12590.0,1168.7912388446448,55.0,0.0,25.0,0.0,50.0,0.0,
(Sched),schedule-ippc08-p02,ROC,iLAO*,5,0.1038918,0.0067383757110021,20230.0,1943.6639215666885,55.0,0.0,25.0,0.0,50.0,0.0,
(Sched),schedule-ippc08-p03,ROC,iLAO*,5,0.1993276,0.0057391675866466,54290.4,2251.607325537914,72.0,0.0,30.0,0.0,66.0,0.0,
(Sched),schedule-ippc08-p04,ROC,iLAO*,0,,,,,,,,,,,
(S&R),search-and-rescue-ippc08-strips-p01-z4,ROC,iLAO*,5,0.5212654000000001,0.0205402842928392,612775.6,8284.82117868672,1117.2,1.1428665713896788,816.6,3.800581008214402,2308.8,1.900290504107201,
(S&R),search-and-rescue-ippc08-strips-p02-z5,ROC,iLAO*,5,1.9639636,0.0295877168453035,2523170.2,28402.223887135035,4011.2,2.658673353385105,2895.8,12.1203458696524,9827.4,6.0601729348262,
(S&R),search-and-rescue-ippc08-strips-p03-z6,ROC,iLAO*,5,7.8418616,0.3711314561902952,9922295.6,23546.884153819075,13976.0,8.338642575383597,10021.8,14.646328686739212,39633.4,7.323164343369606,
(S&R),search-and-rescue-ippc08-strips-p04-z8,ROC,iLAO*,5,127.8003708,2.7974294852500945,143528151.8,785061.8726664823,160401.6,30.139421626832853,114249.0,76.1126323286746,578717.0,38.0563161643373,
(S&R),search-and-rescue-ippc08-strips-p05-z10,ROC,iLAO*,0,,,,,,,,,,,
(Sys),sysadmin-ippc08-unit-cost-p01,ROC,iLAO*,5,0.1956551999999999,0.0047359511432344,56367.6,643.2589212564409,443.0,0.0,428.0,0.0,485.0,0.0,
(Sys),sysadmin-ippc08-unit-cost-p02,ROC,iLAO*,5,0.8136184,0.0922860353834018,326790.6,48207.10988565168,1565.0,0.0,1539.0,0.0,1727.0,0.0,
(Sys),sysadmin-ippc08-unit-cost-p03,ROC,iLAO*,5,3.3882053999999995,0.5144750677873275,1399665.4,256725.92208043984,4710.0,0.0,4677.0,0.0,5232.0,0.0,
(Sys),sysadmin-ippc08-unit-cost-p04,ROC,iLAO*,5,59.7564928,19.345692307292417,19326611.0,3939064.533338781,33092.6,1.920399958342012,33037.8,1.900290504107201,37062.8,1.900290504107201,
(TriTW),triangle-tireworld-ippc08-p01,ROC,iLAO*,5,0.0411959999999999,0.0077015939569831,546.6,2.8805999375130176,45.8,0.9601999791710056,24.4,0.4800999895855028,35.8,0.9601999791710056,
(TriTW),triangle-tireworld-ippc08-p02,ROC,iLAO*,5,0.1101042,0.0124869286403304,6522.6,76.15703523641135,408.6,8.534444094374276,234.0,4.46948766638862,383.0,8.52092952675939,
(TriTW),triangle-tireworld-ippc08-p03,ROC,iLAO*,5,1.065354,0.0213393815130579,112252.0,2149.5144051436364,4553.4,65.20823089150632,2767.0,35.69676063734635,4619.0,65.8775797976823,
(TriTW),triangle-tireworld-ippc08-p04,ROC,iLAO*,5,23.2754142,1.1804117194852517,2945598.6,68516.26359577246,55426.0,881.8290278733174,33539.4,377.70710400520665,55344.4,530.3491996185155,
(TriTW),triangle-tireworld-ippc08-p05,ROC,iLAO*,5,697.0577794,10.665312680057356,75017748.8,231100.13250642,751473.6,12357.288968783403,469281.6,8226.346365910933,760765.0,17669.991718766592,
(Zeno),zenotravel-ippc04-unit-cost_NO_FORALLS-p01-problem,ROC,iLAO*,5,0.1637163999999999,0.0035869295718672,0.0,0.0,0.0,0.0,,,,,trivial (s0 in G)
(Zeno),zenotravel-ippc04-unit-cost_NO_FORALLS-p02-problem,ROC,iLAO*,5,384.497795,3.819181589189575,58904080.6,34435.044426719935,302027.2,697.823146580851,209787.4,68.50080828720198,1177951.8,1302.6270297456597,
(Zeno),zenotravel-ippc04-unit-cost_NO_FORALLS-p03-problem,ROC,iLAO*,0,,,,,,,,,,,
(Zeno),zenotravel-ippc04-unit-cost_NO_FORALLS-p04-problem,ROC,iLAO*,5,314.6186722,11.26472560326739,57121582.0,84070.032117416,335892.6,482.4354367747046,181997.2,132.24757776231667,1252957.4,3461.799118691898,
(Zeno),zenotravel-ippc04-unit-cost_NO_FORALLS-p05-problem,ROC,iLAO*,5,1664.1694584000002,31.90543643747672,241579712.6,217648.7276466457,820412.6,999.502687027904,547731.6,157.56937245543628,3784112.8,4007.532509310936,
(Zeno),zenotravel-ippc08-unit-cost_NO_FORALLS-p01-c4-p2-a2-s3846-problem,ROC,iLAO*,5,11.3340458,0.3025152748990305,2662562.2,4841.533045710212,23201.2,40.53647720263812,14174.2,28.236247342733066,70546.8,206.72788158349613,
(Zeno),zenotravel-ippc08-unit-cost_NO_FORALLS-p02-c5-p2-a2-s17462-problem,ROC,iLAO*,5,6.9153892,0.133498684372138,1379769.2,2480.1730646194837,14064.2,67.43767303221547,8185.4,8.23666534466467,45718.2,106.67586973631852,
(Zeno),zenotravel-ippc08-unit-cost_NO_FORALLS-p04-c6-p2-a2-s12861-problem,ROC,iLAO*,5,136.468292,1.763891380351544,27849198.2,40471.79924647264,181274.2,384.9593683286588,105372.8,47.48461544542611,606128.6,1859.208993291502,
(Coresec),coresec-icaps16-bigger-p01-problem,ROC,iLAO*,5,0.716699,0.0064380833387833,144352.2,851.5349421274501,8618.2,23.35116065637852,3409.8,17.676983453066875,27718.0,254.06998500413223,
(Coresec),coresec-icaps16-bigger-p02-problem,ROC,iLAO*,5,2.0990094,0.0369659042383451,483065.0,2079.1463452869298,25291.2,48.49722862185014,9510.2,52.24935046486224,91040.0,310.2532036901472,
(Coresec),coresec-icaps16-bigger-p03-problem,ROC,iLAO*,5,6.2993922,0.2996404136469976,1902242.4,1747.4371838369468,63519.8,84.86913163217825,30519.0,74.01173852842534,293715.8,762.640860945701,
(Coresec),coresec-icaps16-bigger-p04-problem,ROC,iLAO*,5,16.4902646,0.2857269918751872,4926904.8,19618.91202402172,171323.4,116.72881981755832,71296.2,123.43239082185842,794937.6,1661.1462646064613,
(Coresec),coresec-icaps16-bigger-p05-problem,ROC,iLAO*,5,370.5203414,8.122519051765007,104245201.4,152047.28111364023,2826923.0,1383.5805067721933,1080755.0,1129.577605372911,17058269.0,18711.46802739753,
(Coresec),coresec-icaps16-bigger-p06-problem,ROC,iLAO*,0,,,,,,,,,,,
(Coresec),coresec-icaps16-bigger-p07-problem,ROC,iLAO*,0,,,,,,,,,,,
(PARC-N),no-repair-parc_NOREPAIR_s4_c1_fN.N_uN-facts,ROC,iLAO*,5,14.3235916,0.5555476775728317,2945067.8,230239.9326650504,28638.6,718.8313293784571,7695.2,209.49952148871367,46777.0,1365.414273954978,
(PARC-N),no-repair-parc_NOREPAIR_s4_c2_fN.N_uN-facts,ROC,iLAO*,5,24.2748494,1.5817208730749106,5126713.0,415473.0044937988,38820.0,1276.1251290998073,10186.4,272.04108060364706,61532.2,1589.5216212382893,
(PARC-N),no-repair-parc_NOREPAIR_s4_c3_fN.N_uN-facts,ROC,iLAO*,5,41.3484212,3.2560777788634816,9346134.6,767825.5689109227,51359.2,2410.5081654257056,12615.0,526.5918543995909,74411.0,3037.0701222065977,
(PARC-N),no-repair-parc_NOREPAIR_s5_c1_fN.N_uN-facts,ROC,iLAO*,5,194.4956594,13.13372448292465,41577364.0,2390851.444540591,291482.4,10918.351669739162,62051.4,2272.652294552776,494447.8,18017.32387925532,
(PARC-N),no-repair-parc_NOREPAIR_s5_c2_fN.N_uN-facts,ROC,iLAO*,5,325.47313180000003,24.28380939923218,69568108.2,4558750.490120202,387820.4,20652.96624162485,81034.4,4502.927077332698,643352.0,33826.184828542515,
(PARC-N),no-repair-parc_NOREPAIR_s5_c3_fN.N_uN-facts,ROC,iLAO*,5,542.3349574,41.03134839780669,121371875.6,6434145.819448091,495936.6,35028.67529914678,97268.4,7319.235287734367,757947.8,54355.83830377068,
(PARC-R),with-repair-parc_REPAIR_s4_c1_fN.N_uN-facts,ROC,iLAO*,5,62.5508324,2.234297982801537,15601402.8,245335.9053953029,84563.6,465.4340155338885,21500.4,137.45540228015778,152142.6,908.5289462510262,
(PARC-R),with-repair-parc_REPAIR_s4_c2_fN.N_uN-facts,ROC,iLAO*,5,136.763737,5.170944591167982,32341635.0,405865.7952737885,183154.2,535.758533878836,48480.6,161.75593941490988,343321.8,1038.9409625113449,
(PARC-R),with-repair-parc_REPAIR_s4_c3_fN.N_uN-facts,ROC,iLAO*,5,172.7236896,5.924694946012044,41427043.6,374277.7850609243,267636.0,632.0369425911748,66518.4,169.75297374714822,457516.0,1326.0023621698415,
(PARC-R),with-repair-parc_REPAIR_s5_c1_fN.N_uN-facts,ROC,iLAO*,5,690.20085,15.719068320334378,150805638.0,2429766.427218633,888512.2,3548.592281779353,182795.2,521.1099295004846,1614147.8,5381.501917961565,
(PARC-R),with-repair-parc_REPAIR_s5_c2_fN.N_uN-facts,ROC,iLAO*,5,1502.544699,11.542091693921927,291331524.6,3214289.0062084803,1952039.4,8705.483752004593,414221.4,2067.009123447693,3655872.8,17287.897234828295,
(PARC-R),with-repair-parc_REPAIR_s5_c3_fN.N_uN-facts,ROC,iLAO*,0,,,,,,,,,,,
(TriTW),intermediate-triangle-tireworld-tire6-start10,LMCut,iLAO*,0,,,,,,,,,,,
(TriTW),intermediate-triangle-tireworld-tire6-start8,LMCut,iLAO*,0,,,,,,,,,,,
(TriTW),intermediate-triangle-tireworld-tire6-start9,LMCut,iLAO*,0,,,,,,,,,,,
(BW),blocksworld-ippc04-p01,LMCut,iLAO*,5,1.7216994,0.1678409546265991,45862.0,4900.189253945198,2154.4,211.3036357850948,912.6,96.8735824464028,3962.6,431.9493162119833,
(BW),blocksworld-ippc04-p02,LMCut,iLAO*,5,1.0978016,0.0130785457488367,37743.8,2141.618231913428,1312.4,7.656553793972847,552.8,3.3030507110851324,2356.2,7.971202167803799,
(BW),blocksworld-ippc04-p03,LMCut,iLAO*,5,0.5698712,0.02752998323802,11550.8,1050.2137250217213,708.6,51.84413039100954,260.8,20.10696356986803,1108.8,92.85395276454308,
(BW),blocksworld-ippc04-p04,LMCut,iLAO*,5,2.485899,0.1300911356597594,84021.8,6926.795578105651,3184.6,253.8503441321284,1438.0,112.86094594677114,6504.4,570.4093683101637,
(BW),blocksworld-ippc04-p05,LMCut,iLAO*,5,0.9946434,0.0920971306786582,35864.8,3466.80168128262,1258.8,128.2795668218442,515.8,58.82416836641212,2264.0,276.4281050834014,
(BW),blocksworld-ippc04-p06,LMCut,iLAO*,0,,,,,,,,,,,
(BW),blocksworld-ippc04-p07,LMCut,iLAO*,0,,,,,,,,,,,
(BW),blocksworld-ippc04-p08,LMCut,iLAO*,0,,,,,,,,,,,
(BW),blocksworld-ippc04-p09,LMCut,iLAO*,0,,,,,,,,,,,
(BW),blocksworld-ippc04-p10,LMCut,iLAO*,0,,,,,,,,,,,
(BW),blocksworld-ippc08-p01-c0-C0-g1-n5,LMCut,iLAO*,5,0.6458693999999999,0.0191597721201755,28442.0,3707.712215520509,720.4,38.45098407063205,493.0,39.468579908580445,1577.6,115.61940155527527,
(BW),blocksworld-ippc08-p02-c1-C1-g20-n5,LMCut,iLAO*,5,0.6403616000000001,0.0259505161238187,28442.0,3707.712215520509,720.4,38.45098407063205,493.0,39.468579908580445,1577.6,115.61940155527527,
(BW),blocksworld-ippc08-p03-c1-C2-g40-n5,LMCut,iLAO*,5,0.6456868,0.0242834741267567,28442.0,3707.712215520509,720.4,38.45098407063205,493.0,39.468579908580445,1577.6,115.61940155527527,
(BW),blocksworld-ippc08-p04-c2-C1-g0-n5,LMCut,iLAO*,5,0.6468598,0.0231366484476845,28442.0,3707.712215520509,720.4,38.45098407063205,493.0,39.468579908580445,1577.6,115.61940155527527,
(BW),blocksworld-ippc08-p05-c0-C0-g1-n10,LMCut,iLAO*,0,,,,,,,,,,,
(BW),blocksworld-ippc08-p06-c1-C1-g20-n10,LMCut,iLAO*,0,,,,,,,,,,,
(BW),blocksworld-ippc08-p07-c1-C2-g0-n10,LMCut,iLAO*,0,,,,,,,,,,,
(BW),blocksworld-ippc08-p08-c3-C2-g0-n10,LMCut,iLAO*,0,,,,,,,,,,,
(BW),blocksworld-ippc08-p09-c0-C0-g1-n14,LMCut,iLAO*,0,,,,,,,,,,,
(BW),blocksworld-ippc08-p10-c1-C1-g20-n14,LMCut,iLAO*,0,,,,,,,,,,,
(BW),blocksworld-ippc08-p11-c1-C2-g0-n14,LMCut,iLAO*,0,,,,,,,,,,,
(BW),blocksworld-ippc08-p12-c3-C2-g0-n14,LMCut,iLAO*,0,,,,,,,,,,,
(Elev),elevators-ippc04-p01,LMCut,iLAO*,5,0.0198636,0.0087568338692986,4044.0,675.1328042392844,150.8,34.29383944675778,69.0,10.38984889206768,326.0,54.076112286295135,
(Elev),elevators-ippc04-p02,LMCut,iLAO*,5,0.0149956,0.0019417166732806,437.0,0.0,35.0,0.0,8.0,0.0,39.0,0.0,
(Elev),elevators-ippc04-p03,LMCut,iLAO*,5,0.0219183999999999,0.0072748134944681,4321.4,396.4133797136519,122.0,8.588289701681004,74.8,4.61329210000841,336.6,20.692625159703635,
(Elev),elevators-ippc04-p04,LMCut,iLAO*,5,0.0176746,0.0025082923852087,4318.8,333.61215215276553,143.8,2.1825636302293683,81.4,3.011009133164494,377.4,15.415621168152777,
(Elev),elevators-ippc04-p05,LMCut,iLAO*,5,0.0149001999999999,0.0092327332640288,1373.2,159.0457576422584,80.2,9.34654930977203,28.6,4.092600151492935,128.2,17.40321073825172,
(Elev),elevators-ippc04-p06,LMCut,iLAO*,5,0.2940083999999999,0.0292976554303462,33266.6,5908.701821708048,610.4,64.7708089805894,310.8,41.99342881928076,1541.2,210.96138391658317,
(Elev),elevators-ippc04-p07,LMCut,iLAO*,5,0.1893622,0.0261898982411842,13607.2,1600.833812606418,369.2,31.22741974611415,170.4,21.024140791004992,858.0,110.7269903862649,
(Elev),elevators-ippc04-p08,LMCut,iLAO*,5,5.677340200000001,0.1452857115614171,1606042.8,71655.76331117703,7021.2,198.869408165258,5233.4,146.08851815252285,24351.0,690.9738088234603,
(Elev),elevators-ippc04-p09,LMCut,iLAO*,5,1.9988358,0.0551663681178195,345978.8,10099.795472031305,3091.0,71.13206984194962,2190.4,62.11870520221748,10236.6,282.51589848360743,
(Elev),elevators-ippc04-p10,LMCut,iLAO*,5,19.8280142,0.3136656075760109,7881672.6,241165.99595292416,12045.6,75.43479579080201,11065.6,76.42642956464732,50503.4,366.25399331065313,
(Elev),elevators-ippc04-p11,LMCut,iLAO*,5,1276.4559834,37.471738999592944,293792637.2,16867253.82971816,308512.6,2034.761763533019,261587.4,1721.611786093485,1572694.6,9806.621242182038,
(Elev),elevators-ippc04-p12,LMCut,iLAO*,5,133.6833024,2.08150418398684,18245477.2,647180.3109089442,76698.0,923.3385050348544,57017.6,658.2433488733478,350154.8,4112.731167317406,
(Elev),elevators-ippc04-p13,LMCut,iLAO*,0,,,,,,,,,,,
(Elev),elevators-ippc04-p14,LMCut,iLAO*,5,64.2515092,1.6530152929544566,4279556.8,89145.71042410098,33347.0,403.3139963849506,19595.6,248.6533280211628,120981.4,1603.162539462546,
(Elev),elevators-ippc04-p15,LMCut,iLAO*,5,1577.473719,56.8325664775985,288180102.4,13346400.041015755,468273.2,2439.1912494890594,425933.4,3020.6421327022504,2557898.8,18031.59659127011,
(ExBW),exploding-blocksworld-ippc04-fixed-p01,LMCut,iLAO*,5,0.0129628,0.0032411805600157,362.0,0.0,64.0,0.0,15.0,0.0,47.0,0.0,
(ExBW),exploding-blocksworld-ippc04-fixed-p02,LMCut,iLAO*,5,0.0111292,0.0036837057509285,141.0,0.0,26.0,0.0,6.0,0.0,19.0,0.0,
(ExBW),exploding-blocksworld-ippc04-fixed-p03,LMCut,iLAO*,5,0.0150006,0.0057841736832097,460.0,0.0,79.0,0.0,15.0,0.0,57.0,0.0,
(ExBW),exploding-blocksworld-ippc04-fixed-p04,LMCut,iLAO*,5,0.1985266,0.0123361471783606,94050.4,4922.737287625249,627.2,21.366697077461456,216.6,4.139267568060804,520.6,12.012097901698937,
(ExBW),exploding-blocksworld-ippc04-fixed-p05,LMCut,iLAO*,5,0.0100202,0.002071443078181,0.0,0.0,0.0,0.0,,,,,trivial (s0 in G)
(ExBW),exploding-blocksworld-ippc04-fixed-p06,LMCut,iLAO*,5,0.6276694,0.0288004323351954,16912.8,515.3396508556274,1587.6,82.28639314005687,367.6,15.552078189103856,1269.8,62.31875403119032,
(ExBW),exploding-blocksworld-ippc04-fixed-p07,LMCut,iLAO*,5,5.257066,0.0640466063434496,274610.8,2446.014854260701,13380.6,2.448039215372172,2542.0,0.0,10810.6,0.4800999895855028,
(ExBW),exploding-blocksworld-ippc04-fixed-p08,LMCut,iLAO*,5,0.6867846,0.0325445314262131,10139.0,350.4729923974171,1745.8,92.17919800041656,226.4,7.681599833368045,1240.6,49.93039891689229,
(ExBW),exploding-blocksworld-ippc04-fixed-p09,LMCut,iLAO*,5,111.3183836,7.452111476242189,15931639.0,2356624.1309394734,156309.0,938.9089452763776,32915.6,134.21578542034467,134287.2,636.0848971513157,
(ExBW),exploding-blocksworld-ippc04-fixed-p10,LMCut,iLAO*,5,759.5559974,22.156736122965587,90100093.6,842620.0172881819,483576.4,1172.1846488399342,127724.4,656.6422995330105,446248.8,997.9051616180768,
(ExBW),exploding-blocksworld-ippc08-fixed-p01-n2-N5-s1,LMCut,iLAO*,5,0.0199401999999999,0.0074404524813954,1101.0,0.0,141.0,0.0,39.0,0.0,112.0,0.0,
(ExBW),exploding-blocksworld-ippc08-fixed-p02-n3-N5-s2,LMCut,iLAO*,5,0.192493,0.0073578757383255,94137.6,1925.2037119266108,776.0,20.91789281930663,312.4,2.9465260901610897,696.2,9.982539957345525,
(ExBW),exploding-blocksworld-ippc08-fixed-p03-n3-N6-s3,LMCut,iLAO*,5,0.3015084,0.0429929891415623,120504.8,22960.86214728149,789.6,2.9465260901610897,208.4,0.7839999999999999,619.0,2.4792256855720094,
(ExBW),exploding-blocksworld-ippc08-fixed-p04-n4-N6-s4,LMCut,iLAO*,5,0.3697564,0.0097697320097501,93876.4,1395.2238489131414,986.0,7.333648478076925,348.4,2.525283350438124,927.8,4.896078430744344,
(ExBW),exploding-blocksworld-ippc08-fixed-p05-n5-N7-s5,LMCut,iLAO*,5,0.0179396,0.0058401613405192,521.4,26.656,85.4,1.176,20.8,0.3919999999999999,66.4,1.176,
(ExBW),exploding-blocksworld-ippc08-fixed-p06-n6-N8-s6,LMCut,iLAO*,5,0.275612,0.0116777640020476,30358.0,274.9594297346428,889.6,8.800378173692309,231.4,3.136,754.6,8.800378173692309,
(ExBW),exploding-blocksworld-ippc08-fixed-p07-n7-N9-s7,LMCut,iLAO*,5,0.4519772000000001,0.0861413308489414,9290.0,998.01460157655,1384.4,236.71055594544148,187.6,29.501743948451583,973.2,159.25817148265892,
(ExBW),exploding-blocksworld-ippc08-fixed-p08-n8-N10-s8,LMCut,iLAO*,5,329.9172538,2.537788184731159,35346627.6,136106.61833305628,133626.2,5287.156380125709,29532.0,752.0336359498821,106748.4,2835.0502369474866,
(ExBW),exploding-blocksworld-ippc08-fixed-p09-n9-N11-s9,LMCut,iLAO*,5,35.8653676,0.7256760004882322,2461289.0,92971.979194217,26786.2,672.2406845646877,5645.4,91.585915598415,19949.8,358.1512671260566,
(ExBW),exploding-blocksworld-ippc08-fixed-p10-n10-N12-s10,LMCut,iLAO*,0,,,,,,,,,,,
(ExBW),exploding-blocksworld-ippc08-fixed-p11-n11-N13-s11,LMCut,iLAO*,0,,,,,,,,,,,
(Rand),random-ippc04-p03-problem,LMCut,iLAO*,5,2.1498386,0.0308485849766464,210067.2,4403.165122652567,1389.0,0.0,60.0,0.0,2880.0,0.0,
(Rand),random-ippc04-p04-problem,LMCut,iLAO*,0,,,,,,,,,,,
(Rand),random-ippc04-p05-problem,LMCut,iLAO*,0,,,,,,,,,,,
(Rand),random-ippc04-p06-problem,LMCut,iLAO*,5,5.5310026,0.49627528951918,21854.4,1070.8101922264282,609.6,52.31988623840842,16.0,0.0,1130.4,52.72217840719407,
(Rand),random-ippc04-p07-problem,LMCut,iLAO*,5,0.1877127999999999,0.0388235964733148,1421.8,106.67226848623778,271.4,52.26846330245418,3.4,0.4800999895855028,264.2,51.85820729643476,
(Rand),random-ippc04-p08-problem,LMCut,iLAO*,0,,,,,,,,,,,
(Rand),random-ippc04-p09-problem,LMCut,iLAO*,0,,,,,,,,,,,
(Rand),random-ippc04-p10-problem,LMCut,iLAO*,0,,,,,,,,,,,
(Rand),random-ippc04-p13-problem,LMCut,iLAO*,5,22.966738600000003,0.9059295589089288,63525.6,295.7415935846698,5360.2,38.57467231228284,7.0,0.0,12000.8,42.248799083524254,
(RectTW),rectangle-tireworld-ippc08-unit-cost-p01-x5-y5-h2-v2-u0-s1,LMCut,iLAO*,5,0.0412371999999999,0.0074657304970099,2855.0,547.8471728502393,49.0,0.0,24.0,0.0,141.0,0.0,
(RectTW),rectangle-tireworld-ippc08-unit-cost-p02-x5-y5-h2-v3-u15-s2,LMCut,iLAO*,5,0.0284652,0.0044824403566164,1664.0,12.002499739637573,34.0,0.0,11.0,0.0,105.0,0.0,unsolveable
(RectTW),rectangle-tireworld-ippc08-unit-cost-p03-x7-y7-h4-v3-u0-s3,LMCut,iLAO*,5,0.2655946,0.0419026456387652,6764.4,328.94125909651405,96.6,0.4800999895855028,47.6,0.4800999895855028,307.0,2.400499947927514,
(RectTW),rectangle-tireworld-ippc08-unit-cost-p04-x7-y7-h3-v4-u20-s4,LMCut,iLAO*,5,0.0376044,0.00619007237857,9.0,0.0,5.0,0.0,1.0,0.0,3.0,0.0,unsolveable
(RectTW),rectangle-tireworld-ippc08-unit-cost-p05-x9-y9-h3-v5-u30-s5,LMCut,iLAO*,5,0.0770691999999999,0.0059274195239601,9.0,0.0,5.0,0.0,1.0,0.0,3.0,0.0,unsolveable
(RectTW),rectangle-tireworld-ippc08-unit-cost-p06-x11-y11-h4-v3-u40-s6,LMCut,iLAO*,5,15.7200944,5.5402238841209055,39222.4,1897.8073448946288,240.0,0.0,113.6,0.4800999895855028,799.0,2.400499947927514,
(RectTW),rectangle-tireworld-ippc08-unit-cost-p07-x11-y11-h3-v5-u80-s7,LMCut,iLAO*,5,0.18121,0.014538507777012,9.0,0.0,5.0,0.0,1.0,0.0,3.0,0.0,unsolveable
(RectTW),rectangle-tireworld-ippc08-unit-cost-p08-x11-y11-h6-v7-u80-s8,LMCut,iLAO*,5,0.1888482,0.0064687800151484,9.0,0.0,5.0,0.0,1.0,0.0,3.0,0.0,unsolveable
(RectTW),rectangle-tireworld-ippc08-unit-cost-p09-x15-y15-h4-v4-u60-s9,LMCut,iLAO*,5,407.1496828,79.96470726253709,283823.8,7896.132548901645,450.0,0.0,223.0,0.0,2050.0,0.0,
(RectTW),rectangle-tireworld-ippc08-unit-cost-p10-x15-y15-h10-v10-u150-s10,LMCut,iLAO*,5,1157.8107334,417.2347652924135,4357602.4,643714.1934909201,244.0,0.0,24.8,0.3919999999999999,1431.0,88.2,unsolveable
(RectTW),rectangle-tireworld-ippc08-unit-cost-p11-x20-y20-h5-v5-u80-s11,LMCut,iLAO*,0,,,,,,,,,,,
(RectTW),rectangle-tireworld-ippc08-unit-cost-p12-x20-y20-h15-v15-u300-s12,LMCut,iLAO*,0,,,,,,,,,,,unsolveable
(RectTW),rectangle-tireworld-ippc08-unit-cost-p14-x30-y30-h25-v20-u700-s14,LMCut,iLAO*,5,14.792703800000002,0.7446947644009412,9.0,0.0,5.0,0.0,1.0,0.0,3.0,0.0,unsolveable
(Sched),schedule-ippc04-p01,LMCut,iLAO*,5,0.0250696,0.0043767835110016,10417.6,1380.8143105631543,40.0,0.0,20.0,0.0,36.0,0.0,
(Sched),schedule-ippc04-p02,LMCut,iLAO*,5,0.0275349999999999,0.0060669549488223,17718.4,2372.4954051833265,40.0,0.0,20.0,0.0,36.0,0.0,
(Sched),schedule-ippc04-p03,LMCut,iLAO*,5,0.1056184,0.0094370035058558,56230.0,5610.326678545555,55.0,0.0,25.0,0.0,50.0,0.0,
(Sched),schedule-ippc04-p04,LMCut,iLAO*,5,56.717262600000005,1.2981192436402498,25994058.8,786247.8295829401,58207.8,331.2524092350122,28321.2,428.2653372665128,87386.2,898.3371725493718,
(Sched),schedule-ippc04-p05,LMCut,iLAO*,0,,,,,,,,,,,
(Sched),schedule-ippc08-p01,LMCut,iLAO*,5,0.0435322,0.0056696113180555,16190.0,1535.3194325611853,55.0,0.0,25.0,0.0,50.0,0.0,
(Sched),schedule-ippc08-p02,LMCut,iLAO*,5,0.0583864,0.0036411124524375,27710.0,2708.4902362755524,55.0,0.0,25.0,0.0,50.0,0.0,
(Sched),schedule-ippc08-p03,LMCut,iLAO*,5,0.1927945999999999,0.0232145063013094,80188.8,3337.9893576918425,72.0,0.0,30.0,0.0,66.0,0.0,
(Sched),schedule-ippc08-p04,LMCut,iLAO*,0,,,,,,,,,,,
(S&R),search-and-rescue-ippc08-strips-p01-z4,LMCut,iLAO*,5,0.4275828,0.0129030004707581,602355.4,9344.560708224652,1115.8,1.3001169178193164,815.8,5.0505667008762485,2308.4,2.525283350438124,
(S&R),search-and-rescue-ippc08-strips-p02-z5,LMCut,iLAO*,5,1.7296736,0.052788603633955,2480257.8,28385.804011423454,4012.6,1.817629225117158,2903.4,9.22658420001682,9831.2,4.61329210000841,
(S&R),search-and-rescue-ippc08-strips-p03-z6,LMCut,iLAO*,5,7.0273972,0.2712864310179514,9731979.6,18131.22779353941,13979.6,11.5723021045944,10024.2,23.734620789049902,39634.6,11.867310394524951,
(S&R),search-and-rescue-ippc08-strips-p04-z8,LMCut,iLAO*,5,119.2071206,1.5130782128048423,140710499.0,623217.9286637607,160386.0,34.475948717910576,114233.8,78.19982444993083,578709.4,39.099912224965415,
(S&R),search-and-rescue-ippc08-strips-p05-z10,LMCut,iLAO*,0,,,,,,,,,,,
(Sys),sysadmin-ippc08-unit-cost-p01,LMCut,iLAO*,5,0.086889,0.0056785204429041,57872.4,845.622596254381,443.0,0.0,430.6,0.4800999895855029,487.6,0.4800999895855029,
(Sys),sysadmin-ippc08-unit-cost-p02,LMCut,iLAO*,5,0.5505253999999999,0.1033869702481728,333239.4,59012.95594438305,1603.4,0.4800999895855028,1583.6,0.4800999895855028,1771.6,0.4800999895855028,
(Sys),sysadmin-ippc08-unit-cost-p03,LMCut,iLAO*,5,2.6948262,0.5216778745503607,1430684.2,255327.28388284784,4716.4,0.4800999895855029,4692.8,0.9601999791710056,5247.8,0.9601999791710056,
(Sys),sysadmin-ippc08-unit-cost-p04,LMCut,iLAO*,5,59.95099859999999,9.646545066610262,23327880.0,2572433.8396325186,33096.2,1.9002905041072011,33042.2,1.5679999999999998,37067.2,1.5679999999999998,
(TriTW),triangle-tireworld-ippc08-p01,LMCut,iLAO*,5,0.0107568,0.0056222100141407,502.6,2.8805999375130176,43.8,0.9601999791710056,21.4,0.4800999895855028,33.8,0.9601999791710056,
(TriTW),triangle-tireworld-ippc08-p02,LMCut,iLAO*,5,0.027355,0.0069944475527606,5605.4,167.2071853001539,440.6,8.534444094374276,239.6,4.981639890638423,428.6,9.693582206800537,
(TriTW),triangle-tireworld-ippc08-p03,LMCut,iLAO*,5,0.7074838,0.0143853019495394,146516.4,2478.5653178433686,6520.4,55.28311944888783,3868.8,22.547668260820227,7065.8,30.65003856441293,
(TriTW),triangle-tireworld-ippc08-p04,LMCut,iLAO*,5,29.7354224,0.8286080154119223,4488260.6,56125.25100096689,112155.0,1360.362988676184,68987.4,687.7054879641429,119185.8,1532.8657899972848,
(TriTW),triangle-tireworld-ippc08-p05,LMCut,iLAO*,5,1221.0106498,25.313846336014567,129550091.6,1968024.634518208,1895325.0,22834.37888252185,1186539.0,14142.7909746952,2018943.0,38058.59061740463,
(Zeno),zenotravel-ippc04-unit-cost_NO_FORALLS-p01-problem,LMCut,iLAO*,5,0.0208122,0.0058715670438941,0.0,0.0,0.0,0.0,,,,,trivial (s0 in G)
(Zeno),zenotravel-ippc04-unit-cost_NO_FORALLS-p02-problem,LMCut,iLAO*,5,1378.8579708,41.28928595488215,72394342.0,155174.72222825416,350359.4,239.45040124418247,247090.6,346.41113413976746,1449571.0,2613.1819352812004,
(Zeno),zenotravel-ippc04-unit-cost_NO_FORALLS-p03-problem,LMCut,iLAO*,0,,,,,,,,,,,
(Zeno),zenotravel-ippc04-unit-cost_NO_FORALLS-p04-problem,LMCut,iLAO*,0,,,,,,,,,,,
(Zeno),zenotravel-ippc04-unit-cost_NO_FORALLS-p05-problem,LMCut,iLAO*,0,,,,,,,,,,,
(Zeno),zenotravel-ippc08-unit-cost_NO_FORALLS-p01-c4-p2-a2-s3846-problem,LMCut,iLAO*,5,28.0049662,0.1723893528009034,2928046.2,6925.814532363972,25581.4,109.76979956253903,15798.4,33.80417631003601,77747.6,187.5952441188209,
(Zeno),zenotravel-ippc08-unit-cost_NO_FORALLS-p02-c5-p2-a2-s17462-problem,LMCut,iLAO*,5,22.7223222,0.1222497337859148,1520719.2,8640.01077479328,16280.2,59.725030464621774,8967.8,49.2010754354008,50883.8,180.8872945897528,
(Zeno),zenotravel-ippc08-unit-cost_NO_FORALLS-p04-c6-p2-a2-s12861-problem,LMCut,iLAO*,5,640.561293,22.872879664696796,34651430.2,369344.13001027214,223699.4,1289.1698820931242,127016.4,1279.0063462297596,757245.6,6242.314996571064,
(Coresec),coresec-icaps16-bigger-p01-problem,LMCut,iLAO*,5,0.4236642,0.0041588407414258,450367.2,5057.586271120246,10149.8,16.414926865508725,7154.2,47.87136998248536,56210.4,284.21865318096206,
(Coresec),coresec-icaps16-bigger-p02-problem,LMCut,iLAO*,5,1.4170926,0.0762759560500094,1456451.0,13959.7728364612,29495.2,21.420567312748744,20611.8,90.97314188264578,189512.8,551.7424021262095,
(Coresec),coresec-icaps16-bigger-p03-problem,LMCut,iLAO*,5,5.2421508,0.1514602450246752,5355581.4,29722.041789133124,70642.4,20.393420899888277,52965.2,52.67771202320769,518905.0,469.28392599789737,
(Coresec),coresec-icaps16-bigger-p04-problem,LMCut,iLAO*,5,15.503861999999998,0.3309098369023347,14794377.6,82092.72713300695,193413.4,91.24763107062012,139605.6,397.35180112338736,1540678.8,3016.686257134473,
(Coresec),coresec-icaps16-bigger-p05-problem,LMCut,iLAO*,5,566.2242362,17.32209002984242,310675106.8,713847.8596975161,3217279.2,238.07296340407916,2336845.0,1824.362377730916,36075356.6,18276.86128191862,
(Coresec),coresec-icaps16-bigger-p06-problem,LMCut,iLAO*,0,,,,,,,,,,,
(Coresec),coresec-icaps16-bigger-p07-problem,LMCut,iLAO*,0,,,,,,,,,,,
(PARC-N),no-repair-parc_NOREPAIR_s4_c1_fN.N_uN-facts,LMCut,iLAO*,5,22.7474082,0.389874800464806,4483345.6,424836.9227452511,40577.0,1606.129770498013,11775.8,489.1519188800141,68296.0,2872.0716060989844,
(PARC-N),no-repair-parc_NOREPAIR_s4_c2_fN.N_uN-facts,LMCut,iLAO*,5,47.4090494,2.4304025545507955,10520747.0,812630.2504807545,65049.0,2101.4653484842424,18775.2,457.7699062891749,107521.6,2758.465005834948,
(PARC-N),no-repair-parc_NOREPAIR_s4_c3_fN.N_uN-facts,LMCut,iLAO*,5,79.4559136,4.162852128931931,16678552.2,1678055.0421008049,110376.2,2503.961361439908,30608.0,591.3619157165939,174409.6,3604.015606771979,
(PARC-N),no-repair-parc_NOREPAIR_s5_c1_fN.N_uN-facts,LMCut,iLAO*,5,311.1122732,11.087920014664274,57987491.6,3279294.585408445,412359.2,15069.71102245242,93440.4,3477.719282463149,713264.0,24634.97005994202,
(PARC-N),no-repair-parc_NOREPAIR_s5_c2_fN.N_uN-facts,LMCut,iLAO*,5,688.7758096,35.16484419484611,141891219.4,5484539.733592445,672997.8,30484.58100352609,151903.0,7139.98158201546,1149727.2,51925.11426816646,
(PARC-N),no-repair-parc_NOREPAIR_s5_c3_fN.N_uN-facts,LMCut,iLAO*,5,1188.2105168,68.68383307762684,228332776.0,10938800.530122356,1144327.0,48119.5531332235,248833.0,11363.96357580928,1881684.0,81830.6753169739,
(PARC-R),with-repair-parc_REPAIR_s4_c1_fN.N_uN-facts,LMCut,iLAO*,5,118.938427,4.097015135718001,20566438.4,298729.325936139,144126.8,701.6346666920043,41809.2,246.869294453563,298333.6,1760.1180427959937,
(PARC-R),with-repair-parc_REPAIR_s4_c2_fN.N_uN-facts,LMCut,iLAO*,5,295.4345478,9.571206460007842,49469501.6,643594.1790091224,342766.4,1246.1122321588855,107711.6,491.42308868835215,743338.2,3017.168983518159,
(PARC-R),with-repair-parc_REPAIR_s4_c3_fN.N_uN-facts,LMCut,iLAO*,5,406.3642278,9.896624974467874,66662339.6,641576.2344581444,472515.6,1966.629034570577,136778.6,869.7075911914302,916184.6,5150.948897864936,
(PARC-R),with-repair-parc_REPAIR_s5_c1_fN.N_uN-facts,LMCut,iLAO*,5,1584.650825,32.702892330447995,210132962.8,1969080.0343908777,1615864.2,6209.005247456632,370562.0,1659.686174720992,3294693.0,14905.92310192428,
(PARC-R),with-repair-parc_REPAIR_s5_c2_fN.N_uN-facts,LMCut,iLAO*,0,,,,,,,,,,,
(PARC-R),with-repair-parc_REPAIR_s5_c3_fN.N_uN-facts,LMCut,iLAO*,0,,,,,,,,,,,
(TriTW),intermediate-triangle-tireworld-tire6-start10,PDB,iLAO*,0,,,,,,,,,,,
(TriTW),intermediate-triangle-tireworld-tire6-start8,PDB,iLAO*,5,847.3938172000001,15.322126286034626,114898728.4,2209899.205990872,1632311.6,26965.640869778264,1015986.0,24122.474557142763,1582550.0,60615.80797007591,
(TriTW),intermediate-triangle-tireworld-tire6-start9,PDB,iLAO*,0,,,,,,,,,,,
(BW),blocksworld-ippc04-p01,PDB,iLAO*,5,0.5046660000000001,0.0133888129379717,7362.4,1056.5384681382875,356.4,20.03231229788513,119.8,7.185478689690757,494.8,25.202582089936737,
(BW),blocksworld-ippc04-p02,PDB,iLAO*,5,0.5055958,0.01343129538217,4599.4,222.54037138460967,281.2,10.097329547954743,98.4,2.9465260901610897,403.4,13.531099585769072,
(BW),blocksworld-ippc04-p03,PDB,iLAO*,5,0.5043064,0.0174889518252391,1333.2,303.663654565376,100.2,25.293874040960983,29.6,7.190823040514904,123.6,31.819680953774505,
(BW),blocksworld-ippc04-p04,PDB,iLAO*,5,0.5344668,0.0102397881306316,13892.8,265.8365565229884,595.4,16.31162824490553,219.4,6.216630598644252,943.2,32.33940605515196,
(BW),blocksworld-ippc04-p05,PDB,iLAO*,5,0.485219,0.007129273458119,3116.8,336.7907415354525,197.2,20.494890680362264,63.0,7.147956351293703,262.0,31.585812004759354,
(BW),blocksworld-ippc04-p06,PDB,iLAO*,5,31.728191400000004,1.5799334516346974,1356841.8,73669.97596045696,67698.0,614.5673686098213,14391.0,121.76159854404014,99895.2,775.7051071019192,
(BW),blocksworld-ippc04-p07,PDB,iLAO*,0,,,,,,,,,,,
(BW),blocksworld-ippc04-p08,PDB,iLAO*,5,17.2897702,0.9148325066388652,706912.6,17999.144697344254,15879.2,521.9908709393296,2981.4,114.21032849965891,22360.4,843.4949664912056,
(BW),blocksworld-ippc04-p09,PDB,iLAO*,5,13.057041000000002,0.5940275568515347,406280.8,18030.08147763465,13266.4,774.8992305687236,2352.2,143.74886400942444,18113.4,1067.5648071082148,
(BW),blocksworld-ippc04-p10,PDB,iLAO*,5,77.88867379999999,1.6951652096949046,3904782.8,44154.84483952791,169533.4,1432.0397133375875,35514.2,198.3587785403005,248259.6,1478.9719733706922,
(BW),blocksworld-ippc08-p01-c0-C0-g1-n5,PDB,iLAO*,5,0.2033684,0.012142268332463,5802.4,336.979580057902,259.2,0.392,137.6,0.4800999895855028,453.4,1.176,
(BW),blocksworld-ippc08-p02-c1-C1-g20-n5,PDB,iLAO*,5,0.2111685999999999,0.0208679616327981,5802.4,336.979580057902,259.2,0.392,137.6,0.4800999895855028,453.4,1.176,
(BW),blocksworld-ippc08-p03-c1-C2-g40-n5,PDB,iLAO*,5,0.191303,0.0156213047010292,5802.4,336.979580057902,259.2,0.392,137.6,0.4800999895855028,453.4,1.176,
(BW),blocksworld-ippc08-p04-c2-C1-g0-n5,PDB,iLAO*,5,0.2133366,0.0181278637347685,5802.4,336.979580057902,259.2,0.392,137.6,0.4800999895855028,453.4,1.176,
(BW),blocksworld-ippc08-p05-c0-C0-g1-n10,PDB,iLAO*,5,269.0836446,14.925631691616156,15072364.8,752408.7301773648,337692.0,769.9477756835199,106688.6,130.58454953017986,626440.2,910.7458839786212,
(BW),blocksworld-ippc08-p06-c1-C1-g20-n10,PDB,iLAO*,5,293.2182924,58.36247149367385,15072364.8,752408.7301773648,337692.0,769.9477756835199,106688.6,130.58454953017986,626440.2,910.7458839786212,
(BW),blocksworld-ippc08-p07-c1-C2-g0-n10,PDB,iLAO*,5,266.91074,14.708921448533935,15072364.8,752408.7301773648,337692.0,769.9477756835199,106688.6,130.58454953017986,626440.2,910.7458839786212,
(BW),blocksworld-ippc08-p08-c3-C2-g0-n10,PDB,iLAO*,5,263.4130742,8.984133985424497,15072364.8,752408.7301773648,337692.0,769.9477756835199,106688.6,130.58454953017986,626440.2,910.7458839786212,
(BW),blocksworld-ippc08-p09-c0-C0-g1-n14,PDB,iLAO*,0,,,,,,,,,,,
(BW),blocksworld-ippc08-p10-c1-C1-g20-n14,PDB,iLAO*,0,,,,,,,,,,,
(BW),blocksworld-ippc08-p11-c1-C2-g0-n14,PDB,iLAO*,0,,,,,,,,,,,
(BW),blocksworld-ippc08-p12-c3-C2-g0-n14,PDB,iLAO*,0,,,,,,,,,,,
(Elev),elevators-ippc04-p01,PDB,iLAO*,5,0.0900724,0.0096440091950731,35344.0,4443.782093307456,592.8,39.08910313629618,429.6,46.7516495537858,1913.0,201.650568657765,
(Elev),elevators-ippc04-p02,PDB,iLAO*,5,0.0591499999999999,0.0071539781714735,1525.8,54.88839935724124,71.8,1.5679999999999998,39.6,0.9994078246641857,176.2,4.736554021649072,
(Elev),elevators-ippc04-p03,PDB,iLAO*,5,0.0973503999999999,0.0116850476541234,36176.6,4254.931113512414,558.6,30.975442143737027,381.0,36.28383000731869,1723.4,152.1843763860141,
(Elev),elevators-ippc04-p04,PDB,iLAO*,5,0.0769092,0.0099596163377543,20349.2,878.5404355315694,370.6,19.249954181763652,255.6,11.75346485084292,1167.6,52.75495745425258,
(Elev),elevators-ippc04-p05,PDB,iLAO*,5,0.0652666,0.0105826486498048,12832.8,2138.9898020289857,325.4,35.391977848094335,188.6,22.43836215056705,864.4,97.65167697484767,
(Elev),elevators-ippc04-p06,PDB,iLAO*,5,0.6091794,0.0405025960961014,349231.4,35410.24392878783,3222.2,168.9917864986343,2292.0,124.10375788025117,10763.2,566.4682802628934,
(Elev),elevators-ippc04-p07,PDB,iLAO*,5,0.6166852,0.0599314796245971,339757.6,22800.667402283118,3030.8,175.42536528107897,2257.6,131.27113717797982,10431.2,607.029561902878,
(Elev),elevators-ippc04-p08,PDB,iLAO*,5,4.6272998,0.2428554000917159,2734556.4,104899.52799479364,13275.0,91.56997499180612,12052.6,137.2484314518749,55262.2,635.2805383954399,
(Elev),elevators-ippc04-p09,PDB,iLAO*,5,2.6948706,0.0622839930736398,1676171.2,30625.981724117577,9558.4,73.76113079393508,8191.0,105.6565447097339,37576.6,468.05505857324096,
(Elev),elevators-ippc04-p10,PDB,iLAO*,5,17.8483184,0.3505849858740705,10080828.0,343377.1314335816,14353.4,43.49963788355024,13969.4,54.40756653260647,63657.0,247.4316607065474,
(Elev),elevators-ippc04-p11,PDB,iLAO*,5,816.2612428,19.729673224917992,313730470.4,10015901.009820543,495631.2,2189.5047094866,470587.8,2933.1225740878954,2817382.0,17133.91202053751,
(Elev),elevators-ippc04-p12,PDB,iLAO*,5,113.5223684,5.040174080278214,45082079.2,2069488.8683934272,141442.0,2841.707404248368,110990.0,2154.0673756222204,676666.8,12899.535866834278,
(Elev),elevators-ippc04-p13,PDB,iLAO*,0,,,,,,,,,,,
(Elev),elevators-ippc04-p14,PDB,iLAO*,5,311.1575834,6.44521115857571,107585028.8,2501058.9044681746,328375.2,3026.1193001836523,285426.6,2720.9798811634014,1719426.6,17462.765061836457,
(Elev),elevators-ippc04-p15,PDB,iLAO*,5,1390.5105238,64.4984852381097,428631942.0,15262196.773380218,519401.0,532.2556743520918,504454.6,808.2666907005386,3018724.8,4708.901260436875,
(ExBW),exploding-blocksworld-ippc04-fixed-p01,PDB,iLAO*,5,0.0722174,0.0107281157202901,433.2,27.845799395959165,83.8,8.16169982295355,20.6,1.920399958342012,62.2,6.241299864611537,
(ExBW),exploding-blocksworld-ippc04-fixed-p02,PDB,iLAO*,5,0.0769842,0.0189519550591337,141.0,0.0,26.0,0.0,6.0,0.0,19.0,0.0,
(ExBW),exploding-blocksworld-ippc04-fixed-p03,PDB,iLAO*,5,0.0820954,0.0099124619312588,566.4,21.124399541762127,103.8,6.241299864611537,23.2,0.960199979171006,76.2,3.36069992709852,
(ExBW),exploding-blocksworld-ippc04-fixed-p04,PDB,iLAO*,5,0.9594894,0.0212757188065516,517687.8,7244.031914776742,1216.4,22.162738458954028,676.4,8.800378173692309,1188.0,17.442898841648997,
(ExBW),exploding-blocksworld-ippc04-fixed-p05,PDB,iLAO*,5,0.070963,0.0241569181569404,0.0,0.0,0.0,0.0,,,,,trivial (s0 in G)
(ExBW),exploding-blocksworld-ippc04-fixed-p06,PDB,iLAO*,5,0.3007502,0.0184000005933712,25965.8,763.095587553748,2854.8,129.4704255959638,658.6,22.12804410696977,2277.0,94.17590944609984,
(ExBW),exploding-blocksworld-ippc04-fixed-p07,PDB,iLAO*,5,4.7732838,0.0557831158231568,1373399.8,31957.58492458753,45407.4,404.2499881212119,9986.0,90.26433093974606,37361.2,388.0054534462112,
(ExBW),exploding-blocksworld-ippc04-fixed-p08,PDB,iLAO*,5,0.3537328,0.0142349513784819,38971.0,796.7663980866663,7746.2,223.58987254345843,1057.2,15.660387734663532,5571.8,111.1449622070204,
(ExBW),exploding-blocksworld-ippc04-fixed-p09,PDB,iLAO*,5,63.5252732,3.4163556864347515,18886655.8,745442.7555737344,230375.8,1244.1907093946652,56304.2,215.80249763151488,202422.2,830.0009664958228,
(ExBW),exploding-blocksworld-ippc04-fixed-p10,PDB,iLAO*,0,,,,,,,,,,,
(ExBW),exploding-blocksworld-ippc08-fixed-p01-n2-N5-s1,PDB,iLAO*,5,2.7044112,0.0824575032552826,1622674.8,47819.18140811596,355.0,0.0,216.0,0.0,396.0,0.0,
(ExBW),exploding-blocksworld-ippc08-fixed-p02-n3-N5-s2,PDB,iLAO*,5,2.9393082,0.0538740473874274,1659226.0,15641.303783114754,1256.2,23.375824776892895,756.2,2.998223473992557,1295.6,11.720734447977224,
(ExBW),exploding-blocksworld-ippc08-fixed-p03-n3-N6-s3,PDB,iLAO*,5,5.9750196,0.1042563133372082,2971668.8,36225.25556217021,3911.0,17.343508295613088,1968.2,5.163400429949241,4344.8,17.091379815567848,
(ExBW),exploding-blocksworld-ippc08-fixed-p04-n4-N6-s4,PDB,iLAO*,5,130.8529826,2.705929411342783,40373299.6,308209.811129855,29713.0,147.93131649518972,18712.8,64.19231904207855,36558.0,179.88379849224887,
(ExBW),exploding-blocksworld-ippc08-fixed-p05-n5-N7-s5,PDB,iLAO*,5,0.1049682,0.0241096094281641,1681.8,189.22112457122748,282.4,28.94967108621443,77.8,14.057450124400226,238.4,31.789484047401583,
(ExBW),exploding-blocksworld-ippc08-fixed-p06-n6-N8-s6,PDB,iLAO*,5,525.6637994,22.618959636899422,100241746.6,380131.65328325325,11919.0,60.810559609331015,7001.4,15.809316746779412,13077.6,53.23700607660052,
(ExBW),exploding-blocksworld-ippc08-fixed-p07-n7-N9-s7,PDB,iLAO*,5,0.2200744,0.0135671916182449,12919.6,1437.340258649983,1788.4,223.78067712829895,242.4,30.52570221960504,1248.2,161.26334011175632,
(ExBW),exploding-blocksworld-ippc08-fixed-p08-n8-N10-s8,PDB,iLAO*,0,,,,,,,,,,,
(ExBW),exploding-blocksworld-ippc08-fixed-p09-n9-N11-s9,PDB,iLAO*,5,113.1408312,1.3176706459547418,16184544.6,67427.22116482226,533187.8,1855.7746808661875,141235.6,531.6066343604075,464038.6,1692.0225581758652,
(ExBW),exploding-blocksworld-ippc08-fixed-p10-n10-N12-s10,PDB,iLAO*,0,,,,,,,,,,,
(ExBW),exploding-blocksworld-ippc08-fixed-p11-n11-N13-s11,PDB,iLAO*,0,,,,,,,,,,,
(Rand),random-ippc04-p03-problem,PDB,iLAO*,5,3.2506918,0.3098766202007784,1646718.8,64929.09884864431,29224.2,35.54793811179489,2965.2,1.3001169178193166,141719.4,40.787783661287605,
(Rand),random-ippc04-p04-problem,PDB,iLAO*,5,221.40840280000003,3.754847768192053,338688196.2,2291676.697778352,86700.6,64.61641723277452,1024.0,0.0,289792.0,0.0,
(Rand),random-ippc04-p05-problem,PDB,iLAO*,5,194.3932512,41.09095569025165,137249776.2,25658569.636289,259263.6,122.17043347717156,1025.0,0.0,402635.0,0.0,
(Rand),random-ippc04-p06-problem,PDB,iLAO*,0,,,,,,,,,,,
(Rand),random-ippc04-p07-problem,PDB,iLAO*,5,0.2706566,0.0189820676921545,1425.0,104.22704293992037,271.4,52.26846330245418,3.8,0.3919999999999999,264.6,51.54315566590777,
(Rand),random-ippc04-p08-problem,PDB,iLAO*,0,,,,,,,,,,,
(Rand),random-ippc04-p09-problem,PDB,iLAO*,5,1.0240736,0.0213068409869228,42747.4,9018.238672677497,6405.4,1539.7340849692196,9.6,2.368277010824536,9448.0,2299.90696124865,
(Rand),random-ippc04-p10-problem,PDB,iLAO*,0,,,,,,,,,,,
(Rand),random-ippc04-p13-problem,PDB,iLAO*,5,6.3621546,0.7178233145164906,1175177.2,197187.02633451173,124979.2,16101.668175393008,196.6,28.568975060369244,325884.8,48159.34810810196,
(RectTW),rectangle-tireworld-ippc08-unit-cost-p01-x5-y5-h2-v2-u0-s1,PDB,iLAO*,5,0.3499857999999999,0.0095863574633404,2740.2,568.3142942281146,48.8,0.3919999999999999,23.8,0.3919999999999999,140.4,1.176,
(RectTW),rectangle-tireworld-ippc08-unit-cost-p02-x5-y5-h2-v3-u15-s2,PDB,iLAO*,5,0.3793702,0.0089346028981832,1664.0,12.002499739637573,34.0,0.0,11.0,0.0,105.0,0.0,unsolveable
(RectTW),rectangle-tireworld-ippc08-unit-cost-p03-x7-y7-h4-v3-u0-s3,PDB,iLAO*,5,0.8968489999999999,0.0079719212303384,4392.4,540.8050241778454,90.4,0.7839999999999999,41.4,0.7839999999999999,278.0,3.92,
(RectTW),rectangle-tireworld-ippc08-unit-cost-p04-x7-y7-h3-v4-u20-s4,PDB,iLAO*,5,0.9339886,0.0151489444357636,9.0,0.0,5.0,0.0,1.0,0.0,3.0,0.0,unsolveable
(RectTW),rectangle-tireworld-ippc08-unit-cost-p05-x9-y9-h3-v5-u30-s5,PDB,iLAO*,5,2.0743864,0.0109941248281042,9.0,0.0,5.0,0.0,1.0,0.0,3.0,0.0,unsolveable
(RectTW),rectangle-tireworld-ippc08-unit-cost-p06-x11-y11-h4-v3-u40-s6,PDB,iLAO*,5,9.37086,0.4653363329054004,25353.6,2215.170252945809,212.4,1.7086883858679438,86.2,0.7333648478076924,635.4,5.564467270098728,
(RectTW),rectangle-tireworld-ippc08-unit-cost-p07-x11-y11-h3-v5-u80-s7,PDB,iLAO*,5,4.513579200000001,0.0771368227576257,9.0,0.0,5.0,0.0,1.0,0.0,3.0,0.0,unsolveable
(RectTW),rectangle-tireworld-ippc08-unit-cost-p08-x11-y11-h6-v7-u80-s8,PDB,iLAO*,5,4.6962686,0.4565736164172616,9.0,0.0,5.0,0.0,1.0,0.0,3.0,0.0,unsolveable
(RectTW),rectangle-tireworld-ippc08-unit-cost-p09-x15-y15-h4-v4-u60-s9,PDB,iLAO*,5,279.2995358,68.10412916950924,205099.2,8529.96358196587,445.2,0.3919999999999999,202.2,0.392,1922.0,0.0,
(RectTW),rectangle-tireworld-ippc08-unit-cost-p10-x15-y15-h10-v10-u150-s10,PDB,iLAO*,2,1328.416202,520.877154,3619144.0,1228241.84,244.0,0.0,25.0,1.96,1476.0,441.0,unsolveable
(RectTW),rectangle-tireworld-ippc08-unit-cost-p11-x20-y20-h5-v5-u80-s11,PDB,iLAO*,5,1421.8453822,157.2058909211861,205995.4,2218.7571912077265,790.2,0.3919999999999999,385.2,0.7333648478076924,2881.0,3.6668242390384624,
(RectTW),rectangle-tireworld-ippc08-unit-cost-p12-x20-y20-h15-v15-u300-s12,PDB,iLAO*,0,,,,,,,,,,,unsolveable
(RectTW),rectangle-tireworld-ippc08-unit-cost-p14-x30-y30-h25-v20-u700-s14,PDB,iLAO*,5,291.57105820000004,14.767360228253937,9.0,0.0,5.0,0.0,1.0,0.0,3.0,0.0,unsolveable
(Sched),schedule-ippc04-p01,PDB,iLAO*,5,0.0619892,0.0041906308201109,10518.4,1411.4822117816434,40.0,0.0,20.0,0.0,36.0,0.0,
(Sched),schedule-ippc04-p02,PDB,iLAO*,5,0.0872718,0.0060068276847121,17819.2,2402.606854311375,40.0,0.0,20.0,0.0,36.0,0.0,
(Sched),schedule-ippc04-p03,PDB,iLAO*,5,0.1603254,0.0098014490894242,56370.0,5678.3875739509,55.0,0.0,25.0,0.0,50.0,0.0,
(Sched),schedule-ippc04-p04,PDB,iLAO*,0,,,,,,,,,,,
(Sched),schedule-ippc04-p05,PDB,iLAO*,0,,,,,,,,,,,
(Sched),schedule-ippc08-p01,PDB,iLAO*,5,0.0993112,0.0168278456257877,16350.0,1571.6707034235892,55.0,0.0,25.0,0.0,50.0,0.0,
(Sched),schedule-ippc08-p02,PDB,iLAO*,5,0.1067774,0.0085324622077484,27710.0,2708.4902362755524,55.0,0.0,25.0,0.0,50.0,0.0,
(Sched),schedule-ippc08-p03,PDB,iLAO*,5,0.2420745999999999,0.0174771258848477,80188.8,3337.9893576918425,72.0,0.0,30.0,0.0,66.0,0.0,
(Sched),schedule-ippc08-p04,PDB,iLAO*,0,,,,,,,,,,,
(S&R),search-and-rescue-ippc08-strips-p01-z4,PDB,iLAO*,5,0.5152726000000001,0.0185701273668118,686223.2,11866.325124077124,1111.6,0.4800999895855028,804.4,1.920399958342012,2306.2,0.9601999791710056,
(S&R),search-and-rescue-ippc08-strips-p02-z5,PDB,iLAO*,5,1.8325788,0.0395507072386492,2627604.2,18455.675170970688,4001.4,2.1109846043967253,2882.8,13.385522925907676,9825.4,6.692761462953838,
(S&R),search-and-rescue-ippc08-strips-p03-z6,PDB,iLAO*,5,6.825054400000001,0.193310148876368,10029089.0,21416.32070013521,13962.8,7.995262597313487,9993.2,18.742355881798847,39624.6,9.371177940899424,
(S&R),search-and-rescue-ippc08-strips-p04-z8,PDB,iLAO*,5,112.7866434,3.909633009447309,142243676.0,716897.1910849295,160357.2,32.357219658060856,114178.4,78.10938135717117,578689.2,39.05469067858559,
(S&R),search-and-rescue-ippc08-strips-p05-z10,PDB,iLAO*,0,,,,,,,,,,,
(Sys),sysadmin-ippc08-unit-cost-p01,PDB,iLAO*,5,0.1724224,0.0065186606776742,82215.6,1132.674927459772,497.0,0.0,489.0,0.0,546.0,0.0,
(Sys),sysadmin-ippc08-unit-cost-p02,PDB,iLAO*,5,0.7208464,0.1249217138900805,410484.2,68072.06826676845,1606.0,0.0,1592.0,0.0,1780.0,0.0,
(Sys),sysadmin-ippc08-unit-cost-p03,PDB,iLAO*,5,2.7719888,0.1966769343832539,1439701.0,15932.956287925976,4717.6,0.4800999895855029,4702.8,1.5679999999999998,5257.8,1.5679999999999998,
(Sys),sysadmin-ippc08-unit-cost-p04,PDB,iLAO*,5,74.0072502,8.62506322293127,21602626.4,3721806.872900781,33126.2,0.3919999999999999,33096.4,0.7839999999999999,37121.4,0.7839999999999999,
(TriTW),triangle-tireworld-ippc08-p01,PDB,iLAO*,5,0.0394826,0.0074504451009651,549.0,0.0,45.0,0.0,24.0,0.0,35.0,0.0,
(TriTW),triangle-tireworld-ippc08-p02,PDB,iLAO*,5,0.0614416,0.0089860949513042,5967.0,37.70135276087584,402.8,4.176226047521853,227.6,4.185414674796274,364.6,9.673746740534405,
(TriTW),triangle-tireworld-ippc08-p03,PDB,iLAO*,5,0.3069582,0.014066674955536,107741.6,1960.9168303668569,4958.2,48.44571295790784,2952.0,45.199146894604105,4917.6,76.3258326911669,
(TriTW),triangle-tireworld-ippc08-p04,PDB,iLAO*,5,11.9705472,0.4204183303637859,2994235.0,34351.404313000065,67757.8,971.3896044245068,40991.8,785.5819370021181,66241.4,1873.9352436879988,
(TriTW),triangle-tireworld-ippc08-p05,PDB,iLAO*,5,594.8369055999999,9.861578018006748,83364712.4,472928.21868051065,996046.0,11758.712977240324,617056.6,11453.762208173172,974638.6,29570.483745109344,
(Zeno),zenotravel-ippc04-unit-cost_NO_FORALLS-p01-problem,PDB,iLAO*,5,0.1671596,0.0151785324102515,0.0,0.0,0.0,0.0,,,,,trivial (s0 in G)
(Zeno),zenotravel-ippc04-unit-cost_NO_FORALLS-p02-problem,PDB,iLAO*,5,147.758374,3.005154712065292,28269204.6,24628.00496883692,142918.0,247.8443056436843,87818.4,41.86148893673038,555817.6,606.303942866942,
(Zeno),zenotravel-ippc04-unit-cost_NO_FORALLS-p03-problem,PDB,iLAO*,0,,,,,,,,,,,
(Zeno),zenotravel-ippc04-unit-cost_NO_FORALLS-p04-problem,PDB,iLAO*,5,101.560654,1.431566643884,25828073.2,43745.86708485527,147955.2,184.0808376339047,73881.0,41.16466640214639,571469.0,1112.6844216757956,
(Zeno),zenotravel-ippc04-unit-cost_NO_FORALLS-p05-problem,PDB,iLAO*,5,640.665055,10.893137391482616,111407229.0,59684.31556151682,356904.0,764.5404537629123,220014.0,113.34325987900648,1653203.4,1602.2901819882686,
(Zeno),zenotravel-ippc08-unit-cost_NO_FORALLS-p01-c4-p2-a2-s3846-problem,PDB,iLAO*,5,6.405378000000001,0.142110315531373,2208021.8,3657.226515892063,20940.6,31.07450041432685,12838.0,17.888691399876066,64660.6,224.6775622442081,
(Zeno),zenotravel-ippc08-unit-cost_NO_FORALLS-p02-c5-p2-a2-s17462-problem,PDB,iLAO*,5,4.093411,0.0274727893042842,1198953.2,4345.030207386826,12626.6,81.72189385960165,7440.6,7.555539424819382,43970.4,178.37679920886575,
(Zeno),zenotravel-ippc08-unit-cost_NO_FORALLS-p04-c6-p2-a2-s12861-problem,PDB,iLAO*,5,40.0468964,0.7517391674186656,10970911.8,24608.196152542023,73615.2,368.2429514111573,35962.2,46.013687354959934,226110.0,612.5581700377523,
(Coresec),coresec-icaps16-bigger-p01-problem,PDB,iLAO*,5,0.084712,0.0102739281607844,17193.2,326.5441175461594,1204.0,4.554628415139923,368.6,1.9203999583420115,1929.0,9.601999791710057,
(Coresec),coresec-icaps16-bigger-p02-problem,PDB,iLAO*,5,0.0921999999999999,0.0083304853510368,18534.4,119.90587348416256,1612.6,6.834753543471775,367.8,1.5679999999999998,2129.0,9.066986268876777,
(Coresec),coresec-icaps16-bigger-p03-problem,PDB,iLAO*,5,0.5106798,0.0085773280833266,460009.6,3742.2119703212966,11774.2,54.50562304936987,5223.2,18.76284157583813,37140.4,159.91918539062158,
(Coresec),coresec-icaps16-bigger-p04-problem,PDB,iLAO*,5,0.567203,0.0135860088310703,491273.6,5314.387263820355,17006.0,75.59859998703679,5228.4,17.991476204025062,39775.6,117.98581379131986,
(Coresec),coresec-icaps16-bigger-p05-problem,PDB,iLAO*,5,1.8048282,0.0629679203090937,1687434.2,18435.300494507377,68655.0,335.5042559491608,13104.8,46.32571018343918,135616.0,651.9948175254156,
(Coresec),coresec-icaps16-bigger-p06-problem,PDB,iLAO*,5,29.107025799999995,1.2705928120422223,23016764.4,154111.52096912035,762969.8,4165.7190688456185,162953.6,562.4628361198631,2096174.4,8647.84310520583,
(Coresec),coresec-icaps16-bigger-p07-problem,PDB,iLAO*,5,1182.0561714,53.4030260782053,378289261.0,6943335.166810643,10785658.4,76024.88754378748,2428269.8,11968.048128729428,41001818.2,242423.1406037971,
(PARC-N),no-repair-parc_NOREPAIR_s4_c1_fN.N_uN-facts,PDB,iLAO*,0,,,,,,,,,,,
(PARC-N),no-repair-parc_NOREPAIR_s4_c2_fN.N_uN-facts,PDB,iLAO*,0,,,,,,,,,,,
(PARC-N),no-repair-parc_NOREPAIR_s4_c3_fN.N_uN-facts,PDB,iLAO*,0,,,,,,,,,,,
(PARC-N),no-repair-parc_NOREPAIR_s5_c1_fN.N_uN-facts,PDB,iLAO*,0,,,,,,,,,,,
(PARC-N),no-repair-parc_NOREPAIR_s5_c2_fN.N_uN-facts,PDB,iLAO*,0,,,,,,,,,,,
(PARC-N),no-repair-parc_NOREPAIR_s5_c3_fN.N_uN-facts,PDB,iLAO*,0,,,,,,,,,,,
(PARC-R),with-repair-parc_REPAIR_s4_c1_fN.N_uN-facts,PDB,iLAO*,0,,,,,,,,,,,
(PARC-R),with-repair-parc_REPAIR_s4_c2_fN.N_uN-facts,PDB,iLAO*,0,,,,,,,,,,,
(PARC-R),with-repair-parc_REPAIR_s4_c3_fN.N_uN-facts,PDB,iLAO*,0,,,,,,,,,,,
(PARC-R),with-repair-parc_REPAIR_s5_c1_fN.N_uN-facts,PDB,iLAO*,0,,,,,,,,,,,
(PARC-R),with-repair-parc_REPAIR_s5_c2_fN.N_uN-facts,PDB,iLAO*,0,,,,,,,,,,,
(PARC-R),with-repair-parc_REPAIR_s5_c3_fN.N_uN-facts,PDB,iLAO*,0,,,,,,,,,,,
(TriTW),intermediate-triangle-tireworld-tire6-start10,ROC,LRTDP,0,,,,,,,,,,,
(TriTW),intermediate-triangle-tireworld-tire6-start8,ROC,LRTDP,5,719.1207134,22.53870902988037,58287169.4,517807.6246610298,1538379.2,37504.99085791628,,,,,
(TriTW),intermediate-triangle-tireworld-tire6-start9,ROC,LRTDP,5,1684.2089882,64.27421116645672,140848419.8,1672007.0223325312,3157197.0,64475.47763683181,,,,,
(BW),blocksworld-ippc04-p01,ROC,LRTDP,5,0.4129604,0.0323195817496664,7846.0,1126.3516500276455,1228.8,162.2868164208048,,,,,
(BW),blocksworld-ippc04-p02,ROC,LRTDP,5,0.3027738,0.0337733719521599,5116.0,1025.52230992797,796.6,172.17860940314273,,,,,
(BW),blocksworld-ippc04-p03,ROC,LRTDP,5,0.2290506,0.0450317263910423,2469.2,1303.7514852394224,508.4,223.6046481091124,,,,,
(BW),blocksworld-ippc04-p04,ROC,LRTDP,5,0.5287729999999999,0.0363171563711191,11817.0,1313.7244146928228,1811.0,219.5042494349483,,,,,
(BW),blocksworld-ippc04-p05,ROC,LRTDP,5,0.3177464,0.0198547793222794,5193.6,583.3641613400673,951.2,81.61558615852734,,,,,
(BW),blocksworld-ippc04-p06,ROC,LRTDP,0,,,,,,,,,,,
(BW),blocksworld-ippc04-p07,ROC,LRTDP,0,,,,,,,,,,,
(BW),blocksworld-ippc04-p08,ROC,LRTDP,5,477.4745772,53.109223882249815,2057051.2,175057.94657877163,522210.8,48875.48025991175,,,,,
(BW),blocksworld-ippc04-p09,ROC,LRTDP,5,561.1865546,100.1663061321824,2229946.8,381560.0139840176,611809.8,101020.6880124513,,,,,
(BW),blocksworld-ippc04-p10,ROC,LRTDP,0,,,,,,,,,,,
(BW),blocksworld-ippc08-p01-c0-C0-g1-n5,ROC,LRTDP,5,0.2305693999999999,0.0162439598467398,4125.4,646.9916952295447,469.2,67.51168716600111,,,,,
(BW),blocksworld-ippc08-p02-c1-C1-g20-n5,ROC,LRTDP,5,0.2333995999999999,0.0235925274299896,4342.0,473.7182546619878,483.8,51.3033510016646,,,,,
(BW),blocksworld-ippc08-p03-c1-C2-g40-n5,ROC,LRTDP,5,0.2234986,0.0233582728560194,4081.4,608.1667447139805,462.8,63.08764747555578,,,,,
(BW),blocksworld-ippc08-p04-c2-C1-g0-n5,ROC,LRTDP,5,0.2314105999999999,0.026029370353751,4374.4,519.2648533609799,485.2,60.53322842869029,,,,,
(BW),blocksworld-ippc08-p05-c0-C0-g1-n10,ROC,LRTDP,0,,,,,,,,,,,
(BW),blocksworld-ippc08-p06-c1-C1-g20-n10,ROC,LRTDP,0,,,,,,,,,,,
(BW),blocksworld-ippc08-p07-c1-C2-g0-n10,ROC,LRTDP,0,,,,,,,,,,,
(BW),blocksworld-ippc08-p08-c3-C2-g0-n10,ROC,LRTDP,0,,,,,,,,,,,
(BW),blocksworld-ippc08-p09-c0-C0-g1-n14,ROC,LRTDP,0,,,,,,,,,,,
(BW),blocksworld-ippc08-p10-c1-C1-g20-n14,ROC,LRTDP,0,,,,,,,,,,,
(BW),blocksworld-ippc08-p11-c1-C2-g0-n14,ROC,LRTDP,0,,,,,,,,,,,
(BW),blocksworld-ippc08-p12-c3-C2-g0-n14,ROC,LRTDP,0,,,,,,,,,,,
(Elev),elevators-ippc04-p01,ROC,LRTDP,5,0.1580826,0.0156233557602589,22954.0,595.4207735710941,854.2,3.528,,,,,
(Elev),elevators-ippc04-p02,ROC,LRTDP,5,0.1109658,0.0103199327488692,3405.0,732.5301703001726,455.8,137.72874116900945,,,,,
(Elev),elevators-ippc04-p03,ROC,LRTDP,5,0.1746028,0.009693674295394,23834.2,435.1947737553841,866.0,0.0,,,,,
(Elev),elevators-ippc04-p04,ROC,LRTDP,5,0.1614242,0.0121747412663392,16661.4,749.6541627817456,867.0,16.055259574357557,,,,,
(Elev),elevators-ippc04-p05,ROC,LRTDP,5,0.1563974,0.0185388969671168,14853.0,584.7849772352228,841.8,7.601162016428804,,,,,
(Elev),elevators-ippc04-p06,ROC,LRTDP,5,2.6890498000000003,0.0657725808634903,477610.6,11107.329331353058,14765.2,7.922862109111834,,,,,
(Elev),elevators-ippc04-p07,ROC,LRTDP,5,2.7577666,0.0383881053155346,568028.6,9454.133549998964,14632.0,21.648907593687028,,,,,
(Elev),elevators-ippc04-p08,ROC,LRTDP,5,4.0605514,0.0648256434601773,1264248.2,21096.64619234972,14776.2,3.0616178729554084,,,,,
(Elev),elevators-ippc04-p09,ROC,LRTDP,5,3.4674726,0.0453250270865562,962463.2,19087.340096168035,14759.8,0.3919999999999999,,,,,
(Elev),elevators-ippc04-p10,ROC,LRTDP,5,5.7615110000000005,0.0820900206950579,2238758.8,25325.975458212542,14795.6,0.7839999999999999,,,,,
(Elev),elevators-ippc04-p11,ROC,LRTDP,5,375.4995862,6.969335364201879,119315618.2,944070.7164781982,538180.2,60.24059282576824,,,,,
(Elev),elevators-ippc04-p12,ROC,LRTDP,5,206.118834,4.568499900817799,48556823.8,452031.049772386,537961.0,86.39132178639241,,,,,
(Elev),elevators-ippc04-p13,ROC,LRTDP,5,1122.2280162,21.88385587400496,348879645.6,851166.8045641719,538299.0,0.0,,,,,
(Elev),elevators-ippc04-p14,ROC,LRTDP,5,220.9372568,3.234758727625371,53849911.2,726429.6321637976,538228.6,27.254573487765317,,,,,
(Elev),elevators-ippc04-p15,ROC,LRTDP,5,429.6623716,13.79907509666641,119575175.4,580863.4597921254,538010.2,73.23269259012672,,,,,
(ExBW),exploding-blocksworld-ippc04-fixed-p01,ROC,LRTDP,5,0.08892,0.0209034951971578,99.2,32.95132507199066,84.6,26.756692172239823,,,,,
(ExBW),exploding-blocksworld-ippc04-fixed-p02,ROC,LRTDP,5,0.0624828,0.0123489944484004,115.6,50.15302599046242,78.0,32.48518924063703,,,,,
(ExBW),exploding-blocksworld-ippc04-fixed-p03,ROC,LRTDP,5,0.0901792,0.0126733493057795,185.8,44.47688730115902,123.2,21.456405663577485,,,,,
(ExBW),exploding-blocksworld-ippc04-fixed-p04,ROC,LRTDP,5,0.2223263999999999,0.0288207028229655,13089.0,1262.4632193929451,1118.8,124.63719984017612,,,,,
(ExBW),exploding-blocksworld-ippc04-fixed-p05,ROC,LRTDP,5,0.0627158,0.0146215411919997,0.0,0.0,0.0,0.0,,,,,trivial (s0 in G)
(ExBW),exploding-blocksworld-ippc04-fixed-p06,ROC,LRTDP,5,1.9361868,0.3489487655562457,27600.8,5188.606104616538,7020.6,1280.2531260090716,,,,,
(ExBW),exploding-blocksworld-ippc04-fixed-p07,ROC,LRTDP,5,21.0299176,1.1037872801190456,774881.0,34532.97121230318,77232.2,3827.842686556489,,,,,
(ExBW),exploding-blocksworld-ippc04-fixed-p08,ROC,LRTDP,5,1.7551208000000005,0.4156720450839661,12060.2,3532.844972775341,5758.4,1429.1094544281764,,,,,
(ExBW),exploding-blocksworld-ippc04-fixed-p09,ROC,LRTDP,5,60.6337096,2.854998270838588,2081768.8,83949.93792606391,262452.0,15789.351718157395,,,,,
(ExBW),exploding-blocksworld-ippc04-fixed-p10,ROC,LRTDP,5,511.5206502,17.92601222312832,44146321.6,1346707.296636177,1097489.2,21451.0022301706,,,,,
(ExBW),exploding-blocksworld-ippc08-fixed-p01-n2-N5-s1,ROC,LRTDP,5,0.1156461999999999,0.0157420357591838,1183.4,158.95660419120685,296.2,24.016199199706847,,,,,
(ExBW),exploding-blocksworld-ippc08-fixed-p02-n3-N5-s2,ROC,LRTDP,5,0.2040266,0.0239142966932121,28739.2,2080.353953245457,747.4,57.276284237020825,,,,,
(ExBW),exploding-blocksworld-ippc08-fixed-p03-n3-N6-s3,ROC,LRTDP,5,0.3105732,0.0098364903837122,26551.6,545.6287977150766,1438.8,27.4777740000896,,,,,
(ExBW),exploding-blocksworld-ippc08-fixed-p04-n4-N6-s4,ROC,LRTDP,5,0.4533504,0.0224815084680493,31795.8,1062.688322126483,1990.0,31.33549042220338,,,,,
(ExBW),exploding-blocksworld-ippc08-fixed-p05-n5-N7-s5,ROC,LRTDP,5,0.1370602,0.0112649545191476,1572.4,539.9046183317938,189.0,40.71425303256833,,,,,
(ExBW),exploding-blocksworld-ippc08-fixed-p06-n6-N8-s6,ROC,LRTDP,5,0.5289682,0.0283349421945678,14484.0,1170.629587529719,2052.2,165.13788052412443,,,,,
(ExBW),exploding-blocksworld-ippc08-fixed-p07-n7-N9-s7,ROC,LRTDP,5,1.2466724,0.2751658541472282,13814.6,4686.9078662606535,5149.8,1140.2110947293925,,,,,
(ExBW),exploding-blocksworld-ippc08-fixed-p08-n8-N10-s8,ROC,LRTDP,5,63.5984908,2.9117138464526997,2856840.0,174861.48990645,229972.6,7226.286986425047,,,,,
(ExBW),exploding-blocksworld-ippc08-fixed-p09-n9-N11-s9,ROC,LRTDP,5,21.07415,1.220043121709576,1678594.4,44982.18831589339,65518.8,4575.113491005878,,,,,
(ExBW),exploding-blocksworld-ippc08-fixed-p10-n10-N12-s10,ROC,LRTDP,5,148.32125839999998,5.55362832125981,8833660.0,225727.0000861522,448037.2,14488.44197448656,,,,,
(ExBW),exploding-blocksworld-ippc08-fixed-p11-n11-N13-s11,ROC,LRTDP,5,1272.0829704,41.269653879659145,20785558.0,745163.6512384289,4395950.8,99872.50428661887,,,,,
(Rand),random-ippc04-p03-problem,ROC,LRTDP,5,0.2669114,0.0214953977386029,710.4,91.21394419714564,384.8,58.50657453654247,,,,,
(Rand),random-ippc04-p04-problem,ROC,LRTDP,5,0.4773342,0.0205552485475156,3513.4,2726.5334918199705,227.2,6.658232798573507,,,,,
(Rand),random-ippc04-p05-problem,ROC,LRTDP,0,,,,,,,,,,,
(Rand),random-ippc04-p06-problem,ROC,LRTDP,5,1.5495182,0.1267276792906688,2260.8,105.44435681438812,609.6,52.31988623840842,,,,,
(Rand),random-ippc04-p07-problem,ROC,LRTDP,5,20.9105456,31.80473581840881,143999.6,249449.2930561687,44045.8,68236.9159022093,,,,,
(Rand),random-ippc04-p08-problem,ROC,LRTDP,5,1365.9010414,176.00106298021527,762647.8,3481.4520289649254,767439.6,2926.5764530345004,,,,,
(Rand),random-ippc04-p09-problem,ROC,LRTDP,5,25.3056972,27.33464494444063,48332.2,58281.12222840518,14991.4,17870.4570368532,,,,,
(Rand),random-ippc04-p10-problem,ROC,LRTDP,0,,,,,,,,,,,
(Rand),random-ippc04-p13-problem,ROC,LRTDP,3,545.5468573333334,291.3818256850171,1178278.3333333333,579868.3419974413,204680.66666666663,87135.88583759303,,,,,
(RectTW),rectangle-tireworld-ippc08-unit-cost-p01-x5-y5-h2-v2-u0-s1,ROC,LRTDP,5,0.1992882,0.0171296261570293,1148.2,36.4444067587881,49.0,0.0,,,,,
(RectTW),rectangle-tireworld-ippc08-unit-cost-p02-x5-y5-h2-v3-u15-s2,ROC,LRTDP,5,0.2398214,0.0539048421677646,508.8,47.706577156614365,30.4,4.320899906269526,,,,,unsolveable
(RectTW),rectangle-tireworld-ippc08-unit-cost-p03-x7-y7-h4-v3-u0-s3,ROC,LRTDP,5,0.531349,0.0133039770980379,2976.4,28.562250891692685,97.0,0.0,,,,,
(RectTW),rectangle-tireworld-ippc08-unit-cost-p04-x7-y7-h3-v4-u20-s4,ROC,LRTDP,5,0.4359251999999999,0.0121241954554314,3.0,0.0,5.0,0.0,,,,,unsolveable
(RectTW),rectangle-tireworld-ippc08-unit-cost-p05-x9-y9-h3-v5-u30-s5,ROC,LRTDP,5,1.0437284,0.009703222103797,3.0,0.0,5.0,0.0,,,,,unsolveable
(RectTW),rectangle-tireworld-ippc08-unit-cost-p06-x11-y11-h4-v3-u40-s6,ROC,LRTDP,5,6.947524199999999,1.6658516698749204,12477.4,175.69582560778156,241.8,0.392,,,,,
(RectTW),rectangle-tireworld-ippc08-unit-cost-p07-x11-y11-h3-v5-u80-s7,ROC,LRTDP,5,2.5982,0.0490693684494252,3.0,0.0,5.0,0.0,,,,,unsolveable
(RectTW),rectangle-tireworld-ippc08-unit-cost-p08-x11-y11-h6-v7-u80-s8,ROC,LRTDP,5,2.6059372,0.0260503714317331,3.0,0.0,5.0,0.0,,,,,unsolveable
(RectTW),rectangle-tireworld-ippc08-unit-cost-p09-x15-y15-h4-v4-u60-s9,ROC,LRTDP,5,187.4758942,71.42201044585148,84162.2,271.7802746043207,449.6,0.4800999895855029,,,,,
(RectTW),rectangle-tireworld-ippc08-unit-cost-p10-x15-y15-h10-v10-u150-s10,ROC,LRTDP,5,466.6309886,158.68278397451584,306415.6,381.9605034241106,165.6,94.09959795875857,,,,,unsolveable
(RectTW),rectangle-tireworld-ippc08-unit-cost-p11-x20-y20-h5-v5-u80-s11,ROC,LRTDP,5,782.1447894,117.71642519578052,88838.0,600.4388902794356,794.0,0.0,,,,,
(RectTW),rectangle-tireworld-ippc08-unit-cost-p12-x20-y20-h15-v15-u300-s12,ROC,LRTDP,0,,,,,,,,,,,unsolveable
(RectTW),rectangle-tireworld-ippc08-unit-cost-p14-x30-y30-h25-v20-u700-s14,ROC,LRTDP,0,,,,,,,,,,,unsolveable
(Sched),schedule-ippc04-p01,ROC,LRTDP,5,0.0626258,0.0058160428297652,5285.6,152.07958158806198,40.0,0.0,,,,,
(Sched),schedule-ippc04-p02,ROC,LRTDP,5,0.0778024,0.0060391460904813,7912.8,124.88199639659832,40.0,0.0,,,,,
(Sched),schedule-ippc04-p03,ROC,LRTDP,5,0.1197792,0.0033541685299435,21163.2,502.5336036366125,55.0,0.0,,,,,
(Sched),schedule-ippc04-p04,ROC,LRTDP,5,31.104204,0.4401819677176396,7759401.2,35199.77690397119,99855.2,874.0906501639288,,,,,
(Sched),schedule-ippc04-p05,ROC,LRTDP,5,1578.4744236,29.09613408584809,326777611.8,1071907.2912943528,2153609.2,2429.838916846958,,,,,
(Sched),schedule-ippc08-p01,ROC,LRTDP,5,0.0791654,0.0078006956613122,8201.2,211.33708520749497,55.0,0.0,,,,,
(Sched),schedule-ippc08-p02,ROC,LRTDP,5,0.0874658,0.0089590242525703,12353.2,391.09461042566153,55.0,0.0,,,,,
(Sched),schedule-ippc08-p03,ROC,LRTDP,5,0.1477748,0.0070134413384061,30133.4,735.5934052559198,72.0,0.0,,,,,
(Sched),schedule-ippc08-p04,ROC,LRTDP,5,1247.5377798,27.549759772977488,218057090.4,1801177.8511455192,2378773.2,3460.436001925769,,,,,
(S&R),search-and-rescue-ippc08-strips-p01-z4,ROC,LRTDP,5,0.2428188,0.0086203863927357,213788.4,2688.251831286645,1088.6,4.185414674796274,,,,,
(S&R),search-and-rescue-ippc08-strips-p02-z5,ROC,LRTDP,5,0.8776578,0.0135241561940545,982809.0,19188.30961756037,3909.8,5.990037061654961,,,,,
(S&R),search-and-rescue-ippc08-strips-p03-z6,ROC,LRTDP,5,3.8288482,0.0656869198891267,4405411.6,110713.33047100811,13638.8,17.41424428449308,,,,,
(S&R),search-and-rescue-ippc08-strips-p04-z8,ROC,LRTDP,5,67.06903480000001,1.391287521581605,77155370.2,659678.2002087826,155847.8,32.75839654195546,,,,,
(S&R),search-and-rescue-ippc08-strips-p05-z10,ROC,LRTDP,5,1306.0454994,28.101591624207764,1336086856.8,5907045.740838957,1689907.6,139.29878713039824,,,,,
(Sys),sysadmin-ippc08-unit-cost-p01,ROC,LRTDP,5,0.2303404,0.0152998055424379,105405.6,6598.640298468768,444.0,0.0,,,,,
(Sys),sysadmin-ippc08-unit-cost-p02,ROC,LRTDP,5,1.220067,0.0374809580571147,751386.4,25699.760675871203,1568.2,2.268864032946884,,,,,
(Sys),sysadmin-ippc08-unit-cost-p03,ROC,LRTDP,5,5.0930486,0.155384093667361,3062980.4,38226.18994566442,4693.0,3.9686975193380514,,,,,
(Sys),sysadmin-ippc08-unit-cost-p04,ROC,LRTDP,5,105.7908922,11.201159863170949,56801230.0,1415839.943040669,33000.6,9.121899802124554,,,,,
(TriTW),triangle-tireworld-ippc08-p01,ROC,LRTDP,5,0.0435382,0.0105141495698655,228.4,25.08953120327281,45.8,2.352,,,,,
(TriTW),triangle-tireworld-ippc08-p02,ROC,LRTDP,5,0.1294188,0.0096011715715064,7152.8,809.572157465905,594.0,28.423379109458462,,,,,
(TriTW),triangle-tireworld-ippc08-p03,ROC,LRTDP,5,1.4986536,0.0248156099140797,118749.2,2072.612785115444,7508.4,125.3459459894894,,,,,
(TriTW),triangle-tireworld-ippc08-p04,ROC,LRTDP,5,23.144692,0.417413601282238,2098562.0,23915.106117113508,86230.2,1223.7239869447685,,,,,
(TriTW),triangle-tireworld-ippc08-p05,ROC,LRTDP,5,479.0886726,13.759450678016115,50548219.6,898423.7553966586,1066352.4,29654.82486336036,,,,,
(Zeno),zenotravel-ippc04-unit-cost_NO_FORALLS-p01-problem,ROC,LRTDP,5,0.165662,0.0069556854623653,0.0,0.0,0.0,0.0,,,,,trivial (s0 in G)
(Zeno),zenotravel-ippc04-unit-cost_NO_FORALLS-p02-problem,ROC,LRTDP,0,,,,,,,,,,,
(Zeno),zenotravel-ippc04-unit-cost_NO_FORALLS-p03-problem,ROC,LRTDP,0,,,,,,,,,,,
(Zeno),zenotravel-ippc04-unit-cost_NO_FORALLS-p04-problem,ROC,LRTDP,0,,,,,,,,,,,
(Zeno),zenotravel-ippc04-unit-cost_NO_FORALLS-p05-problem,ROC,LRTDP,0,,,,,,,,,,,
(Zeno),zenotravel-ippc08-unit-cost_NO_FORALLS-p01-c4-p2-a2-s3846-problem,ROC,LRTDP,5,65.0988112,2.2449491781992834,7366258.8,239084.86961292237,232765.0,3679.702924682915,,,,,
(Zeno),zenotravel-ippc08-unit-cost_NO_FORALLS-p02-c5-p2-a2-s17462-problem,ROC,LRTDP,5,49.8853022,1.3716742317193158,3715017.8,74035.57278064365,177684.6,3069.6831827301003,,,,,
(Zeno),zenotravel-ippc08-unit-cost_NO_FORALLS-p04-c6-p2-a2-s12861-problem,ROC,LRTDP,5,857.7249476000001,12.770265158721292,107645753.0,590134.7608999588,1071302.6,103.84227239424222,,,,,
(Coresec),coresec-icaps16-bigger-p01-problem,ROC,LRTDP,5,0.7782178,0.0304992791006407,212715.8,2727.092992192236,7173.4,62.07540008731317,,,,,
(Coresec),coresec-icaps16-bigger-p02-problem,ROC,LRTDP,5,2.2483706000000003,0.0677621781224454,688232.6,13928.874910174762,19953.6,82.55439961625304,,,,,
(Coresec),coresec-icaps16-bigger-p03-problem,ROC,LRTDP,5,7.5311244,0.2126409695849206,3431980.2,34489.47331423059,54933.8,162.54581453854786,,,,,
(Coresec),coresec-icaps16-bigger-p04-problem,ROC,LRTDP,5,19.898987,0.2617302105313082,8788207.0,32232.96241846845,136143.6,186.46760559410848,,,,,
(Coresec),coresec-icaps16-bigger-p05-problem,ROC,LRTDP,5,467.087195,16.62363922503543,222353730.8,681782.1508270333,1868605.8,1260.9162145297364,,,,,
(Coresec),coresec-icaps16-bigger-p06-problem,ROC,LRTDP,0,,,,,,,,,,,
(Coresec),coresec-icaps16-bigger-p07-problem,ROC,LRTDP,0,,,,,,,,,,,
(PARC-N),no-repair-parc_NOREPAIR_s4_c1_fN.N_uN-facts,ROC,LRTDP,5,9.2195468,0.5122452974320996,437391.4,10310.142331895133,32424.2,1500.3029166351705,,,,,
(PARC-N),no-repair-parc_NOREPAIR_s4_c2_fN.N_uN-facts,ROC,LRTDP,5,13.4020598,0.4351640620102641,584573.6,4817.104987165631,42872.2,2447.5790192073478,,,,,
(PARC-N),no-repair-parc_NOREPAIR_s4_c3_fN.N_uN-facts,ROC,LRTDP,5,16.7886798,1.0286707827334274,683305.0,10054.42598836552,55032.8,4082.896384664201,,,,,
(PARC-N),no-repair-parc_NOREPAIR_s5_c1_fN.N_uN-facts,ROC,LRTDP,5,102.2302196,4.449026326563909,5270625.8,106969.73869888805,319580.6,19050.21372949122,,,,,
(PARC-N),no-repair-parc_NOREPAIR_s5_c2_fN.N_uN-facts,ROC,LRTDP,5,149.9874862,7.80842969263602,7136749.8,138024.1465740504,412022.2,27758.499155106783,,,,,
(PARC-N),no-repair-parc_NOREPAIR_s5_c3_fN.N_uN-facts,ROC,LRTDP,5,185.7150118,10.854013527505492,8356233.2,148053.3955382878,519935.8,45704.7698438531,,,,,
(PARC-R),with-repair-parc_REPAIR_s4_c1_fN.N_uN-facts,ROC,LRTDP,5,93.8276616,1.83226434745069,40838601.8,631244.8887270595,92091.6,612.141481633127,,,,,
(PARC-R),with-repair-parc_REPAIR_s4_c2_fN.N_uN-facts,ROC,LRTDP,5,684.1806762,16.493206204131287,353312267.2,6318293.250718174,195695.4,479.5293717135583,,,,,
(PARC-R),with-repair-parc_REPAIR_s4_c3_fN.N_uN-facts,ROC,LRTDP,5,1517.2124802,60.08175581460172,786303306.8,12156082.511891646,265497.2,654.0985461411759,,,,,
(PARC-R),with-repair-parc_REPAIR_s5_c1_fN.N_uN-facts,ROC,LRTDP,5,1327.755808,35.04397989463283,549475614.2,5442234.993063731,985795.0,6896.882913177517,,,,,
(PARC-R),with-repair-parc_REPAIR_s5_c2_fN.N_uN-facts,ROC,LRTDP,0,,,,,,,,,,,
(PARC-R),with-repair-parc_REPAIR_s5_c3_fN.N_uN-facts,ROC,LRTDP,0,,,,,,,,,,,
(TriTW),intermediate-triangle-tireworld-tire6-start10,LMCut,LRTDP,0,,,,,,,,,,,
(TriTW),intermediate-triangle-tireworld-tire6-start8,LMCut,LRTDP,0,,,,,,,,,,,
(TriTW),intermediate-triangle-tireworld-tire6-start9,LMCut,LRTDP,0,,,,,,,,,,,
(BW),blocksworld-ippc04-p01,LMCut,LRTDP,5,24.5408326,1.8251249202295323,303364.0,34731.330059914486,34058.8,2822.451068426873,,,,,
(BW),blocksworld-ippc04-p02,LMCut,LRTDP,5,17.325017600000002,1.3379265792823365,178177.8,17251.221119586404,23792.6,1588.200057957435,,,,,
(BW),blocksworld-ippc04-p03,LMCut,LRTDP,5,11.6388124,0.8495935791629297,104367.8,9412.09688405214,16662.2,1226.3318251370629,,,,,
(BW),blocksworld-ippc04-p04,LMCut,LRTDP,5,27.7214916,1.519954803804466,365444.4,36370.20665142853,38649.6,2884.406655562977,,,,,
(BW),blocksworld-ippc04-p05,LMCut,LRTDP,5,15.6054212,1.2196526953394642,155482.2,21776.218911924632,21933.8,2105.5149270579864,,,,,
(BW),blocksworld-ippc04-p06,LMCut,LRTDP,0,,,,,,,,,,,
(BW),blocksworld-ippc04-p07,LMCut,LRTDP,0,,,,,,,,,,,
(BW),blocksworld-ippc04-p08,LMCut,LRTDP,0,,,,,,,,,,,
(BW),blocksworld-ippc04-p09,LMCut,LRTDP,0,,,,,,,,,,,
(BW),blocksworld-ippc04-p10,LMCut,LRTDP,0,,,,,,,,,,,
(BW),blocksworld-ippc08-p01-c0-C0-g1-n5,LMCut,LRTDP,5,0.9291504,0.0204294295137327,20933.2,841.5753409315174,1120.8,3.790459602739488,,,,,
(BW),blocksworld-ippc08-p02-c1-C1-g20-n5,LMCut,LRTDP,5,0.9355428,0.014931956174398,20625.2,903.3751203481308,1120.4,3.5388721367124862,,,,,
(BW),blocksworld-ippc08-p03-c1-C2-g40-n5,LMCut,LRTDP,5,0.9237626,0.013746779072336,20431.2,1172.9702491981625,1120.4,3.5388721367124862,,,,,
(BW),blocksworld-ippc08-p04-c2-C1-g0-n5,LMCut,LRTDP,5,0.9218898,0.0149125855630921,20758.6,881.9326169815922,1119.8,3.473128848747193,,,,,
(BW),blocksworld-ippc08-p05-c0-C0-g1-n10,LMCut,LRTDP,0,,,,,,,,,,,
(BW),blocksworld-ippc08-p06-c1-C1-g20-n10,LMCut,LRTDP,0,,,,,,,,,,,
(BW),blocksworld-ippc08-p07-c1-C2-g0-n10,LMCut,LRTDP,0,,,,,,,,,,,
(BW),blocksworld-ippc08-p08-c3-C2-g0-n10,LMCut,LRTDP,0,,,,,,,,,,,
(BW),blocksworld-ippc08-p09-c0-C0-g1-n14,LMCut,LRTDP,0,,,,,,,,,,,
(BW),blocksworld-ippc08-p10-c1-C1-g20-n14,LMCut,LRTDP,0,,,,,,,,,,,
(BW),blocksworld-ippc08-p11-c1-C2-g0-n14,LMCut,LRTDP,0,,,,,,,,,,,
(BW),blocksworld-ippc08-p12-c3-C2-g0-n14,LMCut,LRTDP,0,,,,,,,,,,,
(Elev),elevators-ippc04-p01,LMCut,LRTDP,5,0.0481716,0.0151864806538268,2954.0,873.851882918381,449.0,78.39019938742342,,,,,
(Elev),elevators-ippc04-p02,LMCut,LRTDP,5,0.0141882,0.0028174776320503,78.0,0.0,35.0,0.0,,,,,
(Elev),elevators-ippc04-p03,LMCut,LRTDP,5,0.0525738,0.0043515662662062,2993.8,316.80076070615735,474.6,34.690338943285056,,,,,
(Elev),elevators-ippc04-p04,LMCut,LRTDP,5,0.0267811999999999,0.0023393766692313,2845.4,197.4281449439264,345.2,33.25883798330904,,,,,
(Elev),elevators-ippc04-p05,LMCut,LRTDP,5,0.0277764,0.0110547678518228,1189.2,266.9858157730481,308.4,86.60139730974322,,,,,
(Elev),elevators-ippc04-p06,LMCut,LRTDP,5,0.8526718000000001,0.0455827676510224,18719.6,1546.7567721190037,2361.8,178.78960569339594,,,,,
(Elev),elevators-ippc04-p07,LMCut,LRTDP,5,0.8302768,0.1358074192856089,11727.4,1477.770670522324,2041.4,332.2720891317836,,,,,
(Elev),elevators-ippc04-p08,LMCut,LRTDP,5,6.7964632,0.1343708970293394,488240.0,11725.542764846325,13975.2,94.56954300407716,,,,,
(Elev),elevators-ippc04-p09,LMCut,LRTDP,5,5.5000154000000006,0.1738024823919082,210858.6,5849.947240905341,12844.0,333.3112402545105,,,,,
(Elev),elevators-ippc04-p10,LMCut,LRTDP,5,9.1582082,0.1488864367212399,1464777.2,25707.31798907821,14703.6,21.04240518571962,,,,,
(Elev),elevators-ippc04-p11,LMCut,LRTDP,5,943.9092856,13.70706598512963,68808410.6,683569.9480872229,516577.2,1453.211120651091,,,,,
(Elev),elevators-ippc04-p12,LMCut,LRTDP,5,382.9622376,32.27827335601292,8252606.8,264980.3768011334,321868.8,17853.23492802086,,,,,
(Elev),elevators-ippc04-p13,LMCut,LRTDP,5,1756.9521834,13.177031774901408,292526120.6,684025.1448494786,537844.4,58.46453639600677,,,,,
(Elev),elevators-ippc04-p14,LMCut,LRTDP,5,423.3534298000001,19.81065767452622,4303822.0,195784.59808861735,317502.0,8500.778745889107,,,,,
(Elev),elevators-ippc04-p15,LMCut,LRTDP,5,1017.974876,20.43782832158187,70213193.8,439703.390177651,534185.0,417.51082515307314,,,,,
(ExBW),exploding-blocksworld-ippc04-fixed-p01,LMCut,LRTDP,5,0.0168628,0.0084158084465976,120.8,30.46145209933368,103.8,27.21790116816504,,,,,
(ExBW),exploding-blocksworld-ippc04-fixed-p02,LMCut,LRTDP,5,0.0063402,0.0043944630811674,32.0,0.0,26.0,0.0,,,,,
(ExBW),exploding-blocksworld-ippc04-fixed-p03,LMCut,LRTDP,5,0.013833,0.0042000882942719,95.2,4.443627347111817,83.4,5.834087417925788,,,,,
(ExBW),exploding-blocksworld-ippc04-fixed-p04,LMCut,LRTDP,5,0.0960494,0.0183008908533485,11384.6,453.2919420594193,840.6,50.728041318387206,,,,,
(ExBW),exploding-blocksworld-ippc04-fixed-p05,LMCut,LRTDP,5,0.0059674,0.0037390574119069,0.0,0.0,0.0,0.0,,,,,trivial (s0 in G)
(ExBW),exploding-blocksworld-ippc04-fixed-p06,LMCut,LRTDP,5,2.5614964,0.0462731092494785,19807.4,3477.4642688165754,6225.6,151.87609876474966,,,,,
(ExBW),exploding-blocksworld-ippc04-fixed-p07,LMCut,LRTDP,5,8.0762102,0.1499259412657616,208754.0,10737.89796744223,23519.2,662.3852985566632,,,,,
(ExBW),exploding-blocksworld-ippc04-fixed-p08,LMCut,LRTDP,5,1.5142892,0.4576438452351417,9085.6,3669.1660471469536,4680.4,1461.3133028396066,,,,,
(ExBW),exploding-blocksworld-ippc04-fixed-p09,LMCut,LRTDP,5,88.85004280000001,4.292437569590432,1687779.8,65421.94039967497,228575.0,13286.834983624956,,,,,
(ExBW),exploding-blocksworld-ippc04-fixed-p10,LMCut,LRTDP,5,597.8562038,13.895498649073703,46707051.2,1413098.5830580832,885181.8,4512.0203999255145,,,,,
(ExBW),exploding-blocksworld-ippc08-fixed-p01-n2-N5-s1,LMCut,LRTDP,5,0.016308,0.0076484958727321,400.8,28.07251011220764,137.0,0.0,,,,,
(ExBW),exploding-blocksworld-ippc08-fixed-p02-n3-N5-s2,LMCut,LRTDP,5,0.0987194,0.0103766228223298,30435.0,2787.164588954158,730.8,41.68123299519821,,,,,
(ExBW),exploding-blocksworld-ippc08-fixed-p03-n3-N6-s3,LMCut,LRTDP,5,0.1953162,0.0060154061538473,28084.2,3101.662589474232,1472.8,60.64735364383181,,,,,
(ExBW),exploding-blocksworld-ippc08-fixed-p04-n4-N6-s4,LMCut,LRTDP,5,0.2071482,0.018698554605147,21838.8,1056.802192457983,1564.0,101.70303830269772,,,,,
(ExBW),exploding-blocksworld-ippc08-fixed-p05-n5-N7-s5,LMCut,LRTDP,5,0.0246064,0.0074028123107867,411.4,267.6025260269417,135.6,21.493971619968235,,,,,
(ExBW),exploding-blocksworld-ippc08-fixed-p06-n6-N8-s6,LMCut,LRTDP,5,0.4093432,0.0542061770136258,11751.8,2541.203258911809,2098.2,253.5617388802972,,,,,
(ExBW),exploding-blocksworld-ippc08-fixed-p07-n7-N9-s7,LMCut,LRTDP,5,1.0597152,0.2451913556000201,6420.0,2016.496446929674,3502.0,685.3077707424599,,,,,
(ExBW),exploding-blocksworld-ippc08-fixed-p08-n8-N10-s8,LMCut,LRTDP,5,169.3692766,8.14469458006447,2825716.4,159029.50970621195,240143.8,9564.68252780321,,,,,
(ExBW),exploding-blocksworld-ippc08-fixed-p09-n9-N11-s9,LMCut,LRTDP,5,71.6331786,4.515728235573664,1739790.2,58774.963785672415,70933.6,3628.263284351895,,,,,
(ExBW),exploding-blocksworld-ippc08-fixed-p10-n10-N12-s10,LMCut,LRTDP,5,741.2700004000001,17.358431558853454,9799450.0,123463.70223378594,530061.4,12248.40225433244,,,,,
(ExBW),exploding-blocksworld-ippc08-fixed-p11-n11-N13-s11,LMCut,LRTDP,0,,,,,,,,,,,
(Rand),random-ippc04-p03-problem,LMCut,LRTDP,5,2.0103498,0.0294100609538039,167625.6,14439.468769805071,1389.0,0.0,,,,,
(Rand),random-ippc04-p04-problem,LMCut,LRTDP,0,,,,,,,,,,,
(Rand),random-ippc04-p05-problem,LMCut,LRTDP,0,,,,,,,,,,,
(Rand),random-ippc04-p06-problem,LMCut,LRTDP,5,5.4666316,0.460565887748206,2260.8,105.44435681438812,609.6,52.31988623840842,,,,,
(Rand),random-ippc04-p07-problem,LMCut,LRTDP,5,0.5009560000000001,0.4928034973172729,1492.2,1499.5427529430428,747.8,722.3881465694187,,,,,
(Rand),random-ippc04-p08-problem,LMCut,LRTDP,0,,,,,,,,,,,
(Rand),random-ippc04-p09-problem,LMCut,LRTDP,0,,,,,,,,,,,
(Rand),random-ippc04-p10-problem,LMCut,LRTDP,0,,,,,,,,,,,
(Rand),random-ippc04-p13-problem,LMCut,LRTDP,5,90.3900876,55.93422875833403,133631.8,92586.90108162852,28677.8,19519.30097157129,,,,,
(RectTW),rectangle-tireworld-ippc08-unit-cost-p01-x5-y5-h2-v2-u0-s1,LMCut,LRTDP,5,0.0322834,0.0076263899867824,970.2,38.46496878979625,49.0,0.0,,,,,
(RectTW),rectangle-tireworld-ippc08-unit-cost-p02-x5-y5-h2-v3-u15-s2,LMCut,LRTDP,5,0.0249718,0.0063240884303671,518.8,51.40807625266676,32.2,3.528,,,,,unsolveable
(RectTW),rectangle-tireworld-ippc08-unit-cost-p03-x7-y7-h4-v3-u0-s3,LMCut,LRTDP,5,0.1828076,0.0162411857000877,2621.2,99.30915961783184,97.0,0.0,,,,,
(RectTW),rectangle-tireworld-ippc08-unit-cost-p04-x7-y7-h3-v4-u20-s4,LMCut,LRTDP,5,0.0274851999999999,0.0113449500008375,3.0,0.0,5.0,0.0,,,,,unsolveable
(RectTW),rectangle-tireworld-ippc08-unit-cost-p05-x9-y9-h3-v5-u30-s5,LMCut,LRTDP,5,0.0753897999999999,0.005146333500789,3.0,0.0,5.0,0.0,,,,,unsolveable
(RectTW),rectangle-tireworld-ippc08-unit-cost-p06-x11-y11-h4-v3-u40-s6,LMCut,LRTDP,5,7.1929654,2.8919505067279303,12110.2,264.4122089163056,240.0,0.0,,,,,
(RectTW),rectangle-tireworld-ippc08-unit-cost-p07-x11-y11-h3-v5-u80-s7,LMCut,LRTDP,5,0.1843964,0.0359718454017596,3.0,0.0,5.0,0.0,,,,,unsolveable
(RectTW),rectangle-tireworld-ippc08-unit-cost-p08-x11-y11-h6-v7-u80-s8,LMCut,LRTDP,5,0.1674128,0.0093101846384217,3.0,0.0,5.0,0.0,,,,,unsolveable
(RectTW),rectangle-tireworld-ippc08-unit-cost-p09-x15-y15-h4-v4-u60-s9,LMCut,LRTDP,5,162.1682494,31.90189777503505,83810.2,298.2585523736076,449.6,0.4800999895855029,,,,,
(RectTW),rectangle-tireworld-ippc08-unit-cost-p10-x15-y15-h10-v10-u150-s10,LMCut,LRTDP,5,425.5599466000001,189.59338319832275,306336.4,372.6122384678206,165.6,94.09959795875857,,,,,unsolveable
(RectTW),rectangle-tireworld-ippc08-unit-cost-p11-x20-y20-h5-v5-u80-s11,LMCut,LRTDP,4,868.9193084999999,43.50406159421952,86732.75,409.621536665249,794.0,0.0,,,,,
(RectTW),rectangle-tireworld-ippc08-unit-cost-p12-x20-y20-h15-v15-u300-s12,LMCut,LRTDP,0,,,,,,,,,,,unsolveable
(RectTW),rectangle-tireworld-ippc08-unit-cost-p14-x30-y30-h25-v20-u700-s14,LMCut,LRTDP,5,13.7297244,0.3139045410809323,3.0,0.0,5.0,0.0,,,,,unsolveable
(Sched),schedule-ippc04-p01,LMCut,LRTDP,5,0.024704,0.0065969591369599,6968.8,173.22164640713927,40.0,0.0,,,,,
(Sched),schedule-ippc04-p02,LMCut,LRTDP,5,0.0240172,0.0074930784465601,10927.0,271.9304875882805,40.0,0.0,,,,,
(Sched),schedule-ippc04-p03,LMCut,LRTDP,5,0.0685894,0.0057669888928153,33223.2,565.5007271295059,55.0,0.0,,,,,
(Sched),schedule-ippc04-p04,LMCut,LRTDP,5,31.669046,0.2312213119660323,8394628.4,37718.9007995951,92405.2,629.4595461377958,,,,,
(Sched),schedule-ippc04-p05,LMCut,LRTDP,0,,,,,,,,,,,
(Sched),schedule-ippc08-p01,LMCut,LRTDP,5,0.0301082,0.006470511917447,11067.6,216.23126493641016,55.0,0.0,,,,,
(Sched),schedule-ippc08-p02,LMCut,LRTDP,5,0.04026,0.006053457445685,17387.6,331.51104177085864,55.0,0.0,,,,,
(Sched),schedule-ippc08-p03,LMCut,LRTDP,5,0.1134742,0.0057544110754571,48039.4,1216.266720195862,72.0,0.0,,,,,
(Sched),schedule-ippc08-p04,LMCut,LRTDP,5,1494.9092434,34.750384210289255,236185911.0,2145731.56948677,2219101.8,10975.879763841438,,,,,
(S&R),search-and-rescue-ippc08-strips-p01-z4,LMCut,LRTDP,5,0.1494656,0.0096512086246032,208778.0,1763.3658260043487,1089.2,1.7963696724226892,,,,,
(S&R),search-and-rescue-ippc08-strips-p02-z5,LMCut,LRTDP,5,0.6727388000000001,0.0074308758689823,970065.0,11492.292420198854,3911.0,3.9686975193380514,,,,,
(S&R),search-and-rescue-ippc08-strips-p03-z6,LMCut,LRTDP,5,2.9988502,0.095752167962255,4251745.6,43262.68158973893,13649.2,23.783128137400254,,,,,
(S&R),search-and-rescue-ippc08-strips-p04-z8,LMCut,LRTDP,5,60.7828032,0.9442566939071388,76491432.0,673967.1916260214,155811.8,64.18932671402621,,,,,
(S&R),search-and-rescue-ippc08-strips-p05-z10,LMCut,LRTDP,5,1250.2685981999998,10.175517657702816,1328128503.0,3188773.9806145607,1689002.2,372.89658049384144,,,,,
(Sys),sysadmin-ippc08-unit-cost-p01,LMCut,LRTDP,5,0.13512,0.0051691667892611,104771.0,4015.347818339029,443.6,0.4800999895855029,,,,,
(Sys),sysadmin-ippc08-unit-cost-p02,LMCut,LRTDP,5,0.9782306,0.0212376368535808,740534.6,9784.897315259675,1604.2,4.176226047521853,,,,,
(Sys),sysadmin-ippc08-unit-cost-p03,LMCut,LRTDP,5,4.590530599999999,0.0438064868516479,3140790.4,58686.653185307616,4701.2,3.417376771735888,,,,,
(Sys),sysadmin-ippc08-unit-cost-p04,LMCut,LRTDP,5,101.0812596,4.1812278601865005,58318041.4,1383282.051640574,33010.4,8.69056131673898,,,,,
(TriTW),triangle-tireworld-ippc08-p01,LMCut,LRTDP,5,0.0110809999999999,0.0028325615257148,139.6,27.95732347704265,44.2,1.5679999999999998,,,,,
(TriTW),triangle-tireworld-ippc08-p02,LMCut,LRTDP,5,0.0327468,0.0041951379300404,5198.4,262.2994120008659,993.4,82.30973269304182,,,,,
(TriTW),triangle-tireworld-ippc08-p03,LMCut,LRTDP,5,1.0054390000000002,0.0378881472250898,129227.6,2076.7647611648267,19431.8,1231.8088393513012,,,,,
(TriTW),triangle-tireworld-ippc08-p04,LMCut,LRTDP,5,30.107041400000004,0.4121568123782557,3040887.0,34884.24838031056,326030.2,14013.767750411163,,,,,
(TriTW),triangle-tireworld-ippc08-p05,LMCut,LRTDP,5,909.5615618,32.580902634590295,67492785.2,599554.1400592827,5019282.6,411185.6413118136,,,,,
(Zeno),zenotravel-ippc04-unit-cost_NO_FORALLS-p01-problem,LMCut,LRTDP,5,0.01915,0.0054359583949401,0.0,0.0,0.0,0.0,,,,,trivial (s0 in G)
(Zeno),zenotravel-ippc04-unit-cost_NO_FORALLS-p02-problem,LMCut,LRTDP,0,,,,,,,,,,,
(Zeno),zenotravel-ippc04-unit-cost_NO_FORALLS-p03-problem,LMCut,LRTDP,0,,,,,,,,,,,
(Zeno),zenotravel-ippc04-unit-cost_NO_FORALLS-p04-problem,LMCut,LRTDP,0,,,,,,,,,,,
(Zeno),zenotravel-ippc04-unit-cost_NO_FORALLS-p05-problem,LMCut,LRTDP,0,,,,,,,,,,,
(Zeno),zenotravel-ippc08-unit-cost_NO_FORALLS-p01-c4-p2-a2-s3846-problem,LMCut,LRTDP,5,309.3461758,1.0089706292423424,9665187.0,163809.97917877164,283698.2,1326.365959961277,,,,,
(Zeno),zenotravel-ippc08-unit-cost_NO_FORALLS-p02-c5-p2-a2-s17462-problem,LMCut,LRTDP,5,220.0170702,4.974302603213746,2778737.6,51343.97236684298,157214.4,1959.5276418810731,,,,,
(Zeno),zenotravel-ippc08-unit-cost_NO_FORALLS-p04-c6-p2-a2-s12861-problem,LMCut,LRTDP,0,,,,,,,,,,,
(Coresec),coresec-icaps16-bigger-p01-problem,LMCut,LRTDP,5,0.8289548,0.0478719216885395,1094439.8,16385.47338960654,9320.0,10.9654949728683,,,,,
(Coresec),coresec-icaps16-bigger-p02-problem,LMCut,LRTDP,5,3.1232324,0.0710896592410531,4102219.6,22018.50274025225,26751.6,40.584780595686354,,,,,
(Coresec),coresec-icaps16-bigger-p03-problem,LMCut,LRTDP,5,11.2475558,0.1226161180314727,14446487.4,50080.08032840618,64794.8,29.720994330607446,,,,,
(Coresec),coresec-icaps16-bigger-p04-problem,LMCut,LRTDP,5,38.9771268,0.396719979359849,46929550.6,152609.2036470328,175133.6,89.376,,,,,
(Coresec),coresec-icaps16-bigger-p05-problem,LMCut,LRTDP,0,,,,,,,,,,,
(Coresec),coresec-icaps16-bigger-p06-problem,LMCut,LRTDP,0,,,,,,,,,,,
(Coresec),coresec-icaps16-bigger-p07-problem,LMCut,LRTDP,0,,,,,,,,,,,
(PARC-N),no-repair-parc_NOREPAIR_s4_c1_fN.N_uN-facts,LMCut,LRTDP,5,19.1556458,0.4141706811878443,925314.0,16066.886705873045,68281.8,2580.977416294842,,,,,
(PARC-N),no-repair-parc_NOREPAIR_s4_c2_fN.N_uN-facts,LMCut,LRTDP,5,33.7645988,0.8207277647486214,1500955.8,16227.972463587184,115993.6,3803.872523533878,,,,,
(PARC-N),no-repair-parc_NOREPAIR_s4_c3_fN.N_uN-facts,LMCut,LRTDP,5,53.2376536,1.3843838054758275,2116428.8,17685.487150937737,177340.0,6275.177488243658,,,,,
(PARC-N),no-repair-parc_NOREPAIR_s5_c1_fN.N_uN-facts,LMCut,LRTDP,5,263.630988,13.734876398554666,11608823.0,190653.9426090486,722048.0,45865.676929428606,,,,,
(PARC-N),no-repair-parc_NOREPAIR_s5_c2_fN.N_uN-facts,LMCut,LRTDP,5,469.93369,33.93376297571433,18931730.0,320771.4511275328,1221983.8,86568.84935052275,,,,,
(PARC-N),no-repair-parc_NOREPAIR_s5_c3_fN.N_uN-facts,LMCut,LRTDP,5,749.7924808,53.83788856079704,26521284.0,406501.5941009131,1866661.2,122974.09404842331,,,,,
(PARC-R),with-repair-parc_REPAIR_s4_c1_fN.N_uN-facts,LMCut,LRTDP,5,385.5198538,18.14092846471709,118983473.0,1926022.038484606,190194.2,2230.656134697592,,,,,
(PARC-R),with-repair-parc_REPAIR_s4_c2_fN.N_uN-facts,LMCut,LRTDP,0,,,,,,,,,,,
(PARC-R),with-repair-parc_REPAIR_s4_c3_fN.N_uN-facts,LMCut,LRTDP,0,,,,,,,,,,,
(PARC-R),with-repair-parc_REPAIR_s5_c1_fN.N_uN-facts,LMCut,LRTDP,0,,,,,,,,,,,
(PARC-R),with-repair-parc_REPAIR_s5_c2_fN.N_uN-facts,LMCut,LRTDP,0,,,,,,,,,,,
(PARC-R),with-repair-parc_REPAIR_s5_c3_fN.N_uN-facts,LMCut,LRTDP,0,,,,,,,,,,,
(TriTW),intermediate-triangle-tireworld-tire6-start10,PDB,LRTDP,0,,,,,,,,,,,
(TriTW),intermediate-triangle-tireworld-tire6-start8,PDB,LRTDP,5,289.6177166,17.694618735367506,55267504.6,271218.6207460485,3242777.4,39304.27623311967,,,,,
(TriTW),intermediate-triangle-tireworld-tire6-start9,PDB,LRTDP,5,873.6269070000001,57.64173535391341,125517855.4,888111.1967051651,6486035.8,71571.14412754167,,,,,
(BW),blocksworld-ippc04-p01,PDB,LRTDP,5,0.520166,0.0117005672016496,7442.8,595.9290959703176,1185.6,112.46472485183963,,,,,
(BW),blocksworld-ippc04-p02,PDB,LRTDP,5,0.5185118,0.0143570605712306,6762.2,1391.2396169977333,1125.0,216.95615298949232,,,,,
(BW),blocksworld-ippc04-p03,PDB,LRTDP,5,0.5080722,0.0135034089034282,2388.2,1155.546154605691,467.4,215.39820374367096,,,,,
(BW),blocksworld-ippc04-p04,PDB,LRTDP,5,0.5331058,0.0048655368771045,11552.0,1296.1409015381005,1777.4,171.11664353884458,,,,,
(BW),blocksworld-ippc04-p05,PDB,LRTDP,5,0.5044234000000001,0.0070772825386765,4758.0,656.9313611634019,907.0,130.92007760462104,,,,,
(BW),blocksworld-ippc04-p06,PDB,LRTDP,5,454.6018878,39.09258957572835,12137341.6,1168213.5954786986,2725718.0,238129.15689844385,,,,,
(BW),blocksworld-ippc04-p07,PDB,LRTDP,0,,,,,,,,,,,
(BW),blocksworld-ippc04-p08,PDB,LRTDP,5,93.1592336,11.17053603466146,2015350.4,168128.91521176748,516749.8,47489.34964013957,,,,,
(BW),blocksworld-ippc04-p09,PDB,LRTDP,5,104.4239828,17.35399949007587,2249424.6,341750.462645818,623185.8,89604.16605344857,,,,,
(BW),blocksworld-ippc04-p10,PDB,LRTDP,5,1334.6102152,122.6218130506229,36469344.0,3151137.7377778958,7227495.8,582694.2596708334,,,,,
(BW),blocksworld-ippc08-p01-c0-C0-g1-n5,PDB,LRTDP,5,0.2005278,0.0150398687739456,4857.4,435.3034244018762,600.2,38.77333805593735,,,,,
(BW),blocksworld-ippc08-p02-c1-C1-g20-n5,PDB,LRTDP,5,0.2057932,0.0178575847328552,4991.2,463.10880663619423,605.8,36.19053887413118,,,,,
(BW),blocksworld-ippc08-p03-c1-C2-g40-n5,PDB,LRTDP,5,0.2188954,0.0436795675995495,4654.4,498.5511880800205,573.6,47.852106494907815,,,,,
(BW),blocksworld-ippc08-p04-c2-C1-g0-n5,PDB,LRTDP,5,0.200214,0.0199230754356248,4654.0,575.0611274638549,578.4,56.1826401658021,,,,,
(BW),blocksworld-ippc08-p05-c0-C0-g1-n10,PDB,LRTDP,5,1623.9343634000002,66.60078629269141,40338900.0,1030155.4264628896,6155217.2,156468.15754687542,,,,,
(BW),blocksworld-ippc08-p06-c1-C1-g20-n10,PDB,LRTDP,5,1620.2036012,52.72037309876908,40341943.2,1029824.9704479532,6157743.0,156089.90576900326,,,,,
(BW),blocksworld-ippc08-p07-c1-C2-g0-n10,PDB,LRTDP,5,1618.4716998,70.28610235208475,40338900.0,1030155.4264628896,6155217.2,156468.15754687542,,,,,
(BW),blocksworld-ippc08-p08-c3-C2-g0-n10,PDB,LRTDP,4,1622.28339075,73.82717694051499,40464625.0,1303827.8120472652,6179767.75,196683.1841300632,,,,,
(BW),blocksworld-ippc08-p09-c0-C0-g1-n14,PDB,LRTDP,0,,,,,,,,,,,
(BW),blocksworld-ippc08-p10-c1-C1-g20-n14,PDB,LRTDP,0,,,,,,,,,,,
(BW),blocksworld-ippc08-p11-c1-C2-g0-n14,PDB,LRTDP,0,,,,,,,,,,,
(BW),blocksworld-ippc08-p12-c3-C2-g0-n14,PDB,LRTDP,0,,,,,,,,,,,
(Elev),elevators-ippc04-p01,PDB,LRTDP,5,0.0759604,0.0141368789114972,17481.2,1099.977669693344,834.6,10.08209978129556,,,,,
(Elev),elevators-ippc04-p02,PDB,LRTDP,5,0.0681502,0.0124537132409664,1376.2,151.48581208812922,162.0,0.0,,,,,
(Elev),elevators-ippc04-p03,PDB,LRTDP,5,0.0810378,0.0075980904657357,18006.0,674.6962293654826,852.8,7.104831032473609,,,,,
(Elev),elevators-ippc04-p04,PDB,LRTDP,5,0.0839845999999999,0.0095128038691658,9956.4,763.1356589860022,665.4,58.88030516225269,,,,,
(Elev),elevators-ippc04-p05,PDB,LRTDP,5,0.0738368,0.0164875976402356,9674.0,976.5030007122352,791.8,20.92156552459686,,,,,
(Elev),elevators-ippc04-p06,PDB,LRTDP,5,0.6419448,0.0219058779889248,260746.4,14229.522039841531,14000.2,379.1363529708012,,,,,
(Elev),elevators-ippc04-p07,PDB,LRTDP,5,0.882831,0.0161885850393714,397751.4,11863.366959797542,14440.4,32.43548328605572,,,,,
(Elev),elevators-ippc04-p08,PDB,LRTDP,5,2.1412658,0.0569794018876638,1059274.2,21911.746302859206,14757.4,4.185414674796275,,,,,
(Elev),elevators-ippc04-p09,PDB,LRTDP,5,1.5862892,0.0502982471943066,784610.8,17339.409764046293,14760.0,0.0,,,,,
(Elev),elevators-ippc04-p10,PDB,LRTDP,5,3.73612,0.084062363709448,2009602.4,26922.91043618754,14778.0,0.0,,,,,
(Elev),elevators-ippc04-p11,PDB,LRTDP,5,351.6425652,3.670812070373967,107973840.6,894901.6949566699,538012.0,152.94908695379647,,,,,
(Elev),elevators-ippc04-p12,PDB,LRTDP,5,186.0211324,5.017115028206812,37656545.4,468368.5374019224,537886.8,8.185200302985871,,,,,
(Elev),elevators-ippc04-p13,PDB,LRTDP,5,1104.8330238,26.58511528061756,334594477.6,927488.6720932352,538295.0,4.84084290180956,,,,,
(Elev),elevators-ippc04-p14,PDB,LRTDP,5,233.0115702,2.577793671647602,40572496.4,755667.5956900897,538042.0,30.98412238550577,,,,,
(Elev),elevators-ippc04-p15,PDB,LRTDP,5,418.6847534,7.295001328502677,105228370.4,470195.675960979,537913.4,96.738658746129,,,,,
(ExBW),exploding-blocksworld-ippc04-fixed-p01,PDB,LRTDP,5,0.0800598,0.0133160319596937,494.6,213.36434326287977,131.8,29.363390539922325,,,,,
(ExBW),exploding-blocksworld-ippc04-fixed-p02,PDB,LRTDP,5,0.0777156,0.0224638766024979,32.0,0.0,26.0,0.0,,,,,
(ExBW),exploding-blocksworld-ippc04-fixed-p03,PDB,LRTDP,5,0.084312,0.0157794241739855,977.2,252.4198462561928,122.8,15.709372489058882,,,,,
(ExBW),exploding-blocksworld-ippc04-fixed-p04,PDB,LRTDP,5,0.2940806,0.0249838076819578,100909.8,5118.279406806939,1758.0,109.32689550151872,,,,,
(ExBW),exploding-blocksworld-ippc04-fixed-p05,PDB,LRTDP,5,0.072015,0.0200870490271717,0.0,0.0,0.0,0.0,,,,,trivial (s0 in G)
(ExBW),exploding-blocksworld-ippc04-fixed-p06,PDB,LRTDP,5,1.8464126,0.0500834791798151,186429.2,4214.139540573377,22991.2,2383.0145088404306,,,,,
(ExBW),exploding-blocksworld-ippc04-fixed-p07,PDB,LRTDP,5,5.2586284,0.1750439522141342,997432.6,21983.32710846327,85266.2,1908.7577914612425,,,,,
(ExBW),exploding-blocksworld-ippc04-fixed-p08,PDB,LRTDP,5,2.8897954,0.3988318448716587,351893.2,55748.53804022831,83310.8,6893.582741993019,,,,,
(ExBW),exploding-blocksworld-ippc04-fixed-p09,PDB,LRTDP,5,37.8009684,0.562027770381805,6326936.6,86586.27734548389,336566.8,14543.95354236474,,,,,
(ExBW),exploding-blocksworld-ippc04-fixed-p10,PDB,LRTDP,0,,,,,,,,,,,
(ExBW),exploding-blocksworld-ippc08-fixed-p01-n2-N5-s1,PDB,LRTDP,5,0.2247026,0.0176674710568619,83749.6,3124.242926472908,363.4,16.498962876496208,,,,,
(ExBW),exploding-blocksworld-ippc08-fixed-p02-n3-N5-s2,PDB,LRTDP,5,0.376506,0.0135125007337768,155416.2,3216.888320533369,1261.6,89.65709306017008,,,,,
(ExBW),exploding-blocksworld-ippc08-fixed-p03-n3-N6-s3,PDB,LRTDP,5,1.369869,0.0302741260559178,577144.6,17659.594459355398,4807.8,171.28359146164584,,,,,
(ExBW),exploding-blocksworld-ippc08-fixed-p04-n4-N6-s4,PDB,LRTDP,5,27.8909452,0.6531583468621742,9866049.8,169877.1886723509,33918.2,825.2019922806778,,,,,
(ExBW),exploding-blocksworld-ippc08-fixed-p05-n5-N7-s5,PDB,LRTDP,5,0.1881394,0.0373225942085715,13388.0,2548.755618728481,1844.4,338.679039233313,,,,,
(ExBW),exploding-blocksworld-ippc08-fixed-p06-n6-N8-s6,PDB,LRTDP,5,63.8545402,2.797696883877032,12787570.4,240908.1835909306,13110.2,183.89291988545943,,,,,
(ExBW),exploding-blocksworld-ippc08-fixed-p07-n7-N9-s7,PDB,LRTDP,5,0.3828388,0.0424590485290914,28480.2,6017.142648977503,5835.4,595.6044955639607,,,,,
(ExBW),exploding-blocksworld-ippc08-fixed-p08-n8-N10-s8,PDB,LRTDP,5,393.0510594,7.988209844872761,62326273.6,535040.8516535866,1725130.6,11292.163661142004,,,,,
(ExBW),exploding-blocksworld-ippc08-fixed-p09-n9-N11-s9,PDB,LRTDP,5,131.1897524,8.46550813358776,16361678.8,450209.3957350067,674899.6,14349.14045085405,,,,,
(ExBW),exploding-blocksworld-ippc08-fixed-p10-n10-N12-s10,PDB,LRTDP,0,,,,,,,,,,,
(ExBW),exploding-blocksworld-ippc08-fixed-p11-n11-N13-s11,PDB,LRTDP,0,,,,,,,,,,,
(Rand),random-ippc04-p03-problem,PDB,LRTDP,5,15.5623628,4.750191721929042,6827134.6,2231373.033430755,881874.2,249966.9530877271,,,,,
(Rand),random-ippc04-p04-problem,PDB,LRTDP,5,0.3428638,0.0096787987904565,6541.0,4037.430399350557,1136.6,495.50087008601713,,,,,
(Rand),random-ippc04-p05-problem,PDB,LRTDP,5,1.0605556,0.1190487562130639,2192.4,917.6827167251216,1265.2,438.5433315694129,,,,,
(Rand),random-ippc04-p06-problem,PDB,LRTDP,0,,,,,,,,,,,
(Rand),random-ippc04-p07-problem,PDB,LRTDP,5,0.2822295999999999,0.0258326982567647,1844.6,1680.2133123910191,1068.6,1151.8267481943626,,,,,
(Rand),random-ippc04-p08-problem,PDB,LRTDP,0,,,,,,,,,,,
(Rand),random-ippc04-p09-problem,PDB,LRTDP,5,1.8919208,0.6228050376667523,297363.2,186210.14536898863,95789.0,59403.73973185593,,,,,
(Rand),random-ippc04-p10-problem,PDB,LRTDP,0,,,,,,,,,,,
(Rand),random-ippc04-p13-problem,PDB,LRTDP,5,74.418972,63.70219275621633,12814907.6,10307527.874114972,2282144.4,1847546.433126347,,,,,
(RectTW),rectangle-tireworld-ippc08-unit-cost-p01-x5-y5-h2-v2-u0-s1,PDB,LRTDP,5,0.3371292,0.0079235433635352,906.8,60.0585706123614,49.0,0.0,,,,,
(RectTW),rectangle-tireworld-ippc08-unit-cost-p02-x5-y5-h2-v3-u15-s2,PDB,LRTDP,5,0.3868576,0.0122348517601193,525.2,59.68642512330589,32.2,3.528,,,,,unsolveable
(RectTW),rectangle-tireworld-ippc08-unit-cost-p03-x7-y7-h4-v3-u0-s3,PDB,LRTDP,5,0.8569382000000001,0.0098614029766917,1973.2,63.18804114703983,94.2,1.900290504107201,,,,,
(RectTW),rectangle-tireworld-ippc08-unit-cost-p04-x7-y7-h3-v4-u20-s4,PDB,LRTDP,5,0.9412046,0.0208649575423583,3.0,0.0,5.0,0.0,,,,,unsolveable
(RectTW),rectangle-tireworld-ippc08-unit-cost-p05-x9-y9-h3-v5-u30-s5,PDB,LRTDP,5,2.078129,0.0315555493915653,3.0,0.0,5.0,0.0,,,,,unsolveable
(RectTW),rectangle-tireworld-ippc08-unit-cost-p06-x11-y11-h4-v3-u40-s6,PDB,LRTDP,5,6.0546168,0.1095840086394311,8925.2,120.6242664806713,232.2,1.998815649328372,,,,,
(RectTW),rectangle-tireworld-ippc08-unit-cost-p07-x11-y11-h3-v5-u80-s7,PDB,LRTDP,5,4.5076282,0.1459166884815606,3.0,0.0,5.0,0.0,,,,,unsolveable
(RectTW),rectangle-tireworld-ippc08-unit-cost-p08-x11-y11-h6-v7-u80-s8,PDB,LRTDP,5,4.5801482,0.1616963419303221,3.0,0.0,5.0,0.0,,,,,unsolveable
(RectTW),rectangle-tireworld-ippc08-unit-cost-p09-x15-y15-h4-v4-u60-s9,PDB,LRTDP,5,153.5312414,40.43310131893149,75782.2,387.6057465827874,449.0,0.0,,,,,
(RectTW),rectangle-tireworld-ippc08-unit-cost-p10-x15-y15-h10-v10-u150-s10,PDB,LRTDP,5,388.6348962,150.73444032988309,305763.6,75.05955566082174,87.2,76.83200000000001,,,,,unsolveable
(RectTW),rectangle-tireworld-ippc08-unit-cost-p11-x20-y20-h5-v5-u80-s11,PDB,LRTDP,5,488.7412988,40.29490012116731,67113.0,404.95468882333,794.0,0.0,,,,,
(RectTW),rectangle-tireworld-ippc08-unit-cost-p12-x20-y20-h15-v15-u300-s12,PDB,LRTDP,0,,,,,,,,,,,unsolveable
(RectTW),rectangle-tireworld-ippc08-unit-cost-p14-x30-y30-h25-v20-u700-s14,PDB,LRTDP,5,288.6697252,14.913105195915948,3.0,0.0,5.0,0.0,,,,,unsolveable
(Sched),schedule-ippc04-p01,PDB,LRTDP,5,0.0618096,0.0091055375880271,7174.2,179.57643649432404,40.0,0.0,,,,,
(Sched),schedule-ippc04-p02,PDB,LRTDP,5,0.077012,0.0040165491468373,11004.0,216.8472288040592,40.0,0.0,,,,,
(Sched),schedule-ippc04-p03,PDB,LRTDP,5,0.1239086,0.0079687607120465,33358.0,451.4522932935439,55.0,0.0,,,,,
(Sched),schedule-ippc04-p04,PDB,LRTDP,5,413.6784348,53.687730819931126,162494379.6,14251865.948358253,2213439.8,45122.18238966799,,,,,
(Sched),schedule-ippc04-p05,PDB,LRTDP,0,,,,,,,,,,,
(Sched),schedule-ippc08-p01,PDB,LRTDP,5,0.0763626,0.0096999432787257,10960.0,195.59582326828965,55.0,0.0,,,,,
(Sched),schedule-ippc08-p02,PDB,LRTDP,5,0.089796,0.0079639887491934,17288.4,225.73686826923063,55.0,0.0,,,,,
(Sched),schedule-ippc08-p03,PDB,LRTDP,5,0.1812414,0.0116998512584158,48205.8,1071.7932357614504,72.0,0.0,,,,,
(Sched),schedule-ippc08-p04,PDB,LRTDP,0,,,,,,,,,,,
(S&R),search-and-rescue-ippc08-strips-p01-z4,PDB,LRTDP,5,0.1965549999999999,0.0400718828420806,220711.2,2680.0962454180635,1088.0,4.2491787441810445,,,,,
(S&R),search-and-rescue-ippc08-strips-p02-z5,PDB,LRTDP,5,0.6412357999999999,0.0061268077438535,996732.6,16017.549500947263,3911.4,5.31734670677021,,,,,
(S&R),search-and-rescue-ippc08-strips-p03-z6,PDB,LRTDP,5,2.706293,0.035611458809719,4400760.4,44820.783091648176,13627.8,26.625718093602657,,,,,
(S&R),search-and-rescue-ippc08-strips-p04-z8,PDB,LRTDP,5,52.8794094,0.8561446931713,77293122.2,479658.8038332528,155661.6,56.13817752652823,,,,,
(S&R),search-and-rescue-ippc08-strips-p05-z10,PDB,LRTDP,5,1150.7680666,21.38149417257504,1350761397.2,5240651.272257037,1688722.6,137.58390289565128,,,,,
(Sys),sysadmin-ippc08-unit-cost-p01,PDB,LRTDP,5,0.198532,0.0057035309954588,116423.2,6184.629897148575,502.0,0.0,,,,,
(Sys),sysadmin-ippc08-unit-cost-p02,PDB,LRTDP,5,1.0929954,0.0320358557036745,797930.0,16293.039766216736,1608.8,1.4402999687565088,,,,,
(Sys),sysadmin-ippc08-unit-cost-p03,PDB,LRTDP,5,4.8517186,0.0931700826911958,3297516.0,56323.9320276232,4712.0,4.958451371144019,,,,,
(Sys),sysadmin-ippc08-unit-cost-p04,PDB,LRTDP,5,127.7302806,8.852001157829111,60470277.6,637019.1833244038,33044.4,8.024039880259819,,,,,
(TriTW),triangle-tireworld-ippc08-p01,PDB,LRTDP,5,0.041773,0.0064575137850909,177.0,22.612318766548466,44.6,1.9203999583420115,,,,,
(TriTW),triangle-tireworld-ippc08-p02,PDB,LRTDP,5,0.054229,0.0081187139778859,5572.4,556.4462437432747,616.0,33.766653372817395,,,,,
(TriTW),triangle-tireworld-ippc08-p03,PDB,LRTDP,5,0.2611933999999999,0.0247465784568084,96474.4,2571.620955945102,9031.8,248.38807101791335,,,,,
(TriTW),triangle-tireworld-ippc08-p04,PDB,LRTDP,5,5.125126,0.139330416915713,1800766.0,11610.084758477864,115584.2,1316.511501105858,,,,,
(TriTW),triangle-tireworld-ippc08-p05,PDB,LRTDP,5,195.3648874,17.9169346726743,40251867.0,262227.0788191099,1647353.6,19509.940772172937,,,,,
(Zeno),zenotravel-ippc04-unit-cost_NO_FORALLS-p01-problem,PDB,LRTDP,5,0.1674358,0.0140770079576785,0.0,0.0,0.0,0.0,,,,,trivial (s0 in G)
(Zeno),zenotravel-ippc04-unit-cost_NO_FORALLS-p02-problem,PDB,LRTDP,5,557.5300476,18.36323937788019,88819957.0,2565771.796511683,1109043.6,54512.429285268285,,,,,
(Zeno),zenotravel-ippc04-unit-cost_NO_FORALLS-p03-problem,PDB,LRTDP,0,,,,,,,,,,,
(Zeno),zenotravel-ippc04-unit-cost_NO_FORALLS-p04-problem,PDB,LRTDP,5,587.5766392,19.05713075707976,76756067.8,1711926.6496765676,1045173.0,33525.439984854485,,,,,
(Zeno),zenotravel-ippc04-unit-cost_NO_FORALLS-p05-problem,PDB,LRTDP,0,,,,,,,,,,,
(Zeno),zenotravel-ippc08-unit-cost_NO_FORALLS-p01-c4-p2-a2-s3846-problem,PDB,LRTDP,5,25.1883748,1.02386057558953,6787368.6,158856.60452054313,145598.8,1075.592820013224,,,,,
(Zeno),zenotravel-ippc08-unit-cost_NO_FORALLS-p02-c5-p2-a2-s17462-problem,PDB,LRTDP,5,41.4011126,0.9280651672597834,7910008.0,170821.61689057644,204084.2,2406.2743189054736,,,,,
(Zeno),zenotravel-ippc08-unit-cost_NO_FORALLS-p04-c6-p2-a2-s12861-problem,PDB,LRTDP,5,221.5383122,3.922593605410666,39821477.4,269717.1568350011,644071.2,2258.179821162167,,,,,
(Coresec),coresec-icaps16-bigger-p01-problem,PDB,LRTDP,5,0.0943427999999999,0.013664543758533,30425.0,2526.4511000531948,1150.0,23.372537731277703,,,,,
(Coresec),coresec-icaps16-bigger-p02-problem,PDB,LRTDP,5,0.0979346,0.0099629435650361,31704.4,1395.979588366535,1531.2,42.362306641636025,,,,,
(Coresec),coresec-icaps16-bigger-p03-problem,PDB,LRTDP,5,1.000306,0.0437414206039081,1122799.6,40753.13016330128,11322.4,42.77382863387377,,,,,
(Coresec),coresec-icaps16-bigger-p04-problem,PDB,LRTDP,5,1.0760316,0.0369151612612023,1161421.2,35666.7443326792,15253.2,174.34902346729675,,,,,
(Coresec),coresec-icaps16-bigger-p05-problem,PDB,LRTDP,5,3.752897,0.1213354271848568,4271730.6,164416.06310258937,49979.0,1012.216567499268,,,,,
(Coresec),coresec-icaps16-bigger-p06-problem,PDB,LRTDP,5,130.53837700000005,2.250459486110919,150177292.8,1704346.9546844212,433991.6,1562.3731072237513,,,,,
(Coresec),coresec-icaps16-bigger-p07-problem,PDB,LRTDP,0,,,,,,,,,,,
(PARC-N),no-repair-parc_NOREPAIR_s4_c1_fN.N_uN-facts,PDB,LRTDP,0,,,,,,,,,,,
(PARC-N),no-repair-parc_NOREPAIR_s4_c2_fN.N_uN-facts,PDB,LRTDP,0,,,,,,,,,,,
(PARC-N),no-repair-parc_NOREPAIR_s4_c3_fN.N_uN-facts,PDB,LRTDP,0,,,,,,,,,,,
(PARC-N),no-repair-parc_NOREPAIR_s5_c1_fN.N_uN-facts,PDB,LRTDP,0,,,,,,,,,,,
(PARC-N),no-repair-parc_NOREPAIR_s5_c2_fN.N_uN-facts,PDB,LRTDP,0,,,,,,,,,,,
(PARC-N),no-repair-parc_NOREPAIR_s5_c3_fN.N_uN-facts,PDB,LRTDP,0,,,,,,,,,,,
(PARC-R),with-repair-parc_REPAIR_s4_c1_fN.N_uN-facts,PDB,LRTDP,0,,,,,,,,,,,
(PARC-R),with-repair-parc_REPAIR_s4_c2_fN.N_uN-facts,PDB,LRTDP,0,,,,,,,,,,,
(PARC-R),with-repair-parc_REPAIR_s4_c3_fN.N_uN-facts,PDB,LRTDP,0,,,,,,,,,,,
(PARC-R),with-repair-parc_REPAIR_s5_c1_fN.N_uN-facts,PDB,LRTDP,0,,,,,,,,,,,
(PARC-R),with-repair-parc_REPAIR_s5_c2_fN.N_uN-facts,PDB,LRTDP,0,,,,,,,,,,,
(PARC-R),with-repair-parc_REPAIR_s5_c3_fN.N_uN-facts,PDB,LRTDP,0,,,,,,,,,,,
